alert_id,transaction_id,alert_type,alert_date,resolved,resolution_date,remarks,transaction_id_validation_status
alert134117,txn10034117,frequent_failure,2025-08-03 13:29:59,FALSE,,Strategy forward the risk necessary company ready.,VALID
alert183925,txn10083925,frequent_failure,2024-10-09 9:41:15,TRUE,2024-10-11 02:41:15,Art do federal short.,VALID
alert163439,txn10063439,unusual_time,2025-02-23 1:23:56,TRUE,2025-02-24 10:23:56,Age board fine participant join.,VALID
alert164967,txn10064967,frequent_failure,2025-07-08 21:50:17,TRUE,2025-07-09 19:50:17,Among doctor much physical interest catch.,VALID
alert159661,txn10059661,frequent_failure,2025-08-02 22:59:36,TRUE,2025-08-05 07:59:36,Would catch themselves be represent why decade.,VALID
alert180006,txn10080006,unusual_amount,2025-03-05 13:01:59,TRUE,2025-03-06 20:01:59,Democrat class ago such story cold environmental tax.,VALID
alert130778,txn10030778,unusual_amount,2025-08-03 22:53:06,TRUE,2025-08-06 08:06:42,Anyone onto style science then Republican black myself.,VALID
alert122322,txn10022322,unusual_amount,2021-12-18 21:00:55,TRUE,2021-12-19 18:00:55,Write anyone capital national.,VALID
alert155954,txn10055954,unusual_amount,2025-06-08 2:15:11,FALSE,,Realize mention grow several season husband their.,VALID
alert140444,txn10040444,suspicious_login,2025-07-09 3:05:02,FALSE,,Everybody team effect purpose series imagine name.,VALID
alert173510,txn10073510,suspicious_login,2025-07-19 11:07:30,TRUE,2025-07-19 23:07:30,Price front summer score artist defense.,VALID
alert172416,txn10072416,unusual_time,2023-11-20 4:16:20,TRUE,2023-11-22 17:16:20,Score may reality compare almost impact college address.,VALID
alert182690,txn10082690,unusual_time,2024-05-17 21:04:18,TRUE,2024-05-18 03:04:18,Attention final model ability simple response stock.,VALID
alert156982,txn10056982,frequent_failure,2024-06-09 21:28:13,TRUE,2024-06-11 13:28:13,Break report fear for officer.,VALID
alert121922,txn10021922,unusual_time,2025-07-15 9:36:47,TRUE,2025-07-15 12:36:47,Century class enjoy.,VALID
alert190191,txn10090191,suspicious_login,2025-06-18 7:10:07,TRUE,2025-06-19 07:10:07,Represent happen child allow nice member along.,VALID
alert132693,txn10032693,suspicious_login,2025-08-05 16:21:06,TRUE,2025-08-05 18:21:06,Believe western head democratic mission she daughter.,VALID
alert162262,txn10062262,unusual_time,2025-07-30 5:00:02,TRUE,2025-08-02 04:00:02,Pay true for contain.,VALID
alert143058,txn10043058,suspicious_login,2025-08-05 5:08:29,FALSE,,Official billion sign prepare them while stop.,VALID
alert172962,txn10072962,frequent_failure,2024-05-23 5:49:33,FALSE,,I computer mention lay area under its.,VALID
alert111288,txn10011288,frequent_failure,2025-07-19 20:21:44,FALSE,,Including have accept until.,VALID
alert190757,txn10090757,frequent_failure,2024-05-02 6:13:55,TRUE,2024-05-02 11:13:55,Specific case his increase lose.,VALID
alert195992,txn10095992,suspicious_login,2025-07-29 21:44:16,TRUE,2025-08-01 13:44:16,Source detail never figure interesting information.,VALID
alert144016,txn10044016,unusual_time,2024-04-15 18:47:06,FALSE,,Benefit respond head.,VALID
alert131558,txn10031558,unusual_time,2025-03-06 16:16:56,TRUE,2025-03-08 23:16:56,Sometimes maybe just return.,VALID
alert118287,txn10018287,unusual_time,2025-07-13 14:10:46,TRUE,2025-07-16 04:10:46,Us argue left east partner money.,VALID
alert197713,txn10097713,suspicious_login,2025-05-25 0:29:57,TRUE,2025-05-26 04:29:57,Several ok scientist meeting.,VALID
alert117919,txn10017919,suspicious_login,2025-08-03 15:58:56,TRUE,2025-08-03 18:58:56,Society level house him nice money catch whose.,VALID
alert128056,txn10028056,unusual_time,2024-06-19 21:18:44,TRUE,2024-06-20 03:18:44,Return hundred official up education participant always speak.,VALID
alert113524,txn10013524,suspicious_login,2025-06-07 20:55:47,TRUE,2025-06-09 17:55:47,Type sound special.,VALID
alert198754,txn10098754,suspicious_login,2023-07-06 15:18:11,FALSE,,Benefit student country how feel simply lot.,VALID
alert143678,txn10043678,frequent_failure,2025-06-18 0:50:06,TRUE,2025-06-19 07:50:06,Pick own ten sign bag.,VALID
alert182558,txn10082558,suspicious_login,2024-09-16 22:34:42,TRUE,2024-09-19 13:34:42,Least parent upon fire soldier sense.,VALID
alert136474,txn10036474,unusual_amount,2024-10-17 8:52:07,TRUE,2024-10-20 02:52:07,Product boy hospital with.,VALID
alert128807,txn10028807,unusual_time,2025-08-06 7:18:11,TRUE,2025-08-06 08:06:42,Keep door set across watch.,VALID
alert136007,txn10036007,frequent_failure,2025-08-02 4:28:57,TRUE,2025-08-04 16:28:57,Other half place small although they.,VALID
alert129118,txn10029118,suspicious_login,2023-12-14 12:35:41,TRUE,2023-12-16 17:35:41,Make experience history international knowledge simply whole.,VALID
alert103019,txn10003019,suspicious_login,2025-03-16 0:37:56,FALSE,,Anything wide bar tonight allow operation certainly.,VALID
alert143397,txn10043397,unusual_amount,2025-05-05 12:07:46,FALSE,,Time open half enter and customer rule.,VALID
alert185636,txn10085636,frequent_failure,2024-01-12 9:59:34,TRUE,2024-01-13 19:59:34,Make well take music imagine.,VALID
alert109063,txn10009063,frequent_failure,2024-01-27 0:21:26,TRUE,2024-01-29 01:21:26,Morning project soon would she happen respond.,VALID
alert113940,txn10013940,suspicious_login,2024-03-25 18:05:21,TRUE,2024-03-28 01:05:21,Thus number state.,VALID
alert156319,txn10056319,suspicious_login,2024-11-04 20:28:10,TRUE,2024-11-06 04:28:10,Lead stuff understand month.,VALID
alert151548,txn10051548,unusual_amount,2024-09-17 21:38:20,TRUE,2024-09-19 11:38:20,Goal art kid near doctor step.,VALID
alert153063,txn10053063,unusual_amount,2025-07-09 10:12:53,TRUE,2025-07-09 13:12:53,Another million heart young market course.,VALID
alert179535,txn10079535,frequent_failure,2023-12-31 20:43:29,TRUE,2024-01-01 10:43:29,Thing think thus soldier.,VALID
alert134119,txn10034119,unusual_time,2025-03-13 8:21:20,TRUE,2025-03-14 21:21:20,Week bring wear difficult cut much.,VALID
alert183960,txn10083960,suspicious_login,2025-06-22 18:48:39,TRUE,2025-06-23 09:48:39,Theory factor local again practice focus.,VALID
alert194161,txn10094161,suspicious_login,2021-12-16 19:01:12,TRUE,2021-12-19 00:01:12,Spring clear common peace.,VALID
alert190981,txn10090981,unusual_time,2025-01-10 9:50:54,TRUE,2025-01-10 23:50:54,Simply else current hope.,VALID
alert187499,txn10087499,unusual_time,2025-08-05 2:31:18,TRUE,2025-08-06 08:06:42,Talk voice camera sign to action.,VALID
alert170279,txn10070279,unusual_time,2023-05-19 1:47:31,TRUE,2023-05-19 16:47:31,Machine various civil when so.,VALID
alert129641,txn10029641,unusual_time,2025-02-28 7:56:10,TRUE,2025-03-03 07:56:10,Bag at owner affect none player.,VALID
alert109279,txn10009279,suspicious_login,2025-06-03 0:26:49,FALSE,,Worker trip recently much age method respond.,VALID
alert134892,txn10034892,unusual_amount,2024-07-31 5:26:50,TRUE,2024-08-01 17:26:50,Center particular eight seek sure sea.,VALID
alert137894,txn10037894,suspicious_login,2025-07-07 22:33:37,FALSE,,Mention detail another movie test their yes sing.,VALID
alert134018,txn10034018,unusual_amount,2024-11-11 15:50:35,TRUE,2024-11-11 20:50:35,Character space treatment owner many entire under detail.,VALID
alert145043,txn10045043,unusual_amount,2025-03-12 4:57:02,TRUE,2025-03-14 01:57:02,Road management organization amount likely perform hard.,VALID
alert183445,txn10083445,suspicious_login,2025-04-27 0:36:11,TRUE,2025-04-28 12:36:11,Require career mention anyone president.,VALID
alert153214,txn10053214,unusual_amount,2025-07-30 9:12:17,TRUE,2025-07-31 00:12:17,Through money recent nothing save.,VALID
alert115224,txn10015224,unusual_time,2025-02-14 22:12:08,TRUE,2025-02-15 09:12:08,Since professional need job part your.,VALID
alert106435,txn10006435,frequent_failure,2024-03-02 4:31:24,TRUE,2024-03-04 15:31:24,Red matter answer be.,VALID
alert154510,txn10054510,frequent_failure,2024-08-20 22:25:41,TRUE,2024-08-21 07:25:41,Too involve election money smile open cause.,VALID
alert161704,txn10061704,unusual_amount,2025-05-09 5:24:09,FALSE,,Drive hope artist better produce page.,VALID
alert170210,txn10070210,suspicious_login,2025-06-30 19:37:46,TRUE,2025-07-01 23:37:46,Make side movie size make himself need either.,VALID
alert143629,txn10043629,suspicious_login,2025-06-10 18:23:33,TRUE,2025-06-13 13:23:33,Start human in.,VALID
alert162523,txn10062523,unusual_time,2023-09-10 12:06:24,TRUE,2023-09-11 23:06:24,Against bill her prove expect while conference where.,VALID
alert127065,txn10027065,unusual_amount,2025-03-19 11:29:25,TRUE,2025-03-21 02:29:25,Beautiful stage structure rest.,VALID
alert136445,txn10036445,unusual_time,2025-07-26 22:42:58,TRUE,2025-07-28 19:42:58,Claim guess because hand late.,VALID
alert169416,txn10069416,unusual_time,2025-02-09 10:38:03,TRUE,2025-02-12 02:38:03,Create decision whole agree bank natural.,VALID
alert190174,txn10090174,unusual_amount,2025-05-17 0:51:17,TRUE,2025-05-18 19:51:17,Political plan them former your.,VALID
alert179081,txn10079081,frequent_failure,2025-03-19 10:44:48,TRUE,2025-03-19 17:44:48,Woman front space ten almost.,VALID
alert191763,txn10091763,unusual_amount,2025-05-05 8:20:50,TRUE,2025-05-07 07:20:50,Remember forward main indeed talk leave.,VALID
alert195323,txn10095323,frequent_failure,2023-12-28 8:03:40,TRUE,2023-12-28 17:03:40,Realize great here forget doctor wind.,VALID
alert171596,txn10071596,unusual_time,2024-08-06 19:10:00,TRUE,2024-08-07 04:10:00,Seven hit relationship successful walk baby behavior state.,VALID
alert150888,txn10050888,frequent_failure,2025-07-26 17:37:38,TRUE,2025-07-26 21:37:38,Cold out person stay story.,VALID
alert167772,txn10067772,suspicious_login,2025-05-10 5:43:24,TRUE,2025-05-10 16:43:24,Itself concern rule.,VALID
alert156177,txn10056177,frequent_failure,2025-02-24 19:19:11,TRUE,2025-02-25 01:19:11,Summer read raise risk likely network late.,VALID
alert171410,txn10071410,suspicious_login,2025-05-05 20:28:01,FALSE,,Tough mission series animal different condition.,VALID
alert138444,txn10038444,unusual_time,2024-09-09 7:25:11,TRUE,2024-09-11 08:25:11,Piece consumer far find benefit measure pretty.,VALID
alert116362,txn10016362,suspicious_login,2025-05-27 23:08:09,TRUE,2025-05-28 05:08:09,Everyone effect return.,VALID
alert132696,txn10032696,unusual_amount,2025-06-13 20:33:36,TRUE,2025-06-15 11:33:36,Fact whom evening population thought.,VALID
alert105348,txn10005348,unusual_amount,2024-10-05 8:50:05,TRUE,2024-10-07 02:50:05,Scientist seek push speech choose market perform.,VALID
alert106672,txn10006672,unusual_amount,2025-06-11 22:30:26,TRUE,2025-06-13 02:30:26,Program they kitchen maybe wife activity.,VALID
alert152141,txn10052141,unusual_time,2025-07-12 5:49:44,TRUE,2025-07-13 21:49:44,Military on share letter three.,VALID
alert160323,txn10060323,unusual_amount,2025-08-02 23:41:14,TRUE,2025-08-03 05:41:14,High natural check major realize.,VALID
alert146369,txn10046369,frequent_failure,2025-02-23 0:35:59,FALSE,,Task glass purpose until cell those.,VALID
alert102687,txn10002687,frequent_failure,2024-12-29 7:48:05,TRUE,2024-12-31 02:48:05,Site third firm food.,VALID
alert106088,txn10006088,unusual_amount,2025-05-14 5:41:22,TRUE,2025-05-16 10:41:22,Old degree organization condition activity according see.,VALID
alert111616,txn10011616,unusual_time,2022-10-11 7:39:06,TRUE,2022-10-12 01:39:06,Notice anything sport.,VALID
alert118167,txn10018167,suspicious_login,2024-02-23 17:47:55,TRUE,2024-02-24 00:47:55,Edge agency have do.,VALID
alert149293,txn10049293,frequent_failure,2025-05-03 1:51:06,TRUE,2025-05-04 21:51:06,Great when want conference head military.,VALID
alert114015,txn10014015,suspicious_login,2025-08-05 0:07:21,TRUE,2025-08-05 13:07:21,Direction fly office character truth TV middle value.,VALID
alert198379,txn10098379,unusual_amount,2024-12-08 13:07:13,TRUE,2024-12-11 02:07:13,Believe visit system view even.,VALID
alert184708,txn10084708,frequent_failure,2025-08-04 17:20:51,TRUE,2025-08-05 18:20:51,Significant opportunity traditional those.,VALID
alert128232,txn10028232,frequent_failure,2025-08-02 12:38:40,TRUE,2025-08-03 12:38:40,Practice anything act building national arm.,VALID
alert164204,txn10064204,frequent_failure,2024-09-08 9:05:30,TRUE,2024-09-10 17:05:30,Commercial hand half success then.,VALID
alert172251,txn10072251,suspicious_login,2025-02-25 7:00:06,TRUE,2025-02-27 07:00:06,Response nothing body adult finally a.,VALID
alert143886,txn10043886,unusual_amount,2022-04-27 3:56:28,TRUE,2022-04-29 10:56:28,Between vote within individual pay.,VALID
alert104236,txn10004236,unusual_amount,2025-07-15 19:40:36,TRUE,2025-07-16 16:40:36,Goal again agreement recognize increase you laugh administration.,VALID
alert182816,txn10082816,suspicious_login,2025-01-21 16:50:09,TRUE,2025-01-22 03:50:09,Skin low girl poor figure.,VALID
alert105774,txn10005774,frequent_failure,2024-04-11 23:51:45,TRUE,2024-04-14 23:51:45,Series significant policy but note cut appear.,VALID
alert149142,txn10049142,unusual_time,2023-10-29 11:55:41,TRUE,2023-10-29 19:55:41,Mention whole indicate real truth.,VALID
alert102686,txn10002686,unusual_time,2025-07-24 12:10:27,TRUE,2025-07-26 14:10:27,Stay nearly draw.,VALID
alert135050,txn10035050,suspicious_login,2025-07-10 11:09:46,FALSE,,Recognize unit car cell fear sea once.,VALID
alert197381,txn10097381,frequent_failure,2025-06-28 4:59:06,TRUE,2025-06-28 17:59:06,Management blood reflect five impact.,VALID
alert189997,txn10089997,suspicious_login,2025-01-16 22:07:38,TRUE,2025-01-17 01:07:38,Reach even interest suffer.,VALID
alert166207,txn10066207,suspicious_login,2025-07-25 18:40:13,TRUE,2025-07-26 19:40:13,Son time stay put few indicate still officer.,VALID
alert135129,txn10035129,unusual_time,2025-01-05 4:16:54,TRUE,2025-01-05 07:16:54,Player event save term condition.,VALID
alert156663,txn10056663,unusual_time,2025-05-27 3:16:10,TRUE,2025-05-27 23:16:10,And they level product type.,VALID
alert127922,txn10027922,unusual_time,2024-02-26 12:08:53,TRUE,2024-02-27 07:08:53,News less film perhaps event attention system.,VALID
alert123462,txn10023462,suspicious_login,2025-01-05 0:12:14,TRUE,2025-01-05 21:12:14,Issue alone water generation eye air smile.,VALID
alert172914,txn10072914,frequent_failure,2025-08-06 4:54:16,TRUE,2025-08-06 08:06:42,Mind clear go support language treat look.,VALID
alert199144,txn10099144,frequent_failure,2024-09-09 14:07:12,TRUE,2024-09-12 06:07:12,Model able relationship note able establish.,VALID
alert123829,txn10023829,frequent_failure,2023-11-29 21:11:26,TRUE,2023-11-30 03:11:26,Institution test dark memory.,VALID
alert143051,txn10043051,frequent_failure,2024-10-19 7:45:40,TRUE,2024-10-19 21:45:40,Issue hard message situation energy lead hundred.,VALID
alert135154,txn10035154,frequent_failure,2025-04-03 14:30:13,TRUE,2025-04-05 00:30:13,Describe enjoy movie water agency education physical.,VALID
alert153811,txn10053811,frequent_failure,2024-08-12 15:38:11,TRUE,2024-08-15 07:38:11,North choice ask need space maybe media every.,VALID
alert178186,txn10078186,unusual_amount,2025-06-26 20:03:11,TRUE,2025-06-27 20:03:11,Network father why population hear loss.,VALID
alert153822,txn10053822,frequent_failure,2025-08-01 7:55:28,TRUE,2025-08-04 06:55:28,Cup cover choice and near.,VALID
alert152446,txn10052446,frequent_failure,2025-07-27 12:13:16,TRUE,2025-07-27 21:13:16,Language add probably first.,VALID
alert160532,txn10060532,unusual_time,2025-07-04 18:54:55,TRUE,2025-07-07 08:54:55,Left start base.,VALID
alert181110,txn10081110,unusual_time,2024-05-23 1:35:59,TRUE,2024-05-23 05:35:59,Truth financial citizen either.,VALID
alert160084,txn10060084,unusual_time,2024-04-04 20:45:44,TRUE,2024-04-06 03:45:44,Call space alone with enjoy might by agent.,VALID
alert141393,txn10041393,suspicious_login,2025-05-06 7:42:32,FALSE,,So your program probably manager citizen book process.,VALID
alert164965,txn10064965,unusual_time,2025-08-03 12:11:22,FALSE,,Key research audience deep pay western.,VALID
alert161001,txn10061001,suspicious_login,2025-06-04 19:11:25,FALSE,,Not him own night even.,VALID
alert160433,txn10060433,frequent_failure,2024-07-13 7:23:19,TRUE,2024-07-16 04:23:19,Difficult system them more at without trial.,VALID
alert196682,txn10096682,unusual_time,2025-05-06 1:33:20,TRUE,2025-05-08 22:33:20,Us year station get part.,VALID
alert147309,txn10047309,unusual_amount,2025-07-26 20:20:59,TRUE,2025-07-28 01:20:59,Until usually deep successful sister require agent.,VALID
alert160725,txn10060725,frequent_failure,2025-08-05 23:38:37,TRUE,2025-08-06 00:38:37,Way not home analysis might glass.,VALID
alert137076,txn10037076,suspicious_login,2025-06-25 13:55:50,TRUE,2025-06-27 10:55:50,Somebody present maybe consumer project must.,VALID
alert137821,txn10037821,suspicious_login,2025-04-05 20:22:41,FALSE,,Look card record.,VALID
alert120317,txn10020317,unusual_time,2024-12-26 21:00:05,TRUE,2024-12-28 04:00:05,Relationship across reality.,VALID
alert134797,txn10034797,suspicious_login,2025-07-10 9:47:29,TRUE,2025-07-11 23:47:29,Region well head number true.,VALID
alert152874,txn10052874,suspicious_login,2024-11-25 17:33:19,TRUE,2024-11-28 12:33:19,Report set as also up.,VALID
alert196137,txn10096137,frequent_failure,2025-03-03 15:39:21,TRUE,2025-03-06 09:39:21,Once practice pick.,VALID
alert117331,txn10017331,suspicious_login,2025-02-06 1:22:07,FALSE,,Suggest science necessary office.,VALID
alert188996,txn10088996,unusual_amount,2024-12-13 12:38:19,TRUE,2024-12-14 22:38:19,Her former guy.,VALID
alert108544,txn10008544,frequent_failure,2024-12-02 15:45:53,TRUE,2024-12-02 20:45:53,Successful plan season fine laugh store also.,VALID
alert144490,txn10044490,suspicious_login,2025-05-24 9:41:51,TRUE,2025-05-24 11:41:51,Turn husband space early away.,VALID
alert123609,txn10023609,suspicious_login,2021-06-23 16:52:20,FALSE,,Movement very production you physical.,VALID
alert178741,txn10078741,suspicious_login,2025-07-30 0:39:45,TRUE,2025-08-01 21:39:45,State test whole front.,VALID
alert165874,txn10065874,suspicious_login,2025-07-28 3:17:03,FALSE,,Discover tax another.,VALID
alert125536,txn10025536,unusual_time,2025-07-11 4:52:38,TRUE,2025-07-12 19:52:38,Produce market establish firm public state us.,VALID
alert170584,txn10070584,frequent_failure,2025-01-29 9:58:49,TRUE,2025-01-30 06:58:49,Can attorney data maybe which adult development point.,VALID
alert157768,txn10057768,suspicious_login,2024-10-15 22:19:05,FALSE,,Away successful one feel contain option.,VALID
alert196810,txn10096810,unusual_time,2025-02-05 13:10:28,TRUE,2025-02-06 09:10:28,Catch market between house white.,VALID
alert153243,txn10053243,unusual_amount,2024-07-05 13:57:16,TRUE,2024-07-05 23:57:16,Agent else trouble their officer.,VALID
alert183588,txn10083588,suspicious_login,2025-07-11 17:34:27,TRUE,2025-07-12 10:34:27,Support really education husband hope cause beat.,VALID
alert125472,txn10025472,suspicious_login,2024-10-12 6:28:34,FALSE,,Continue pull know son exactly protect present prove.,VALID
alert119212,txn10019212,unusual_time,2025-07-04 15:20:04,TRUE,2025-07-05 07:20:04,Must sister lot tree.,VALID
alert181670,txn10081670,frequent_failure,2024-10-13 20:46:42,TRUE,2024-10-14 19:46:42,Long operation color over.,VALID
alert150901,txn10050901,unusual_amount,2025-06-02 11:16:35,TRUE,2025-06-04 14:16:35,Create allow look room stand before.,VALID
alert108945,txn10008945,frequent_failure,2024-04-12 5:10:11,TRUE,2024-04-12 10:10:11,Turn discuss leave still return big role happy.,VALID
alert175410,txn10075410,unusual_time,2025-07-28 6:42:59,TRUE,2025-07-30 03:42:59,Continue great report stock foot store left.,VALID
alert160883,txn10060883,frequent_failure,2025-05-05 0:58:15,TRUE,2025-05-07 16:58:15,Citizen decide challenge gas style cost.,VALID
alert192960,txn10092960,frequent_failure,2025-02-28 4:14:07,TRUE,2025-03-01 21:14:07,Girl major radio effort consider attorney bar kind.,VALID
alert130733,txn10030733,unusual_time,2025-06-05 12:07:38,TRUE,2025-06-06 13:07:38,Budget machine born which cost foreign policy form.,VALID
alert170947,txn10070947,unusual_time,2025-03-13 7:30:32,TRUE,2025-03-14 02:30:32,Window four there bank.,VALID
alert154988,txn10054988,unusual_time,2025-07-05 1:48:20,TRUE,2025-07-05 16:48:20,Network prepare five.,VALID
alert175970,txn10075970,frequent_failure,2022-10-16 11:17:57,FALSE,,Sell behind stock chance across though run either.,VALID
alert157810,txn10057810,unusual_amount,2025-07-31 22:11:53,TRUE,2025-08-01 20:11:53,Black lawyer early strategy information ever.,VALID
alert131173,txn10031173,suspicious_login,2025-05-05 8:14:48,TRUE,2025-05-06 01:14:48,Find answer drop assume.,VALID
alert107014,txn10007014,frequent_failure,2024-04-16 19:15:39,TRUE,2024-04-17 21:15:39,Body maybe page onto mention.,VALID
alert176669,txn10076669,suspicious_login,2025-03-13 16:04:44,TRUE,2025-03-15 06:04:44,Reduce early option common guess growth national.,VALID
alert108081,txn10008081,unusual_time,2024-10-18 4:39:53,TRUE,2024-10-21 03:39:53,Front involve language realize clearly.,VALID
alert115445,txn10015445,frequent_failure,2024-06-14 13:02:06,TRUE,2024-06-16 19:02:06,Wear human structure plan policy many seem.,VALID
alert162083,txn10062083,suspicious_login,2024-04-11 4:15:43,TRUE,2024-04-12 08:15:43,Total partner space sea someone.,VALID
alert137222,txn10037222,frequent_failure,2025-08-05 20:50:21,TRUE,2025-08-06 08:06:42,Inside suffer thus design give.,VALID
alert134932,txn10034932,suspicious_login,2024-03-10 12:20:19,TRUE,2024-03-10 14:20:19,Want her customer successful type anything.,VALID
alert171625,txn10071625,unusual_time,2024-07-11 16:24:05,TRUE,2024-07-11 22:24:05,Knowledge seat job even run maintain system.,VALID
alert108769,txn10008769,unusual_time,2025-07-04 22:01:00,FALSE,,Yet bank magazine.,VALID
alert176438,txn10076438,frequent_failure,2024-10-23 7:38:28,TRUE,2024-10-24 22:38:28,Ability media treatment firm.,VALID
alert113367,txn10013367,suspicious_login,2024-04-10 5:53:25,TRUE,2024-04-11 01:53:25,Born movie quality whole than.,VALID
alert126225,txn10026225,frequent_failure,2025-04-30 13:42:25,TRUE,2025-05-02 20:42:25,Hair only avoid audience civil chance choose.,VALID
alert149193,txn10049193,suspicious_login,2024-02-19 18:43:22,TRUE,2024-02-22 02:43:22,While address option future.,VALID
alert142317,txn10042317,suspicious_login,2025-01-05 1:20:30,TRUE,2025-01-05 16:20:30,Herself though notice several miss manager.,VALID
alert128368,txn10028368,unusual_amount,2024-07-20 1:40:07,TRUE,2024-07-20 08:40:07,Fact population claim real fund eight field role.,VALID
alert162375,txn10062375,unusual_amount,2024-05-13 10:43:37,TRUE,2024-05-14 13:43:37,Many money wear.,VALID
alert149285,txn10049285,unusual_amount,2025-07-27 23:58:42,TRUE,2025-07-28 03:58:42,Central yet town it door be.,VALID
alert178432,txn10078432,suspicious_login,2025-06-28 18:46:53,TRUE,2025-06-30 06:46:53,Natural out start inside goal student hair.,VALID
alert133224,txn10033224,frequent_failure,2025-07-13 1:48:19,TRUE,2025-07-13 17:48:19,Certain decide individual prevent guess.,VALID
alert199274,txn10099274,unusual_amount,2025-07-22 6:46:40,TRUE,2025-07-24 08:46:40,Reduce shoulder should how few little part.,VALID
alert150111,txn10050111,suspicious_login,2025-07-06 23:11:20,TRUE,2025-07-09 20:11:20,Then side herself everyone.,VALID
alert179792,txn10079792,frequent_failure,2024-12-27 1:55:31,FALSE,,Reveal involve eat necessary research turn address.,VALID
alert163679,txn10063679,unusual_amount,2022-12-28 19:03:59,TRUE,2022-12-29 01:03:59,Possible skill side computer face.,VALID
alert169635,txn10069635,suspicious_login,2023-07-23 19:51:15,TRUE,2023-07-24 05:51:15,Even behind pretty group TV soldier.,VALID
alert109438,txn10009438,frequent_failure,2024-11-26 19:32:40,TRUE,2024-11-28 02:32:40,Hear cut east that teach yeah.,VALID
alert131259,txn10031259,frequent_failure,2025-06-30 21:28:39,TRUE,2025-07-01 01:28:39,Company reason new staff.,VALID
alert118610,txn10018610,suspicious_login,2024-05-24 15:40:25,TRUE,2024-05-25 09:40:25,Television nor thus thing.,VALID
alert174508,txn10074508,unusual_time,2025-08-05 6:40:13,TRUE,2025-08-06 08:06:42,Piece clear late.,VALID
alert159859,txn10059859,frequent_failure,2025-06-28 13:05:33,TRUE,2025-06-30 21:05:33,Operation exactly table bed arm cover.,VALID
alert175845,txn10075845,unusual_time,2025-05-29 4:13:28,TRUE,2025-05-31 08:13:28,Maintain small serve daughter.,VALID
alert112680,txn10012680,unusual_time,2025-04-03 21:01:42,TRUE,2025-04-06 21:01:42,Simply security support defense street whom our list.,VALID
alert103783,txn10003783,unusual_time,2024-01-15 8:02:01,TRUE,2024-01-18 04:02:01,Financial though especially affect people.,VALID
alert109146,txn10009146,frequent_failure,2024-05-27 21:07:22,TRUE,2024-05-30 05:07:22,Health my a form.,VALID
alert116144,txn10016144,unusual_amount,2025-04-13 11:31:01,TRUE,2025-04-13 14:31:01,Southern plan leg party admit mean pretty need.,VALID
alert148570,txn10048570,frequent_failure,2025-07-24 19:28:40,TRUE,2025-07-27 12:28:40,Particularly just just put worker owner.,VALID
alert146362,txn10046362,suspicious_login,2022-09-11 0:23:14,TRUE,2022-09-13 15:23:14,Value public realize provide raise fine level.,VALID
alert127272,txn10027272,unusual_amount,2025-01-01 10:55:29,TRUE,2025-01-02 07:55:29,Thus number program note ahead heavy responsibility.,VALID
alert155956,txn10055956,frequent_failure,2023-09-21 19:15:27,TRUE,2023-09-22 08:15:27,Security operation charge get side.,VALID
alert177634,txn10077634,suspicious_login,2024-03-04 13:55:49,TRUE,2024-03-06 12:55:49,Morning hard against quickly there skill.,VALID
alert160891,txn10060891,unusual_time,2024-11-15 10:06:41,TRUE,2024-11-17 20:06:41,Improve yard success own carry know life.,VALID
alert196997,txn10096997,suspicious_login,2025-07-03 12:04:08,TRUE,2025-07-04 01:04:08,Chair involve return a under lead.,VALID
alert143074,txn10043074,suspicious_login,2022-08-19 5:40:42,TRUE,2022-08-19 20:40:42,High product event.,VALID
alert172825,txn10072825,frequent_failure,2025-05-06 11:59:10,TRUE,2025-05-07 12:59:10,Man child sound.,VALID
alert188974,txn10088974,unusual_time,2025-07-07 13:26:37,TRUE,2025-07-08 14:26:37,Me person citizen alone.,VALID
alert162427,txn10062427,unusual_amount,2025-07-26 22:33:02,TRUE,2025-07-28 02:33:02,While force party friend heart.,VALID
alert141990,txn10041990,suspicious_login,2025-08-04 9:40:02,TRUE,2025-08-04 22:40:02,Bill opportunity body common hotel challenge.,VALID
alert179871,txn10079871,unusual_amount,2025-05-21 8:37:10,FALSE,,Little ball successful successful agency.,VALID
alert193003,txn10093003,unusual_time,2025-05-11 6:05:17,TRUE,2025-05-13 08:05:17,Standard consumer Mrs college middle region.,VALID
alert114499,txn10014499,suspicious_login,2024-09-15 20:04:20,TRUE,2024-09-16 13:04:20,Meeting sport unit direction but budget road.,VALID
alert133148,txn10033148,suspicious_login,2025-05-25 10:17:14,TRUE,2025-05-28 05:17:14,Detail far movement much.,VALID
alert141208,txn10041208,unusual_time,2025-05-13 13:38:00,FALSE,,Huge note different remember exist.,VALID
alert115059,txn10015059,frequent_failure,2025-04-15 3:17:58,TRUE,2025-04-17 02:17:58,Goal opportunity now cause affect continue difference end.,VALID
alert146315,txn10046315,unusual_amount,2025-06-25 16:11:59,TRUE,2025-06-27 19:11:59,Move medical modern family campaign rest.,VALID
alert122532,txn10022532,unusual_time,2025-07-05 7:57:47,TRUE,2025-07-06 10:57:47,Will science represent century happy read weight.,VALID
alert188762,txn10088762,unusual_time,2025-06-14 18:29:13,TRUE,2025-06-16 20:29:13,Manage affect Mr town discussion.,VALID
alert147033,txn10047033,unusual_time,2025-04-10 12:21:47,TRUE,2025-04-12 14:21:47,Again baby activity to fast ago have.,VALID
alert171641,txn10071641,suspicious_login,2025-03-31 9:42:23,TRUE,2025-04-02 19:42:23,Pattern similar enjoy too at fight.,VALID
alert174985,txn10074985,frequent_failure,2023-09-21 19:22:49,TRUE,2023-09-22 21:22:49,Animal sea carry crime certain by player but.,VALID
alert165963,txn10065963,unusual_amount,2025-02-10 7:36:36,TRUE,2025-02-12 14:36:36,Hotel catch where would.,VALID
alert106410,txn10006410,suspicious_login,2023-11-30 11:16:22,TRUE,2023-12-02 17:16:22,Season spend save coach say staff card so.,VALID
alert194522,txn10094522,unusual_time,2025-05-11 1:33:40,TRUE,2025-05-13 17:33:40,Adult law through wall fill start three.,VALID
alert102101,txn10002101,frequent_failure,2025-07-27 23:18:48,TRUE,2025-07-30 15:18:48,Serious know water use cold sea dark.,VALID
alert143210,txn10043210,suspicious_login,2025-06-18 12:34:13,TRUE,2025-06-20 18:34:13,Understand lead at still understand.,VALID
alert151441,txn10051441,suspicious_login,2025-05-18 8:32:29,TRUE,2025-05-19 00:32:29,History hotel second result probably.,VALID
alert111723,txn10011723,suspicious_login,2025-07-24 5:22:54,TRUE,2025-07-24 19:22:54,Camera significant question hospital upon clearly seat.,VALID
alert176076,txn10076076,frequent_failure,2023-04-12 3:31:49,TRUE,2023-04-14 21:31:49,Seek admit culture activity economic wrong position lead.,VALID
alert167979,txn10067979,unusual_amount,2025-07-12 5:19:59,TRUE,2025-07-12 22:19:59,Administration simply full cover.,VALID
alert160974,txn10060974,suspicious_login,2025-06-25 1:06:04,TRUE,2025-06-27 22:06:04,Building western ever say.,VALID
alert189038,txn10089038,unusual_amount,2025-05-05 18:02:34,TRUE,2025-05-08 08:02:34,Off during development involve situation bag.,VALID
alert147664,txn10047664,frequent_failure,2025-07-14 9:40:23,TRUE,2025-07-16 18:40:23,Newspaper interview here owner go seven music.,VALID
alert110968,txn10010968,unusual_time,2025-06-11 17:31:34,TRUE,2025-06-13 17:31:34,Teacher determine figure account white dog pull.,VALID
alert152067,txn10052067,unusual_time,2023-07-07 21:04:01,FALSE,,Get open while dream.,VALID
alert138742,txn10038742,frequent_failure,2024-12-02 11:51:46,TRUE,2024-12-02 15:51:46,Loss fine interest state.,VALID
alert171936,txn10071936,unusual_amount,2024-11-06 15:56:48,TRUE,2024-11-07 00:56:48,Throw best these view field.,VALID
alert162541,txn10062541,frequent_failure,2023-03-17 5:25:54,TRUE,2023-03-18 03:25:54,Including meeting still.,VALID
alert173696,txn10073696,unusual_amount,2025-06-05 21:43:17,TRUE,2025-06-08 09:43:17,Court its paper prepare where.,VALID
alert175802,txn10075802,unusual_time,2025-04-09 3:13:00,FALSE,,Tv allow southern blood tell.,VALID
alert130805,txn10030805,unusual_amount,2025-05-06 16:39:16,TRUE,2025-05-06 22:39:16,Hour campaign never office herself probably rest.,VALID
alert125055,txn10025055,unusual_time,2024-12-30 2:33:08,TRUE,2024-12-31 17:33:08,Plant during include service hospital say against.,VALID
alert189965,txn10089965,unusual_time,2025-06-06 18:34:27,TRUE,2025-06-07 01:34:27,Standard away important first use run we.,VALID
alert100532,txn10000532,unusual_amount,2025-07-16 0:29:28,TRUE,2025-07-17 19:29:28,Recognize find lawyer sea great candidate.,VALID
alert114720,txn10014720,unusual_amount,2023-08-21 1:23:32,TRUE,2023-08-21 13:23:32,Simple color fill build.,VALID
alert150220,txn10050220,suspicious_login,2024-07-24 6:52:28,TRUE,2024-07-26 23:52:28,Customer let cause consider.,VALID
alert145919,txn10045919,frequent_failure,2022-10-12 1:22:24,TRUE,2022-10-14 18:22:24,Music inside international standard area specific black.,VALID
alert194832,txn10094832,unusual_time,2025-01-29 10:50:18,TRUE,2025-01-31 02:50:18,Four probably according government provide.,VALID
alert180167,txn10080167,unusual_time,2025-04-26 13:03:53,TRUE,2025-04-28 04:03:53,Build room play season lot cultural source.,VALID
alert118831,txn10018831,suspicious_login,2025-07-24 22:34:29,TRUE,2025-07-26 15:34:29,Easy reflect few later job.,VALID
alert116734,txn10016734,unusual_time,2025-07-27 2:33:30,TRUE,2025-07-28 15:33:30,Start color truth can program.,VALID
alert163475,txn10063475,unusual_time,2025-02-06 3:16:26,TRUE,2025-02-08 08:16:26,Only drive bag seven let increase.,VALID
alert184139,txn10084139,unusual_time,2023-04-24 5:55:23,TRUE,2023-04-24 11:55:23,Prepare until join him price role employee.,VALID
alert174369,txn10074369,unusual_amount,2024-10-24 23:54:08,TRUE,2024-10-26 09:54:08,West mission work.,VALID
alert158014,txn10058014,suspicious_login,2022-12-23 19:50:39,TRUE,2022-12-24 07:50:39,Wear already material summer year surface.,VALID
alert151290,txn10051290,suspicious_login,2025-04-17 9:35:00,TRUE,2025-04-17 14:35:00,Throughout allow my cover by.,VALID
alert186039,txn10086039,unusual_time,2025-06-20 9:35:24,FALSE,,Society affect agree difficult day.,VALID
alert136800,txn10036800,unusual_amount,2025-07-19 16:58:05,TRUE,2025-07-21 18:58:05,Sell dream situation fine program economy determine.,VALID
alert109995,txn10009995,suspicious_login,2025-06-12 1:32:22,FALSE,,Writer back event parent measure happy kind.,VALID
alert164790,txn10064790,unusual_amount,2025-04-09 20:26:44,TRUE,2025-04-10 00:26:44,Like usually collection give author rich it.,VALID
alert181016,txn10081016,unusual_amount,2025-04-24 13:09:09,TRUE,2025-04-25 02:09:09,Three thank it catch say course.,VALID
alert103317,txn10003317,suspicious_login,2025-04-05 3:44:27,TRUE,2025-04-05 10:44:27,Growth camera power yourself strategy key here.,VALID
alert179368,txn10079368,unusual_time,2025-07-31 0:21:03,TRUE,2025-07-31 11:21:03,Born later prepare exist difficult Congress road.,VALID
alert180149,txn10080149,unusual_time,2024-07-15 21:27:15,TRUE,2024-07-18 01:27:15,Population field as amount easy voice.,VALID
alert162859,txn10062859,unusual_time,2025-07-04 17:43:30,TRUE,2025-07-06 20:43:30,Center office growth great author.,VALID
alert131027,txn10031027,frequent_failure,2025-08-04 16:13:57,FALSE,,Two answer recently beyond.,VALID
alert167300,txn10067300,unusual_time,2024-06-14 17:59:27,FALSE,,Serious pretty task whose.,VALID
alert158446,txn10058446,unusual_time,2024-11-12 22:12:23,TRUE,2024-11-13 22:12:23,Film nice special former important room point six.,VALID
alert157543,txn10057543,unusual_amount,2025-04-26 0:50:27,TRUE,2025-04-26 10:50:27,Sit benefit ready table right year.,VALID
alert117942,txn10017942,unusual_amount,2022-12-15 11:18:04,FALSE,,Political partner public behavior food speech recent cut.,VALID
alert159023,txn10059023,unusual_time,2024-12-13 23:27:39,TRUE,2024-12-14 00:27:39,Attack ahead compare miss call tough word.,VALID
alert140709,txn10040709,suspicious_login,2025-02-15 6:43:44,FALSE,,Food almost fact various if near front.,VALID
alert159167,txn10059167,unusual_amount,2025-05-26 9:31:46,TRUE,2025-05-27 01:31:46,Chance grow laugh glass minute within think lawyer.,VALID
alert149969,txn10049969,frequent_failure,2024-11-26 13:09:28,TRUE,2024-11-29 08:09:28,Own population represent.,VALID
alert144511,txn10044511,suspicious_login,2025-07-06 2:05:23,TRUE,2025-07-07 07:05:23,Food several together along.,VALID
alert104989,txn10004989,suspicious_login,2025-05-11 18:04:57,TRUE,2025-05-12 22:04:57,Few ground result then.,VALID
alert181952,txn10081952,frequent_failure,2024-04-12 13:43:19,TRUE,2024-04-14 10:43:19,Situation arm recognize new.,VALID
alert112836,txn10012836,suspicious_login,2025-07-13 22:55:43,TRUE,2025-07-16 16:55:43,What apply strategy pressure.,VALID
alert149572,txn10049572,frequent_failure,2025-05-03 20:06:04,TRUE,2025-05-05 16:06:04,Drop level check letter bill mind instead really.,VALID
alert107963,txn10007963,unusual_amount,2024-06-09 0:55:18,TRUE,2024-06-09 21:55:18,Congress much nation cup.,VALID
alert175880,txn10075880,suspicious_login,2025-02-11 14:17:53,TRUE,2025-02-13 06:17:53,Practice next quality watch car real close camera.,VALID
alert127544,txn10027544,unusual_amount,2025-03-28 3:58:08,FALSE,,Indicate minute standard same.,VALID
alert187238,txn10087238,frequent_failure,2024-11-03 19:34:41,TRUE,2024-11-06 04:34:41,Truth sport leg medical discover mention off think.,VALID
alert169497,txn10069497,frequent_failure,2025-07-07 9:13:43,TRUE,2025-07-09 06:13:43,Goal fish much health various have option.,VALID
alert158210,txn10058210,unusual_amount,2025-01-12 19:06:53,TRUE,2025-01-14 13:06:53,Hair reflect offer teacher soon beyond suffer.,VALID
alert194527,txn10094527,suspicious_login,2024-09-15 7:09:57,TRUE,2024-09-15 16:09:57,Myself down sell reality.,VALID
alert119720,txn10019720,unusual_amount,2024-09-16 22:34:44,TRUE,2024-09-18 08:34:44,Parent trouble morning son.,VALID
alert157357,txn10057357,frequent_failure,2025-05-16 23:24:32,TRUE,2025-05-17 21:24:32,Choose image tend already response true reflect blue.,VALID
alert149918,txn10049918,unusual_time,2023-09-09 17:17:59,TRUE,2023-09-10 22:17:59,Some compare show provide public.,VALID
alert168310,txn10068310,unusual_time,2025-06-24 2:47:04,FALSE,,Sort help size position window.,VALID
alert104125,txn10004125,suspicious_login,2025-04-22 14:47:41,TRUE,2025-04-23 06:47:41,Soon local dinner sister will ask month.,VALID
alert178155,txn10078155,suspicious_login,2025-07-30 8:28:37,TRUE,2025-07-30 23:28:37,Him focus management create main physical put friend.,VALID
alert149061,txn10049061,unusual_time,2025-05-23 8:23:12,TRUE,2025-05-24 11:23:12,House area shake production song customer main.,VALID
alert189426,txn10089426,suspicious_login,2023-07-28 8:00:43,TRUE,2023-07-30 13:00:43,Choose indicate send line play top quickly.,VALID
alert105364,txn10005364,unusual_time,2025-07-04 10:48:47,FALSE,,Beat compare message ball baby former simple green.,VALID
alert138128,txn10038128,suspicious_login,2024-11-28 16:30:52,TRUE,2024-12-01 16:30:52,Music write answer later matter real past.,VALID
alert130148,txn10030148,unusual_time,2024-09-27 2:01:29,TRUE,2024-09-29 01:01:29,Degree government although.,VALID
alert166019,txn10066019,unusual_time,2024-01-24 9:54:23,FALSE,,Matter still fear sister.,VALID
alert121517,txn10021517,suspicious_login,2023-02-09 1:05:06,TRUE,2023-02-10 12:05:06,Standard finish bed early few prepare those hospital.,VALID
alert120176,txn10020176,unusual_amount,2024-11-18 8:40:19,TRUE,2024-11-19 22:40:19,Success charge sound often.,VALID
alert178782,txn10078782,suspicious_login,2025-07-19 19:23:29,TRUE,2025-07-20 22:23:29,Stuff room different.,VALID
alert193956,txn10093956,suspicious_login,2025-07-15 3:39:23,TRUE,2025-07-16 13:39:23,Base analysis without agency.,VALID
alert186972,txn10086972,suspicious_login,2024-04-03 14:34:36,TRUE,2024-04-04 06:34:36,Measure some collection worry music option different.,VALID
alert147886,txn10047886,unusual_time,2023-11-12 16:55:57,FALSE,,Occur the woman trade.,VALID
alert172724,txn10072724,unusual_time,2025-07-22 7:59:49,FALSE,,Consumer simply difference with.,VALID
alert174723,txn10074723,frequent_failure,2025-07-02 3:17:33,TRUE,2025-07-04 16:17:33,Dog item car small.,VALID
alert145755,txn10045755,unusual_amount,2024-10-19 12:57:30,TRUE,2024-10-20 18:57:30,Modern not game something never.,VALID
alert185775,txn10085775,frequent_failure,2025-03-22 20:19:32,TRUE,2025-03-24 01:19:32,White until investment hot event water either somebody.,VALID
alert159662,txn10059662,frequent_failure,2024-11-10 3:50:50,TRUE,2024-11-12 08:50:50,Rule save never small much stage.,VALID
alert193454,txn10093454,unusual_amount,2025-07-23 13:24:02,TRUE,2025-07-24 10:24:02,This evidence nothing left important media.,VALID
alert106814,txn10006814,frequent_failure,2025-06-01 15:06:00,TRUE,2025-06-02 03:06:00,Fine second after hospital sure.,VALID
alert111125,txn10011125,unusual_amount,2025-06-09 16:44:20,TRUE,2025-06-09 21:44:20,Teacher hard public reason suffer notice.,VALID
alert180057,txn10080057,unusual_amount,2025-06-28 17:07:39,TRUE,2025-07-01 16:07:39,Whole hear environment ready step.,VALID
alert169177,txn10069177,unusual_amount,2024-06-07 21:39:36,TRUE,2024-06-10 11:39:36,Everyone friend including crime social and stage door.,VALID
alert104589,txn10004589,unusual_amount,2025-07-22 20:25:34,TRUE,2025-07-25 19:25:34,Suggest of capital adult.,VALID
alert129210,txn10029210,frequent_failure,2025-07-18 10:41:33,TRUE,2025-07-21 09:41:33,Human great natural while consider pattern although.,VALID
alert145088,txn10045088,frequent_failure,2025-08-02 1:53:00,TRUE,2025-08-02 11:53:00,Fly music Mrs remember.,VALID
alert100665,txn10000665,unusual_time,2025-01-06 8:20:02,TRUE,2025-01-06 12:20:02,Myself center east truth perhaps newspaper today.,VALID
alert145047,txn10045047,suspicious_login,2025-05-14 12:37:38,TRUE,2025-05-16 23:37:38,Stay those show may hundred.,VALID
alert174356,txn10074356,frequent_failure,2024-05-04 14:36:36,TRUE,2024-05-05 13:36:36,Particular lead floor almost write big.,VALID
alert102808,txn10002808,unusual_amount,2024-05-18 16:25:30,FALSE,,Walk school car lawyer develop since nature.,VALID
alert113124,txn10013124,frequent_failure,2025-06-24 3:49:39,TRUE,2025-06-24 21:49:39,Different should pretty light season run teach.,VALID
alert182622,txn10082622,suspicious_login,2024-02-13 15:18:51,TRUE,2024-02-15 23:18:51,Suggest political write need.,VALID
alert196623,txn10096623,unusual_time,2025-08-04 6:33:09,TRUE,2025-08-04 23:33:09,Tell take vote.,VALID
alert199190,txn10099190,unusual_time,2023-09-30 8:50:02,FALSE,,Better because study know along return voice.,VALID
alert121256,txn10021256,unusual_time,2024-11-22 3:52:04,TRUE,2024-11-22 05:52:04,Sport election amount begin.,VALID
alert178472,txn10078472,unusual_amount,2025-07-31 21:43:31,TRUE,2025-08-03 21:43:31,Article case item attention event sister.,VALID
alert105651,txn10005651,suspicious_login,2025-07-01 21:22:08,TRUE,2025-07-02 02:22:08,Treatment become hot term.,VALID
alert141786,txn10041786,unusual_time,2025-04-16 13:13:09,TRUE,2025-04-19 10:13:09,Six action head hair nothing let low.,VALID
alert103374,txn10003374,suspicious_login,2025-03-27 19:04:44,TRUE,2025-03-30 10:04:44,Family simply wife eye.,VALID
alert191027,txn10091027,unusual_amount,2024-10-13 14:03:28,TRUE,2024-10-15 21:03:28,Song interesting radio manager teacher under black traditional.,VALID
alert164554,txn10064554,unusual_time,2025-04-16 12:34:48,TRUE,2025-04-19 12:34:48,Let or start study especially.,VALID
alert127229,txn10027229,unusual_time,2025-01-16 8:47:03,TRUE,2025-01-17 23:47:03,Issue the those who.,VALID
alert172502,txn10072502,unusual_amount,2024-08-30 10:13:40,TRUE,2024-08-31 16:13:40,Art change south standard front husband.,VALID
alert108433,txn10008433,suspicious_login,2025-08-04 0:30:20,TRUE,2025-08-06 08:06:42,Our church mouth yard dark.,VALID
alert147874,txn10047874,frequent_failure,2025-07-18 4:59:55,TRUE,2025-07-19 16:59:55,Prove amount hand four time.,VALID
alert117888,txn10017888,frequent_failure,2025-07-19 3:12:39,FALSE,,Leave above play happy.,VALID
alert130208,txn10030208,unusual_time,2025-08-04 21:04:08,TRUE,2025-08-06 08:06:42,Focus begin prevent history management.,VALID
alert112932,txn10012932,suspicious_login,2024-05-25 16:48:07,TRUE,2024-05-28 10:48:07,Affect situation listen.,VALID
alert117424,txn10017424,unusual_amount,2024-07-22 13:42:10,TRUE,2024-07-25 09:42:10,Wide sign similar risk piece wide.,VALID
alert120915,txn10020915,suspicious_login,2022-06-29 1:09:03,TRUE,2022-06-30 08:09:03,Color college office long sea Mr wide.,VALID
alert155278,txn10055278,unusual_time,2025-04-08 11:37:45,TRUE,2025-04-09 06:37:45,Total coach course exist.,VALID
alert198994,txn10098994,suspicious_login,2025-06-25 22:53:45,TRUE,2025-06-28 14:53:45,Traditional suffer seat high.,VALID
alert181379,txn10081379,suspicious_login,2024-11-12 10:38:21,TRUE,2024-11-12 11:38:21,Story position big.,VALID
alert113204,txn10013204,suspicious_login,2025-03-22 18:16:20,TRUE,2025-03-24 20:16:20,Wife analysis seem oil another.,VALID
alert139707,txn10039707,suspicious_login,2025-06-29 11:42:28,TRUE,2025-06-29 19:42:28,Soon analysis seven site produce scientist.,VALID
alert100235,txn10000235,unusual_amount,2024-11-15 15:00:38,TRUE,2024-11-18 12:00:38,Now name ok but current religious.,VALID
alert168479,txn10068479,unusual_amount,2023-07-16 3:28:58,FALSE,,Character quickly impact own free move.,VALID
alert166371,txn10066371,suspicious_login,2025-07-26 12:29:35,TRUE,2025-07-26 19:29:35,Board any create focus.,VALID
alert115287,txn10015287,suspicious_login,2025-02-16 13:01:42,TRUE,2025-02-16 23:01:42,Process in begin agency.,VALID
alert120743,txn10020743,unusual_amount,2025-06-28 23:05:49,TRUE,2025-07-01 19:05:49,Morning low guess director.,VALID
alert197121,txn10097121,unusual_time,2024-07-12 23:16:42,TRUE,2024-07-15 10:16:42,Quite top Mr face head growth course member.,VALID
alert132024,txn10032024,unusual_time,2025-08-04 3:02:14,TRUE,2025-08-05 20:02:14,Staff mean sea sure argue nor.,VALID
alert100777,txn10000777,unusual_time,2023-09-13 11:59:48,TRUE,2023-09-15 13:59:48,Meet education sport sea.,VALID
alert112048,txn10012048,unusual_amount,2025-08-05 14:17:13,TRUE,2025-08-06 08:06:42,Action writer remain through perhaps wind.,VALID
alert128803,txn10028803,unusual_amount,2023-03-28 6:59:35,TRUE,2023-03-30 01:59:35,Remain become keep democratic three civil policy happy.,VALID
alert146616,txn10046616,unusual_amount,2025-07-25 9:46:17,FALSE,,Republican bag describe rule address write develop.,VALID
alert137644,txn10037644,suspicious_login,2025-07-28 15:55:53,TRUE,2025-07-29 03:55:53,Food itself decade whatever hospital respond.,VALID
alert193609,txn10093609,unusual_time,2024-03-15 5:14:53,TRUE,2024-03-16 23:14:53,Control positive writer article a training figure.,VALID
alert113884,txn10013884,unusual_amount,2024-04-18 8:05:10,TRUE,2024-04-19 04:05:10,Less radio discuss.,VALID
alert130301,txn10030301,unusual_amount,2025-06-16 1:45:04,FALSE,,Son important cell stage four individual analysis.,VALID
alert158636,txn10058636,unusual_time,2025-04-08 0:02:19,TRUE,2025-04-09 09:02:19,Type remember American economic activity.,VALID
alert176093,txn10076093,unusual_amount,2025-04-15 6:15:45,TRUE,2025-04-16 11:15:45,Carry mention agent those administration fly party production.,VALID
alert186284,txn10086284,unusual_amount,2025-06-24 5:29:11,TRUE,2025-06-26 00:29:11,Message son food war short key need front.,VALID
alert114925,txn10014925,unusual_time,2025-05-05 3:00:58,TRUE,2025-05-07 10:00:58,American strategy process them maybe four.,VALID
alert155239,txn10055239,frequent_failure,2025-05-06 2:15:40,TRUE,2025-05-07 06:15:40,Him economic girl ready last participant pay.,VALID
alert179078,txn10079078,frequent_failure,2025-03-06 9:09:29,TRUE,2025-03-08 19:09:29,Fly weight ago recognize above raise plan.,VALID
alert135385,txn10035385,frequent_failure,2024-06-06 12:01:18,TRUE,2024-06-07 01:01:18,Happy art behavior.,VALID
alert115074,txn10015074,unusual_amount,2025-04-13 4:44:58,FALSE,,Something within else find office authority politics.,VALID
alert149815,txn10049815,unusual_time,2025-01-27 21:57:24,TRUE,2025-01-30 07:57:24,Which race move later rest operation leader.,VALID
alert179704,txn10079704,unusual_time,2025-07-02 15:28:27,TRUE,2025-07-05 07:28:27,Him line particular organization against story bring.,VALID
alert117076,txn10017076,unusual_time,2024-04-06 22:41:25,TRUE,2024-04-07 10:41:25,Crime deal begin last.,VALID
alert129573,txn10029573,suspicious_login,2025-04-01 6:35:35,TRUE,2025-04-04 06:35:35,Firm cause wish debate maintain.,VALID
alert198662,txn10098662,unusual_amount,2025-06-22 4:18:24,TRUE,2025-06-23 16:18:24,Drop seek find purpose become about note.,VALID
alert112746,txn10012746,unusual_amount,2025-03-27 18:35:56,TRUE,2025-03-28 04:35:56,Type bad care director while.,VALID
alert181833,txn10081833,frequent_failure,2025-08-04 0:41:29,FALSE,,Exist fly significant piece benefit image air.,VALID
alert160524,txn10060524,suspicious_login,2024-03-23 16:54:20,TRUE,2024-03-25 01:54:20,Marriage plant science production.,VALID
alert191644,txn10091644,unusual_time,2023-12-22 9:43:50,FALSE,,Magazine road soon.,VALID
alert120794,txn10020794,frequent_failure,2025-07-28 22:28:02,TRUE,2025-07-30 04:28:02,Suffer here thus five.,VALID
alert107192,txn10007192,unusual_time,2024-11-15 18:26:55,FALSE,,Toward seat health grow.,VALID
alert108168,txn10008168,unusual_amount,2025-07-31 14:53:32,TRUE,2025-08-02 17:53:32,Kid probably effort run rest table country sister.,VALID
alert126431,txn10026431,unusual_amount,2024-09-29 23:16:31,TRUE,2024-10-02 03:16:31,Score special really resource month.,VALID
alert185700,txn10085700,suspicious_login,2025-07-15 19:57:02,TRUE,2025-07-17 00:57:02,Address manager she cold range.,VALID
alert102689,txn10002689,unusual_amount,2024-11-18 0:37:15,TRUE,2024-11-20 20:37:15,Talk available why property.,VALID
alert153728,txn10053728,unusual_time,2025-04-12 1:00:38,TRUE,2025-04-13 09:00:38,Goal myself commercial Republican item like remain floor.,VALID
alert199123,txn10099123,frequent_failure,2022-10-05 12:13:42,TRUE,2022-10-06 17:13:42,Southern professional well.,VALID
alert126804,txn10026804,frequent_failure,2023-12-10 1:33:04,TRUE,2023-12-10 17:33:04,Main should fly which system.,VALID
alert192492,txn10092492,unusual_time,2023-10-22 23:57:11,TRUE,2023-10-25 13:57:11,Investment movement image better.,VALID
alert196648,txn10096648,suspicious_login,2025-04-06 2:28:04,TRUE,2025-04-07 02:28:04,Quite fly those officer hospital no site.,VALID
alert141060,txn10041060,unusual_amount,2024-09-30 17:58:10,TRUE,2024-10-01 15:58:10,Various Mrs college see.,VALID
alert136318,txn10036318,suspicious_login,2023-11-08 6:22:52,TRUE,2023-11-08 15:22:52,He them place man those expect.,VALID
alert131947,txn10031947,suspicious_login,2024-10-16 16:04:12,FALSE,,Include pretty bring hot drug factor they.,VALID
alert197578,txn10097578,suspicious_login,2025-07-31 6:46:53,TRUE,2025-08-01 14:46:53,Next doctor despite democratic contain player.,VALID
alert171612,txn10071612,unusual_amount,2025-01-23 8:43:47,TRUE,2025-01-23 12:43:47,Let through region sit.,VALID
alert120044,txn10020044,unusual_time,2025-07-01 5:43:39,TRUE,2025-07-01 06:43:39,For reduce opportunity yes.,VALID
alert137883,txn10037883,unusual_amount,2025-08-06 7:49:53,FALSE,,Card name teach dream.,VALID
alert118824,txn10018824,unusual_amount,2025-02-06 19:54:32,TRUE,2025-02-07 00:54:32,West child popular stuff remain conference.,VALID
alert181940,txn10081940,suspicious_login,2025-05-13 8:21:17,TRUE,2025-05-13 10:21:17,Already improve behind despite mission.,VALID
alert190736,txn10090736,unusual_time,2025-07-04 8:05:28,TRUE,2025-07-04 10:05:28,Rock some again job statement democratic number.,VALID
alert100022,txn10000022,frequent_failure,2025-06-28 16:15:37,TRUE,2025-06-29 23:15:37,Career including meet defense.,VALID
alert140882,txn10040882,unusual_amount,2024-12-16 16:24:14,TRUE,2024-12-18 07:24:14,Among recent sister establish.,VALID
alert139548,txn10039548,unusual_time,2025-08-01 3:18:57,TRUE,2025-08-02 21:18:57,West study free rise.,VALID
alert117727,txn10017727,suspicious_login,2025-02-24 20:56:48,TRUE,2025-02-27 15:56:48,Ask campaign understand the middle play personal change.,VALID
alert129789,txn10029789,unusual_time,2025-07-10 4:45:15,TRUE,2025-07-13 02:45:15,Purpose true during knowledge mouth animal draw.,VALID
alert182415,txn10082415,frequent_failure,2025-01-25 21:50:17,TRUE,2025-01-27 23:50:17,Whether world threat show standard international.,VALID
alert106191,txn10006191,suspicious_login,2024-07-13 13:08:20,TRUE,2024-07-16 09:08:20,Research more mouth next have.,VALID
alert153589,txn10053589,suspicious_login,2025-08-03 14:42:14,TRUE,2025-08-04 06:42:14,Hospital happen anything feel require sister.,VALID
alert127475,txn10027475,unusual_amount,2025-07-13 15:34:13,TRUE,2025-07-14 00:34:13,Course various mind here production base.,VALID
alert117014,txn10017014,unusual_amount,2022-07-08 19:44:59,TRUE,2022-07-09 07:44:59,Manage tell contain lead.,VALID
alert160280,txn10060280,suspicious_login,2025-05-18 6:55:46,TRUE,2025-05-18 12:55:46,Mean there marriage you relationship sound feel.,VALID
alert181652,txn10081652,unusual_amount,2025-06-08 15:41:30,TRUE,2025-06-09 06:41:30,Fear address sit scientist much system person.,VALID
alert109977,txn10009977,unusual_amount,2022-11-25 22:34:42,FALSE,,National inside guy kind become only.,VALID
alert145297,txn10045297,suspicious_login,2025-02-02 20:48:17,TRUE,2025-02-04 02:48:17,Goal more rest foot.,VALID
alert101859,txn10001859,unusual_time,2025-08-04 22:50:29,TRUE,2025-08-06 08:06:42,Production medical service none defense fish best.,VALID
alert121020,txn10021020,suspicious_login,2025-05-31 2:38:49,TRUE,2025-05-31 17:38:49,Information senior fast yes each partner record great.,VALID
alert177636,txn10077636,frequent_failure,2025-07-20 1:25:14,TRUE,2025-07-22 12:25:14,Pattern do commercial continue.,VALID
alert179788,txn10079788,suspicious_login,2024-03-14 21:18:15,TRUE,2024-03-16 21:18:15,Understand modern approach picture ask art onto.,VALID
alert157179,txn10057179,unusual_amount,2025-06-05 19:01:14,TRUE,2025-06-05 20:01:14,Music rise piece think.,VALID
alert188875,txn10088875,suspicious_login,2025-08-02 10:25:39,FALSE,,Drive which put task people sign consumer source.,VALID
alert187208,txn10087208,unusual_amount,2023-06-06 16:29:18,TRUE,2023-06-09 09:29:18,Marriage lead draw exist travel him important.,VALID
alert130538,txn10030538,frequent_failure,2025-07-06 9:39:08,TRUE,2025-07-08 23:39:08,Can within ago word anyone time.,VALID
alert182183,txn10082183,unusual_time,2025-05-04 19:02:01,TRUE,2025-05-07 17:02:01,Sound move particularly smile age herself the.,VALID
alert148481,txn10048481,unusual_amount,2025-08-05 23:20:30,TRUE,2025-08-06 08:06:42,Another report never drug own art.,VALID
alert114525,txn10014525,unusual_amount,2025-07-26 11:52:08,TRUE,2025-07-28 20:52:08,Partner however improve.,VALID
alert115228,txn10015228,unusual_amount,2025-02-20 7:03:55,FALSE,,Throw oil environment mother watch.,VALID
alert132608,txn10032608,unusual_time,2025-07-17 19:14:22,TRUE,2025-07-19 17:14:22,Hit walk name Mrs center wide begin.,VALID
alert172235,txn10072235,suspicious_login,2022-11-16 3:06:55,TRUE,2022-11-19 02:06:55,Manage choice around order director mouth seem.,VALID
alert107369,txn10007369,unusual_time,2025-02-20 17:54:39,FALSE,,Set see writer those together training thought how.,VALID
alert148443,txn10048443,unusual_time,2024-11-27 0:36:49,TRUE,2024-11-28 15:36:49,Record whom send month maybe decade machine.,VALID
alert116724,txn10016724,suspicious_login,2024-09-26 0:02:07,TRUE,2024-09-26 20:02:07,Major part pass.,VALID
alert195453,txn10095453,frequent_failure,2025-03-29 7:43:35,TRUE,2025-03-31 19:43:35,Door success production.,VALID
alert131022,txn10031022,suspicious_login,2025-07-30 8:43:39,TRUE,2025-07-30 20:43:39,Report central cause cover.,VALID
alert136228,txn10036228,frequent_failure,2025-05-19 4:16:14,FALSE,,Mouth describe relate economy.,VALID
alert120835,txn10020835,frequent_failure,2022-08-25 18:04:38,TRUE,2022-08-28 18:04:38,Already government until order it media.,VALID
alert149282,txn10049282,frequent_failure,2022-12-16 9:37:46,TRUE,2022-12-18 21:37:46,Wind development author instead old near tell treat.,VALID
alert184088,txn10084088,frequent_failure,2024-08-30 17:18:57,TRUE,2024-08-31 21:18:57,Head year ability town.,VALID
alert198440,txn10098440,suspicious_login,2024-06-23 9:37:43,TRUE,2024-06-25 11:37:43,Vote your defense leader.,VALID
alert156519,txn10056519,suspicious_login,2025-06-30 3:40:08,TRUE,2025-07-02 05:40:08,Catch at newspaper others stuff final statement.,VALID
alert117471,txn10017471,suspicious_login,2023-06-27 7:22:15,TRUE,2023-06-28 01:22:15,First former order.,VALID
alert154266,txn10054266,unusual_time,2023-08-14 1:37:15,TRUE,2023-08-15 11:37:15,Form describe family area green room despite.,VALID
alert163319,txn10063319,unusual_amount,2025-06-27 15:37:25,TRUE,2025-06-29 01:37:25,College night enjoy make.,VALID
alert199296,txn10099296,unusual_amount,2025-07-18 5:28:08,TRUE,2025-07-20 11:28:08,Wait ball hotel region wind charge according western.,VALID
alert102165,txn10002165,frequent_failure,2024-11-11 18:06:39,TRUE,2024-11-13 04:06:39,Attack bring camera foreign our later.,VALID
alert194220,txn10094220,unusual_time,2025-02-17 12:09:23,TRUE,2025-02-19 07:09:23,Cup serious food middle.,VALID
alert189834,txn10089834,suspicious_login,2025-06-23 12:35:04,TRUE,2025-06-25 00:35:04,Also rock design your industry police kid.,VALID
alert140119,txn10040119,suspicious_login,2023-05-21 2:32:14,TRUE,2023-05-22 07:32:14,Computer soon ball account.,VALID
alert151838,txn10051838,unusual_time,2025-07-05 3:45:36,TRUE,2025-07-07 16:45:36,Clearly material seem to by.,VALID
alert104060,txn10004060,suspicious_login,2022-02-20 7:43:06,TRUE,2022-02-22 20:43:06,For meet apply perhaps physical.,VALID
alert121535,txn10021535,frequent_failure,2025-06-11 5:50:03,TRUE,2025-06-12 20:50:03,Very man explain.,VALID
alert135498,txn10035498,frequent_failure,2024-11-02 7:38:37,TRUE,2024-11-04 19:38:37,Eat entire break debate talk.,VALID
alert166838,txn10066838,suspicious_login,2024-03-24 2:51:53,TRUE,2024-03-25 20:51:53,Read suggest company world gas.,VALID
alert105329,txn10005329,unusual_time,2025-02-24 13:52:00,TRUE,2025-02-26 06:52:00,Sister interest skin coach including.,VALID
alert130483,txn10030483,suspicious_login,2025-07-15 21:09:07,TRUE,2025-07-16 06:09:07,Outside arm decade.,VALID
alert153774,txn10053774,unusual_amount,2024-09-03 1:18:04,TRUE,2024-09-03 22:18:04,Front play spend list.,VALID
alert169725,txn10069725,suspicious_login,2024-12-15 18:16:54,TRUE,2024-12-18 06:16:54,House leg cold myself.,VALID
alert111168,txn10011168,frequent_failure,2023-11-14 5:25:24,FALSE,,Find word carry smile somebody city.,VALID
alert134231,txn10034231,frequent_failure,2025-05-23 5:50:24,TRUE,2025-05-23 11:50:24,Sell stand remember sea important professor.,VALID
alert141510,txn10041510,unusual_time,2025-02-10 21:26:09,FALSE,,Nothing factor to we measure phone.,VALID
alert185986,txn10085986,suspicious_login,2025-02-02 12:00:19,TRUE,2025-02-03 05:00:19,Model that could.,VALID
alert140060,txn10040060,suspicious_login,2025-05-17 10:20:34,FALSE,,Should leave opportunity it ground.,VALID
alert159211,txn10059211,frequent_failure,2025-08-05 22:13:49,TRUE,2025-08-06 05:13:49,All word eye marriage central.,VALID
alert183829,txn10083829,unusual_time,2025-06-07 9:14:38,TRUE,2025-06-10 09:14:38,Those war business.,VALID
alert154004,txn10054004,unusual_time,2024-08-01 8:49:43,TRUE,2024-08-04 05:49:43,Support long him theory.,VALID
alert122911,txn10022911,unusual_amount,2025-01-18 8:43:24,TRUE,2025-01-19 15:43:24,Cold view true significant simple investment.,VALID
alert148750,txn10048750,unusual_amount,2025-05-24 10:47:49,TRUE,2025-05-26 12:47:49,Specific he green identify piece model.,VALID
alert169033,txn10069033,frequent_failure,2025-06-06 1:50:14,TRUE,2025-06-06 09:50:14,Industry risk boy worry structure situation.,VALID
alert195431,txn10095431,frequent_failure,2024-12-14 18:29:35,TRUE,2024-12-15 07:29:35,Pretty range three camera raise since attack.,VALID
alert191167,txn10091167,unusual_time,2024-10-11 4:12:31,TRUE,2024-10-13 21:12:31,Management major writer agree.,VALID
alert111475,txn10011475,unusual_time,2024-08-27 6:57:47,TRUE,2024-08-27 12:57:47,Area project sign thank.,VALID
alert149122,txn10049122,frequent_failure,2025-02-27 6:09:46,TRUE,2025-02-27 17:09:46,Cut difference may relate rest different light.,VALID
alert140261,txn10040261,unusual_time,2025-02-18 9:10:56,TRUE,2025-02-20 18:10:56,Beat entire man be person white.,VALID
alert165349,txn10065349,unusual_amount,2024-08-11 19:53:46,TRUE,2024-08-12 05:53:46,Kid general however president management response.,VALID
alert116920,txn10016920,suspicious_login,2025-07-30 16:40:20,TRUE,2025-08-02 01:40:20,Enough expect growth news.,VALID
alert167531,txn10067531,suspicious_login,2025-02-08 8:30:03,TRUE,2025-02-08 15:30:03,Director measure speak number prepare end.,VALID
alert164318,txn10064318,unusual_time,2023-09-23 19:07:21,TRUE,2023-09-25 09:07:21,Contain area will fish at.,VALID
alert179773,txn10079773,frequent_failure,2025-02-11 19:35:23,TRUE,2025-02-13 15:35:23,Difference recognize letter pass look mind.,VALID
alert127823,txn10027823,suspicious_login,2022-10-22 14:50:39,TRUE,2022-10-25 08:50:39,After father physical discussion fish sport.,VALID
alert175006,txn10075006,unusual_amount,2025-06-10 21:03:48,TRUE,2025-06-12 01:03:48,Remember each leader speech kind first.,VALID
alert138049,txn10038049,frequent_failure,2025-07-15 1:47:22,TRUE,2025-07-17 09:47:22,Always own represent would impact.,VALID
alert121580,txn10021580,frequent_failure,2025-04-09 11:58:35,TRUE,2025-04-11 06:58:35,Activity section live fight.,VALID
alert127984,txn10027984,unusual_amount,2024-11-12 17:57:20,TRUE,2024-11-13 12:57:20,Reach group should seat.,VALID
alert148490,txn10048490,suspicious_login,2025-08-06 1:30:37,TRUE,2025-08-06 08:06:42,Perform find strong help affect turn whole.,VALID
alert149088,txn10049088,suspicious_login,2025-07-31 12:28:05,TRUE,2025-08-02 12:28:05,Writer better difficult.,VALID
alert181549,txn10081549,frequent_failure,2025-03-15 12:51:53,TRUE,2025-03-17 05:51:53,Enjoy baby lose campaign fund film.,VALID
alert113958,txn10013958,unusual_time,2025-01-10 6:47:53,TRUE,2025-01-11 14:47:53,Note home trial director success you.,VALID
alert115129,txn10015129,frequent_failure,2025-06-19 11:25:26,FALSE,,Culture among see those still.,VALID
alert122226,txn10022226,suspicious_login,2025-04-26 17:02:41,TRUE,2025-04-26 22:02:41,Center actually white senior.,VALID
alert131151,txn10031151,frequent_failure,2025-08-05 16:08:13,TRUE,2025-08-06 04:08:13,Education serious science.,VALID
alert148317,txn10048317,frequent_failure,2025-04-28 19:54:18,TRUE,2025-05-01 12:54:18,Real itself leave population country.,VALID
alert144426,txn10044426,unusual_amount,2025-01-22 19:29:56,TRUE,2025-01-23 08:29:56,Choose in pretty group.,VALID
alert145583,txn10045583,unusual_time,2024-08-15 17:03:44,TRUE,2024-08-18 00:03:44,She occur several threat light good.,VALID
alert102226,txn10002226,unusual_amount,2024-10-29 5:35:24,TRUE,2024-10-31 04:35:24,Wonder face century upon key.,VALID
alert149990,txn10049990,suspicious_login,2024-07-29 5:55:39,TRUE,2024-08-01 01:55:39,Republican church ground us west experience understand political.,VALID
alert103252,txn10003252,unusual_amount,2025-05-25 1:20:40,TRUE,2025-05-26 08:20:40,Officer whom whether bed figure pattern surface.,VALID
alert127238,txn10027238,frequent_failure,2025-08-06 0:25:21,TRUE,2025-08-06 08:06:42,Sound easy white somebody how determine enjoy.,VALID
alert171789,txn10071789,unusual_amount,2025-03-24 20:41:09,TRUE,2025-03-26 13:41:09,Family institution election also.,VALID
alert195642,txn10095642,unusual_time,2025-05-04 8:42:44,TRUE,2025-05-06 07:42:44,Back top respond reflect.,VALID
alert112566,txn10012566,frequent_failure,2025-07-06 12:40:04,TRUE,2025-07-09 11:40:04,Find relate story.,VALID
alert129704,txn10029704,unusual_amount,2025-07-15 5:59:33,TRUE,2025-07-15 23:59:33,Provide model position catch book prevent impact.,VALID
alert132324,txn10032324,unusual_amount,2025-08-05 21:22:21,TRUE,2025-08-06 08:06:42,Treat party government from not care seem million.,VALID
alert154725,txn10054725,unusual_amount,2023-03-27 9:30:08,TRUE,2023-03-27 18:30:08,Available least remember carry black or picture.,VALID
alert128260,txn10028260,frequent_failure,2025-07-01 7:32:08,TRUE,2025-07-02 05:32:08,Voice while knowledge piece daughter owner baby major.,VALID
alert132000,txn10032000,suspicious_login,2024-07-04 5:25:09,TRUE,2024-07-06 23:25:09,Street cover answer early measure mouth.,VALID
alert121878,txn10021878,unusual_amount,2024-08-26 15:12:22,TRUE,2024-08-29 08:12:22,Research generation true news.,VALID
alert179730,txn10079730,unusual_amount,2025-04-06 3:31:42,TRUE,2025-04-08 00:31:42,Away fine kind report free.,VALID
alert199662,txn10099662,unusual_amount,2025-07-07 20:03:33,TRUE,2025-07-10 09:03:33,None pressure nothing large.,VALID
alert134261,txn10034261,frequent_failure,2025-08-02 1:44:00,TRUE,2025-08-04 10:44:00,Point resource range product occur entire.,VALID
alert140818,txn10040818,frequent_failure,2025-03-07 5:20:28,TRUE,2025-03-08 20:20:28,Career matter decision environment understand treatment hospital.,VALID
alert174154,txn10074154,frequent_failure,2025-02-11 3:10:47,TRUE,2025-02-13 18:10:47,Civil top summer by certain.,VALID
alert180917,txn10080917,frequent_failure,2025-03-31 14:28:15,TRUE,2025-04-01 05:28:15,Add ever significant.,VALID
alert122799,txn10022799,frequent_failure,2025-08-04 4:46:46,TRUE,2025-08-05 02:46:46,Provide success best support husband field little our.,VALID
alert136679,txn10036679,frequent_failure,2024-07-05 6:01:53,TRUE,2024-07-08 05:01:53,Special prevent in network position.,VALID
alert175398,txn10075398,frequent_failure,2025-03-29 23:10:48,TRUE,2025-03-30 02:10:48,Team mouth garden here.,VALID
alert179847,txn10079847,frequent_failure,2025-07-05 7:35:57,TRUE,2025-07-05 08:35:57,Kitchen four impact thus.,VALID
alert147681,txn10047681,unusual_time,2024-05-20 16:23:00,TRUE,2024-05-20 19:23:00,Real the serve however information member industry.,VALID
alert191091,txn10091091,unusual_amount,2025-04-01 1:36:20,FALSE,,Let although leave reveal soldier listen green.,VALID
alert162386,txn10062386,unusual_amount,2025-07-25 11:55:13,TRUE,2025-07-25 19:55:13,Respond rate order.,VALID
alert146733,txn10046733,frequent_failure,2023-04-27 19:10:35,TRUE,2023-04-30 13:10:35,About ok management international far have baby produce.,VALID
alert101022,txn10001022,unusual_time,2025-04-23 22:57:01,TRUE,2025-04-26 12:57:01,Serious mind attack business.,VALID
alert142569,txn10042569,suspicious_login,2024-10-11 15:53:42,TRUE,2024-10-14 01:53:42,Recent job explain draw check.,VALID
alert144851,txn10044851,frequent_failure,2025-03-27 8:57:52,TRUE,2025-03-28 20:57:52,Little more skin.,VALID
alert131810,txn10031810,frequent_failure,2024-01-09 10:33:07,TRUE,2024-01-10 00:33:07,Employee none name face actually knowledge wide bill.,VALID
alert161432,txn10061432,frequent_failure,2025-08-03 1:00:55,TRUE,2025-08-04 20:00:55,Baby brother ground fill far resource owner.,VALID
alert160551,txn10060551,frequent_failure,2024-06-12 21:48:32,FALSE,,Despite prepare open especially.,VALID
alert133897,txn10033897,unusual_amount,2024-02-12 1:20:13,TRUE,2024-02-14 06:20:13,Go people view building surface standard garden.,VALID
alert162124,txn10062124,suspicious_login,2024-05-24 18:02:57,TRUE,2024-05-27 08:02:57,Prove left blue build.,VALID
alert131673,txn10031673,suspicious_login,2023-06-22 23:42:29,TRUE,2023-06-24 11:42:29,Lose manager what piece rich nature season.,VALID
alert110166,txn10010166,unusual_amount,2025-01-21 5:50:23,FALSE,,Rise surface section eight their.,VALID
alert114218,txn10014218,unusual_amount,2025-02-05 12:51:12,TRUE,2025-02-07 14:51:12,Game skin whether as property follow.,VALID
alert196616,txn10096616,suspicious_login,2025-05-29 4:45:12,TRUE,2025-05-29 14:45:12,Know simple player tell I catch.,VALID
alert172981,txn10072981,unusual_time,2025-05-19 3:24:57,TRUE,2025-05-21 06:24:57,History identify town prove subject.,VALID
alert120371,txn10020371,frequent_failure,2025-07-11 7:51:10,FALSE,,Physical actually staff first.,VALID
alert131496,txn10031496,unusual_time,2025-06-24 9:53:13,TRUE,2025-06-25 05:53:13,Possible large peace second as its.,VALID
alert101333,txn10001333,unusual_amount,2025-06-21 11:53:51,TRUE,2025-06-23 22:53:51,Song back someone training.,VALID
alert110062,txn10010062,frequent_failure,2025-07-05 6:58:25,TRUE,2025-07-07 19:58:25,Daughter more interesting red politics painting.,VALID
alert143461,txn10043461,suspicious_login,2025-06-16 17:51:50,FALSE,,Discover yourself up professor.,VALID
alert117053,txn10017053,suspicious_login,2024-09-11 7:19:44,TRUE,2024-09-12 05:19:44,Which method thing will capital in.,VALID
alert193576,txn10093576,unusual_amount,2023-10-30 19:47:25,TRUE,2023-10-31 06:47:25,Mr our leader into significant agency because region.,VALID
alert160124,txn10060124,unusual_time,2024-08-05 14:04:44,TRUE,2024-08-06 16:04:44,Time apply reduce east top.,VALID
alert192638,txn10092638,suspicious_login,2025-03-28 6:37:39,FALSE,,Say run staff baby positive have.,VALID
alert127696,txn10027696,frequent_failure,2023-03-22 4:32:37,TRUE,2023-03-22 16:32:37,Or peace political.,VALID
alert177495,txn10077495,unusual_time,2024-04-12 17:33:33,TRUE,2024-04-12 23:33:33,Tough sense fire bed book.,VALID
alert126702,txn10026702,suspicious_login,2025-02-26 12:36:17,TRUE,2025-03-01 04:36:17,End by hand degree prevent someone.,VALID
alert172099,txn10072099,frequent_failure,2024-08-31 15:23:20,TRUE,2024-09-03 12:23:20,Police I everything.,VALID
alert104112,txn10004112,unusual_amount,2021-12-25 6:47:55,TRUE,2021-12-26 12:47:55,Yet left relate note phone.,VALID
alert158249,txn10058249,suspicious_login,2025-07-02 2:22:52,TRUE,2025-07-03 18:22:52,College type kitchen concern recent cause.,VALID
alert102752,txn10002752,unusual_time,2024-08-05 19:24:54,TRUE,2024-08-05 22:24:54,Wear treatment mother those another stage.,VALID
alert150996,txn10050996,unusual_amount,2024-08-17 5:33:35,TRUE,2024-08-19 08:33:35,Realize order another development woman toward.,VALID
alert160811,txn10060811,unusual_amount,2023-12-05 3:11:16,TRUE,2023-12-07 22:11:16,Future town natural.,VALID
alert181678,txn10081678,unusual_amount,2024-11-16 7:57:34,TRUE,2024-11-17 14:57:34,Central set however himself.,VALID
alert171400,txn10071400,unusual_amount,2023-08-25 10:19:21,TRUE,2023-08-27 21:19:21,Quickly who cut forward light.,VALID
alert104856,txn10004856,unusual_amount,2023-11-23 9:34:22,FALSE,,Grow long seven last glass.,VALID
alert191068,txn10091068,unusual_amount,2025-07-25 23:01:50,TRUE,2025-07-28 13:01:50,Whole camera employee drive.,VALID
alert161108,txn10061108,unusual_amount,2025-01-01 12:01:27,TRUE,2025-01-02 08:01:27,Everything order either movie claim.,VALID
alert159052,txn10059052,frequent_failure,2025-04-21 12:45:14,TRUE,2025-04-23 14:45:14,Road agree former without.,VALID
alert185971,txn10085971,unusual_amount,2025-07-01 10:18:32,TRUE,2025-07-02 11:18:32,Letter four war.,VALID
alert175136,txn10075136,unusual_time,2025-01-17 20:01:33,TRUE,2025-01-20 01:01:33,Market hard since story make manager star instead.,VALID
alert178861,txn10078861,frequent_failure,2025-07-05 7:37:24,TRUE,2025-07-06 19:37:24,Sense special prepare surface trouble.,VALID
alert182318,txn10082318,unusual_time,2025-07-16 9:02:59,TRUE,2025-07-19 06:02:59,Probably simple relate minute reflect how.,VALID
alert145828,txn10045828,frequent_failure,2025-08-05 5:25:07,TRUE,2025-08-06 08:06:42,Difference three seven run card.,VALID
alert192701,txn10092701,unusual_time,2025-06-21 14:19:18,TRUE,2025-06-23 00:19:18,Close however could scene side industry.,VALID
alert165729,txn10065729,frequent_failure,2024-03-16 22:26:29,TRUE,2024-03-17 03:26:29,Or name those sport.,VALID
alert174265,txn10074265,unusual_amount,2025-05-27 13:01:47,TRUE,2025-05-27 22:01:47,Student report professional former hotel.,VALID
alert184353,txn10084353,frequent_failure,2025-05-16 1:06:42,TRUE,2025-05-17 16:06:42,Yeah interesting idea interesting body right forget.,VALID
alert152502,txn10052502,unusual_amount,2025-07-30 8:05:48,TRUE,2025-07-31 02:05:48,Sport natural book federal step section.,VALID
alert185519,txn10085519,unusual_time,2025-08-02 21:19:10,TRUE,2025-08-05 12:19:10,Identify magazine low military recognize.,VALID
alert108043,txn10008043,unusual_amount,2025-06-27 19:35:17,TRUE,2025-06-30 12:35:17,Not all board.,VALID
alert162432,txn10062432,suspicious_login,2025-06-29 21:25:57,TRUE,2025-06-30 12:25:57,Industry strong officer sit.,VALID
alert155281,txn10055281,unusual_time,2025-02-06 7:04:45,TRUE,2025-02-08 01:04:45,Old new pick heart.,VALID
alert134053,txn10034053,frequent_failure,2025-07-26 15:37:26,TRUE,2025-07-29 01:37:26,Painting foot there time leg reveal within assume.,VALID
alert172038,txn10072038,unusual_amount,2025-01-20 1:28:11,TRUE,2025-01-22 23:28:11,Door hit strategy story month.,VALID
alert188869,txn10088869,unusual_time,2024-12-24 9:42:46,FALSE,,War study experience likely way alone think.,VALID
alert191331,txn10091331,suspicious_login,2023-08-17 12:49:22,TRUE,2023-08-18 18:49:22,Commercial debate social girl.,VALID
alert114127,txn10014127,unusual_time,2023-11-29 5:16:21,TRUE,2023-11-30 01:16:21,Each interview lose land day degree science.,VALID
alert195977,txn10095977,unusual_amount,2023-06-23 7:37:40,TRUE,2023-06-25 08:37:40,Cover believe tonight talk star onto phone doctor.,VALID
alert100773,txn10000773,suspicious_login,2025-02-19 19:48:51,TRUE,2025-02-21 18:48:51,Kid night car trouble role public tonight.,VALID
alert160177,txn10060177,suspicious_login,2025-06-19 3:36:18,TRUE,2025-06-19 07:36:18,Important early tend tell involve.,VALID
alert175291,txn10075291,suspicious_login,2025-03-26 11:03:36,TRUE,2025-03-27 18:03:36,Citizen hotel part.,VALID
alert193036,txn10093036,frequent_failure,2025-05-23 10:30:30,TRUE,2025-05-26 01:30:30,Protect up brother.,VALID
alert191184,txn10091184,unusual_amount,2025-01-08 8:44:29,TRUE,2025-01-09 18:44:29,Key cultural book.,VALID
alert148782,txn10048782,unusual_time,2025-04-11 13:46:15,TRUE,2025-04-12 07:46:15,Nothing all mind sea no.,VALID
alert138702,txn10038702,unusual_amount,2024-08-13 1:58:35,FALSE,,Visit employee nor how gun eye view power.,VALID
alert106973,txn10006973,frequent_failure,2025-07-28 16:09:34,TRUE,2025-07-28 20:09:34,Participant eye serious street enjoy and customer.,VALID
alert142295,txn10042295,frequent_failure,2025-04-28 13:37:45,TRUE,2025-04-30 15:37:45,Occur hold husband picture least though only.,VALID
alert194680,txn10094680,suspicious_login,2023-01-25 13:24:14,TRUE,2023-01-27 22:24:14,Church attorney matter foreign.,VALID
alert180307,txn10080307,unusual_time,2024-11-19 6:57:27,TRUE,2024-11-20 15:57:27,Possible result stage break structure beautiful at.,VALID
alert110252,txn10010252,suspicious_login,2025-06-08 19:03:18,TRUE,2025-06-11 17:03:18,Hair money speak agreement better to.,VALID
alert176556,txn10076556,suspicious_login,2025-07-22 5:33:44,FALSE,,Cause care administration computer special.,VALID
alert155951,txn10055951,frequent_failure,2025-06-01 14:31:53,TRUE,2025-06-02 13:31:53,View yard color help tend degree.,VALID
alert173176,txn10073176,suspicious_login,2025-08-06 3:24:30,TRUE,2025-08-06 08:06:42,Car particular create blood entire probably.,VALID
alert104255,txn10004255,unusual_time,2023-07-12 17:31:14,TRUE,2023-07-14 09:31:14,Technology live let none.,VALID
alert144666,txn10044666,suspicious_login,2025-07-29 22:34:49,TRUE,2025-07-30 15:34:49,The design class allow write.,VALID
alert114757,txn10014757,suspicious_login,2025-04-28 17:14:27,FALSE,,Season name interest before lawyer assume.,VALID
alert196297,txn10096297,unusual_amount,2025-06-12 17:15:31,TRUE,2025-06-15 16:15:31,Role whether direction yourself reason.,VALID
alert168680,txn10068680,unusual_amount,2025-05-21 1:22:24,TRUE,2025-05-23 12:22:24,Respond head economic teacher.,VALID
alert167791,txn10067791,unusual_amount,2025-07-15 12:35:04,TRUE,2025-07-17 14:35:04,Physical kid whole old fall make.,VALID
alert142646,txn10042646,suspicious_login,2025-03-25 6:47:30,TRUE,2025-03-26 09:47:30,My over your dog democratic executive.,VALID
alert149387,txn10049387,frequent_failure,2024-04-04 6:19:11,FALSE,,Hour side resource want some consumer capital.,VALID
alert173515,txn10073515,unusual_time,2024-05-19 17:11:12,TRUE,2024-05-21 16:11:12,Lay teacher sign pressure responsibility throughout.,VALID
alert158876,txn10058876,suspicious_login,2025-07-23 20:55:52,FALSE,,Speech traditional because sometimes war rate budget program.,VALID
alert102374,txn10002374,suspicious_login,2025-02-10 10:36:11,TRUE,2025-02-11 06:36:11,Cultural while war direction join either.,VALID
alert172855,txn10072855,frequent_failure,2025-08-06 5:01:26,TRUE,2025-08-06 08:06:42,Upon fact late I couple.,VALID
alert163887,txn10063887,unusual_time,2025-05-14 6:26:01,TRUE,2025-05-15 03:26:01,Beautiful film community once husband majority.,VALID
alert186120,txn10086120,suspicious_login,2022-10-22 21:13:02,TRUE,2022-10-24 20:13:02,Approach sport collection senior.,VALID
alert188855,txn10088855,unusual_amount,2025-01-29 14:16:49,TRUE,2025-01-30 03:16:49,Month city color discover community.,VALID
alert126472,txn10026472,suspicious_login,2025-06-29 2:31:36,TRUE,2025-06-30 09:31:36,Sell lay half particular.,VALID
alert185338,txn10085338,unusual_amount,2025-07-15 8:44:23,TRUE,2025-07-16 00:44:23,Great customer away want while cup.,VALID
alert176018,txn10076018,unusual_time,2025-02-12 14:15:28,TRUE,2025-02-12 15:15:28,Serious dream operation force serve guess share.,VALID
alert123633,txn10023633,frequent_failure,2025-02-04 2:43:23,TRUE,2025-02-05 15:43:23,Off knowledge live security top bag.,VALID
alert180556,txn10080556,suspicious_login,2025-07-09 4:05:25,TRUE,2025-07-10 23:05:25,Laugh serious nature health.,VALID
alert150107,txn10050107,suspicious_login,2025-01-26 20:34:58,TRUE,2025-01-26 23:34:58,South on play whatever civil.,VALID
alert141667,txn10041667,frequent_failure,2025-04-18 3:07:55,TRUE,2025-04-21 03:07:55,Nice your voice drive can institution three leg.,VALID
alert128779,txn10028779,frequent_failure,2025-01-29 1:44:43,TRUE,2025-01-29 21:44:43,Cause entire act century claim that.,VALID
alert105960,txn10005960,frequent_failure,2025-06-14 3:51:35,TRUE,2025-06-15 13:51:35,Each standard staff myself significant.,VALID
alert160283,txn10060283,unusual_amount,2024-11-01 8:46:38,TRUE,2024-11-02 06:46:38,Successful public change expect need spring.,VALID
alert190096,txn10090096,unusual_time,2024-02-24 19:07:16,TRUE,2024-02-27 16:07:16,Itself green student unit.,VALID
alert174844,txn10074844,unusual_amount,2025-05-19 22:27:34,TRUE,2025-05-20 17:27:34,Mother strong memory no be born.,VALID
alert198958,txn10098958,frequent_failure,2025-05-03 4:36:55,TRUE,2025-05-03 06:36:55,Woman family poor deep country color its.,VALID
alert149258,txn10049258,unusual_time,2025-05-12 19:28:17,TRUE,2025-05-13 22:28:17,Class far my maybe.,VALID
alert150014,txn10050014,frequent_failure,2025-07-30 10:16:23,TRUE,2025-07-30 13:16:23,Feel fine dinner simply point soldier drop.,VALID
alert135705,txn10035705,unusual_time,2025-07-31 15:40:25,TRUE,2025-08-01 06:40:25,Method fall today real item off page kind.,VALID
alert103344,txn10003344,frequent_failure,2023-08-04 15:30:22,TRUE,2023-08-06 07:30:22,Range source store site education enough drug.,VALID
alert138071,txn10038071,unusual_time,2024-03-29 2:04:02,TRUE,2024-03-30 13:04:02,Game season me property.,VALID
alert116753,txn10016753,suspicious_login,2025-08-05 9:06:39,TRUE,2025-08-05 11:06:39,Least every like political far summer name hospital.,VALID
alert100052,txn10000052,suspicious_login,2024-10-06 1:00:25,FALSE,,Letter support standard glass decide.,VALID
alert141201,txn10041201,frequent_failure,2025-07-09 1:15:06,TRUE,2025-07-09 21:15:06,Close test during down fill development firm.,VALID
alert197796,txn10097796,suspicious_login,2025-05-20 9:08:18,TRUE,2025-05-21 20:08:18,Soldier old whom.,VALID
alert107228,txn10007228,suspicious_login,2025-03-12 4:49:20,TRUE,2025-03-14 13:49:20,Service might my.,VALID
alert137236,txn10037236,frequent_failure,2024-03-24 11:44:20,FALSE,,Speech hot top mother these.,VALID
alert172607,txn10072607,suspicious_login,2025-05-21 13:14:32,TRUE,2025-05-22 01:14:32,Data bring there see officer member allow window.,VALID
alert149129,txn10049129,unusual_time,2023-09-08 21:35:21,TRUE,2023-09-11 07:35:21,Our speak until charge floor.,VALID
alert156712,txn10056712,unusual_time,2024-02-15 12:21:50,TRUE,2024-02-16 08:21:50,Girl during traditional discuss sea environmental want.,VALID
alert177382,txn10077382,unusual_amount,2025-08-06 1:48:54,TRUE,2025-08-06 08:06:42,Save animal white culture.,VALID
alert109661,txn10009661,unusual_amount,2025-06-12 11:16:07,TRUE,2025-06-13 08:16:07,Yes truth piece prevent.,VALID
alert122767,txn10022767,unusual_amount,2022-06-10 22:53:44,TRUE,2022-06-12 05:53:44,Heavy significant trial away pattern.,VALID
alert107966,txn10007966,suspicious_login,2024-11-12 21:44:55,TRUE,2024-11-15 09:44:55,Final poor speak center rate but recognize.,VALID
alert152425,txn10052425,unusual_amount,2025-03-29 4:45:31,FALSE,,Onto political right important strong our make.,VALID
alert154636,txn10054636,frequent_failure,2024-05-07 9:40:09,TRUE,2024-05-07 10:40:09,Forward guess yeah stand eight.,VALID
alert165851,txn10065851,frequent_failure,2023-04-04 1:17:47,TRUE,2023-04-06 20:17:47,Why government crime mention join improve.,VALID
alert178354,txn10078354,unusual_amount,2025-03-09 20:17:15,TRUE,2025-03-11 07:17:15,Show beautiful human let much class both.,VALID
alert104162,txn10004162,frequent_failure,2025-05-05 7:07:42,TRUE,2025-05-05 13:07:42,Culture eat concern for key mean hour.,VALID
alert194042,txn10094042,unusual_time,2025-05-16 10:19:29,TRUE,2025-05-19 09:19:29,Sure major smile from new rest parent.,VALID
alert171897,txn10071897,unusual_time,2025-05-13 15:39:20,TRUE,2025-05-15 08:39:20,Place improve structure.,VALID
alert175043,txn10075043,frequent_failure,2025-05-20 3:43:38,TRUE,2025-05-22 19:43:38,Base might position hundred.,VALID
alert150962,txn10050962,frequent_failure,2025-06-11 10:17:21,FALSE,,Hundred occur quite scene.,VALID
alert121118,txn10021118,suspicious_login,2025-07-05 7:53:45,TRUE,2025-07-05 18:53:45,Not discussion anyone wind assume tell.,VALID
alert114256,txn10014256,unusual_time,2023-06-18 2:50:48,TRUE,2023-06-20 00:50:48,Nation around garden certain.,VALID
alert126598,txn10026598,frequent_failure,2025-02-03 23:43:55,TRUE,2025-02-06 10:43:55,Shake character run president hear rich deal.,VALID
alert135884,txn10035884,frequent_failure,2025-08-04 5:46:26,TRUE,2025-08-06 00:46:26,Piece move pay without.,VALID
alert178108,txn10078108,unusual_amount,2024-12-03 3:37:22,FALSE,,Soldier spring black citizen language worry.,VALID
alert189115,txn10089115,unusual_time,2025-07-14 3:51:32,FALSE,,Others business so letter.,VALID
alert130211,txn10030211,unusual_time,2023-11-15 8:39:18,TRUE,2023-11-18 00:39:18,Prove ability despite protect food fund go.,VALID
alert120129,txn10020129,unusual_amount,2025-07-26 3:43:08,TRUE,2025-07-29 00:43:08,Learn generation reduce one.,VALID
alert151498,txn10051498,unusual_amount,2024-11-02 22:06:21,TRUE,2024-11-05 11:06:21,Girl prepare sort population population person.,VALID
alert107841,txn10007841,unusual_time,2024-06-13 8:46:26,TRUE,2024-06-15 08:46:26,Produce trial among discuss.,VALID
alert176447,txn10076447,suspicious_login,2025-05-09 1:52:58,TRUE,2025-05-10 07:52:58,Often behavior improve that.,VALID
alert172123,txn10072123,frequent_failure,2025-03-04 20:19:56,TRUE,2025-03-05 05:19:56,Like exist bring dog people room.,VALID
alert162773,txn10062773,unusual_time,2025-07-03 9:05:08,TRUE,2025-07-06 03:05:08,Catch season college approach memory.,VALID
alert114713,txn10014713,suspicious_login,2025-03-30 4:47:28,TRUE,2025-03-31 16:47:28,Forget character least toward wait nothing strong.,VALID
alert151236,txn10051236,suspicious_login,2023-10-18 10:52:42,FALSE,,Health ready responsibility they college pretty since.,VALID
alert133530,txn10033530,suspicious_login,2024-04-25 5:18:55,TRUE,2024-04-25 08:18:55,Raise need option do past despite pattern oil.,VALID
alert140826,txn10040826,unusual_amount,2025-06-16 0:28:18,TRUE,2025-06-17 23:28:18,Cover have prevent else.,VALID
alert162453,txn10062453,unusual_time,2024-02-20 18:02:02,TRUE,2024-02-23 01:02:02,Sure parent deal air write free.,VALID
alert192203,txn10092203,unusual_time,2024-07-01 6:20:05,TRUE,2024-07-02 00:20:05,Receive whether even final impact.,VALID
alert152603,txn10052603,frequent_failure,2025-07-29 17:31:55,TRUE,2025-08-01 15:31:55,Long return message never environmental.,VALID
alert163592,txn10063592,unusual_time,2024-10-31 16:58:20,TRUE,2024-11-01 05:58:20,Military character out better class check more.,VALID
alert131592,txn10031592,frequent_failure,2025-01-31 17:53:39,TRUE,2025-02-02 06:53:39,Return century pretty gas my far back affect.,VALID
alert144759,txn10044759,frequent_failure,2024-06-28 12:15:36,FALSE,,Rock interview crime sort.,VALID
alert129000,txn10029000,frequent_failure,2021-11-11 14:16:11,TRUE,2021-11-13 20:16:11,Concern line kind stock beautiful.,VALID
alert192051,txn10092051,unusual_amount,2023-11-21 17:24:38,TRUE,2023-11-22 15:24:38,City security daughter media.,VALID
alert115741,txn10015741,unusual_amount,2024-09-05 8:17:57,TRUE,2024-09-07 18:17:57,Clearly shake environmental suggest even who.,VALID
alert198285,txn10098285,unusual_time,2025-06-29 11:37:45,FALSE,,Republican before industry left per certain.,VALID
alert134389,txn10034389,unusual_time,2023-12-05 19:51:54,TRUE,2023-12-07 02:51:54,Break deep executive safe.,VALID
alert172682,txn10072682,unusual_time,2025-04-07 16:58:25,TRUE,2025-04-10 05:58:25,More measure tree that key.,VALID
alert121097,txn10021097,frequent_failure,2025-07-08 10:33:42,TRUE,2025-07-11 09:33:42,Business edge player box.,VALID
alert169230,txn10069230,frequent_failure,2025-01-24 0:20:24,TRUE,2025-01-26 20:20:24,Now four worry responsibility for break.,VALID
alert108700,txn10008700,frequent_failure,2024-11-20 11:11:30,TRUE,2024-11-22 21:11:30,Statement rise everyone.,VALID
alert183640,txn10083640,unusual_time,2025-06-14 18:24:39,TRUE,2025-06-17 08:24:39,Data evidence yard great.,VALID
alert129947,txn10029947,unusual_amount,2025-06-13 5:27:37,FALSE,,Fast world black figure.,VALID
alert140442,txn10040442,unusual_amount,2025-06-04 13:52:31,TRUE,2025-06-05 22:52:31,Pressure recent score your letter discuss opportunity weight.,VALID
alert124223,txn10024223,unusual_amount,2025-02-22 10:34:08,TRUE,2025-02-23 16:34:08,Us fill daughter program finally thank worry.,VALID
alert125909,txn10025909,frequent_failure,2025-05-01 3:49:04,TRUE,2025-05-04 02:49:04,Food reason hospital.,VALID
alert135451,txn10035451,suspicious_login,2025-04-29 12:25:33,TRUE,2025-04-30 02:25:33,Billion reality miss I blood.,VALID
alert124312,txn10024312,unusual_amount,2025-05-21 21:19:29,TRUE,2025-05-22 18:19:29,Decision why against yard turn pressure realize even.,VALID
alert120967,txn10020967,frequent_failure,2025-07-31 22:34:44,TRUE,2025-08-03 16:34:44,Trouble ask experience cut.,VALID
alert171444,txn10071444,frequent_failure,2025-06-01 18:32:17,TRUE,2025-06-03 06:32:17,Near career chance heavy there right herself.,VALID
alert197948,txn10097948,unusual_amount,2025-01-17 10:22:22,TRUE,2025-01-18 00:22:22,Maintain sign find key network memory.,VALID
alert194027,txn10094027,suspicious_login,2023-11-11 10:20:42,TRUE,2023-11-13 02:20:42,Task spring end rather.,VALID
alert121974,txn10021974,unusual_time,2024-01-06 6:05:10,TRUE,2024-01-08 00:05:10,Summer wonder purpose pretty cut drop both.,VALID
alert138189,txn10038189,unusual_time,2024-03-29 15:59:28,TRUE,2024-03-30 22:59:28,Once decade record bar million color young.,VALID
alert193658,txn10093658,unusual_amount,2025-02-16 16:30:35,TRUE,2025-02-18 01:30:35,Similar indicate particularly age.,VALID
alert183755,txn10083755,unusual_time,2025-01-10 0:29:52,TRUE,2025-01-10 19:29:52,Result institution fund tree some court.,VALID
alert102822,txn10002822,frequent_failure,2024-12-19 0:20:15,TRUE,2024-12-21 16:20:15,Follow check design fall player behind.,VALID
alert194269,txn10094269,unusual_amount,2025-04-30 11:24:39,TRUE,2025-05-01 11:24:39,Clearly truth writer deal.,VALID
alert175276,txn10075276,suspicious_login,2025-01-27 6:26:49,FALSE,,Teach five set miss above begin behind.,VALID
alert150815,txn10050815,frequent_failure,2025-07-27 9:15:28,TRUE,2025-07-30 02:15:28,Might quality write left drive.,VALID
alert111094,txn10011094,suspicious_login,2025-05-13 17:20:30,TRUE,2025-05-15 22:20:30,Lay toward crime value there everything foreign.,VALID
alert192892,txn10092892,suspicious_login,2025-06-30 19:29:54,TRUE,2025-07-01 07:29:54,Report wish southern particular condition.,VALID
alert131885,txn10031885,unusual_amount,2024-10-22 7:04:38,FALSE,,From senior near avoid.,VALID
alert120398,txn10020398,frequent_failure,2022-10-02 13:59:32,TRUE,2022-10-04 06:59:32,Arm education nothing star many win.,VALID
alert100684,txn10000684,unusual_time,2024-10-07 12:17:48,TRUE,2024-10-07 16:17:48,Amount forget body role understand.,VALID
alert194403,txn10094403,suspicious_login,2025-01-27 1:00:40,TRUE,2025-01-27 16:00:40,Minute social east opportunity hold.,VALID
alert120200,txn10020200,suspicious_login,2025-08-03 6:10:47,TRUE,2025-08-04 19:10:47,Again me head law perhaps site minute.,VALID
alert139957,txn10039957,unusual_amount,2023-07-08 11:54:30,TRUE,2023-07-11 08:54:30,Truth as Mr outside him.,VALID
alert103737,txn10003737,frequent_failure,2025-07-18 21:35:53,TRUE,2025-07-21 07:35:53,More apply quality song.,VALID
alert109447,txn10009447,unusual_amount,2023-11-18 10:30:05,TRUE,2023-11-19 15:30:05,Majority society eat magazine career point.,VALID
alert119879,txn10019879,suspicious_login,2025-02-21 7:21:03,TRUE,2025-02-22 19:21:03,Protect pay during up pattern sit.,VALID
alert115380,txn10015380,suspicious_login,2025-07-06 3:36:50,TRUE,2025-07-06 14:36:50,Kitchen across young local anyone especially discussion.,VALID
alert167194,txn10067194,frequent_failure,2025-06-05 4:58:05,TRUE,2025-06-06 10:58:05,Effort instead adult it station.,VALID
alert172040,txn10072040,unusual_amount,2025-06-07 12:02:23,TRUE,2025-06-10 10:02:23,Feeling fine such likely city lot painting.,VALID
alert166282,txn10066282,unusual_time,2025-07-10 3:31:34,TRUE,2025-07-10 23:31:34,Set have determine.,VALID
alert151910,txn10051910,unusual_time,2024-02-14 5:36:10,FALSE,,Practice pass wall player sure cover.,VALID
alert158880,txn10058880,frequent_failure,2025-04-06 14:20:26,TRUE,2025-04-08 00:20:26,Process ball here hospital.,VALID
alert110597,txn10010597,unusual_amount,2025-03-03 8:49:31,TRUE,2025-03-05 12:49:31,Lawyer camera carry east.,VALID
alert187710,txn10087710,unusual_time,2022-08-08 21:42:33,TRUE,2022-08-10 20:42:33,His particularly school notice.,VALID
alert149504,txn10049504,unusual_time,2023-12-27 14:09:04,TRUE,2023-12-30 14:09:04,Son treatment letter paper benefit.,VALID
alert108124,txn10008124,frequent_failure,2024-10-09 11:28:34,TRUE,2024-10-11 23:28:34,Never recently heavy voice.,VALID
alert143064,txn10043064,unusual_amount,2022-02-08 9:52:39,TRUE,2022-02-09 01:52:39,Animal both nature woman.,VALID
alert148973,txn10048973,suspicious_login,2025-02-08 17:51:26,TRUE,2025-02-09 20:51:26,Record believe section its hope so.,VALID
alert128060,txn10028060,frequent_failure,2024-06-20 19:00:48,TRUE,2024-06-23 11:00:48,Together rise former center push.,VALID
alert175414,txn10075414,unusual_amount,2025-07-20 9:37:01,TRUE,2025-07-23 04:37:01,Magazine amount describe feeling itself will wish grow.,VALID
alert192760,txn10092760,unusual_time,2025-07-24 13:31:38,TRUE,2025-07-25 10:31:38,Later left which put when society.,VALID
alert127253,txn10027253,unusual_amount,2025-06-04 0:51:38,TRUE,2025-06-06 07:51:38,Itself respond chance believe member professor cultural.,VALID
alert158177,txn10058177,unusual_amount,2025-07-10 15:59:55,TRUE,2025-07-11 08:59:55,Stand general within their history floor.,VALID
alert187435,txn10087435,unusual_amount,2023-10-28 3:59:11,TRUE,2023-10-29 02:59:11,Public right figure large mission likely front get.,VALID
alert142555,txn10042555,unusual_amount,2024-11-07 22:43:36,FALSE,,Decide understand final research special.,VALID
alert113840,txn10013840,unusual_amount,2025-07-29 19:25:47,TRUE,2025-07-29 20:25:47,Investment leave general art.,VALID
alert195888,txn10095888,unusual_time,2025-05-16 7:53:49,TRUE,2025-05-16 16:53:49,Explain herself decade particularly.,VALID
alert124521,txn10024521,unusual_time,2024-03-12 23:20:17,TRUE,2024-03-15 04:20:17,Former single how among fall main.,VALID
alert115520,txn10015520,frequent_failure,2025-08-01 16:58:48,TRUE,2025-08-02 21:58:48,Run ground responsibility challenge dinner authority.,VALID
alert106774,txn10006774,unusual_amount,2025-07-28 12:43:12,FALSE,,Room from peace mention fall adult.,VALID
alert112209,txn10012209,unusual_amount,2023-01-08 11:07:29,TRUE,2023-01-10 07:07:29,Again husband themselves training what.,VALID
alert183998,txn10083998,unusual_time,2024-01-18 19:42:04,FALSE,,Sort hope air happen low.,VALID
alert124473,txn10024473,unusual_time,2025-07-25 4:19:08,TRUE,2025-07-27 17:19:08,Cut start war agree success management establish young.,VALID
alert159621,txn10059621,unusual_amount,2023-07-27 13:29:41,TRUE,2023-07-29 05:29:41,Also enough human.,VALID
alert178023,txn10078023,unusual_time,2024-11-26 10:20:52,TRUE,2024-11-28 12:20:52,Tough nature few.,VALID
alert106987,txn10006987,frequent_failure,2025-05-11 7:42:54,TRUE,2025-05-13 10:42:54,Perhaps involve check people local think.,VALID
alert179565,txn10079565,frequent_failure,2025-07-24 16:14:51,TRUE,2025-07-27 01:14:51,Executive prepare before.,VALID
alert132146,txn10032146,suspicious_login,2024-12-22 18:00:11,TRUE,2024-12-24 18:00:11,Fund officer about increase college deal budget.,VALID
alert197622,txn10097622,suspicious_login,2025-01-06 8:52:55,TRUE,2025-01-06 14:52:55,Prepare nearly third management.,VALID
alert197379,txn10097379,frequent_failure,2024-12-02 23:59:26,TRUE,2024-12-03 06:59:26,Interest none sound create.,VALID
alert129504,txn10029504,unusual_amount,2024-09-23 8:01:19,TRUE,2024-09-23 20:01:19,Often wall civil happy American box address.,VALID
alert163661,txn10063661,frequent_failure,2025-07-15 2:57:34,TRUE,2025-07-17 01:57:34,Wait mention already eight college thing.,VALID
alert145119,txn10045119,unusual_amount,2025-08-06 4:03:57,TRUE,2025-08-06 08:06:42,Full end former value indeed shake.,VALID
alert190183,txn10090183,frequent_failure,2025-02-27 8:49:51,FALSE,,Sister happy peace cover.,VALID
alert117691,txn10017691,frequent_failure,2025-07-23 20:46:24,TRUE,2025-07-24 21:46:24,What dinner PM sometimes body share.,VALID
alert154289,txn10054289,unusual_time,2025-07-22 12:32:27,TRUE,2025-07-24 08:32:27,A standard possible no.,VALID
alert150023,txn10050023,unusual_amount,2025-07-06 10:31:52,TRUE,2025-07-08 12:31:52,Drug both outside improve push speech inside.,VALID
alert158403,txn10058403,frequent_failure,2025-07-05 21:30:21,FALSE,,Book recognize yeah doctor could a.,VALID
alert135685,txn10035685,frequent_failure,2025-05-12 23:11:08,TRUE,2025-05-15 04:11:08,Season technology article continue join.,VALID
alert181883,txn10081883,frequent_failure,2025-06-23 21:41:03,TRUE,2025-06-24 16:41:03,That moment something more protect national.,VALID
alert111708,txn10011708,suspicious_login,2025-05-26 19:00:48,FALSE,,Treatment television some suffer available tough.,VALID
alert117396,txn10017396,unusual_amount,2024-05-13 6:22:37,TRUE,2024-05-16 05:22:37,Lay attack agency with break.,VALID
alert155950,txn10055950,suspicious_login,2025-07-27 10:29:09,TRUE,2025-07-30 00:29:09,Sure gas year around environment safe quickly.,VALID
alert147820,txn10047820,suspicious_login,2025-07-28 15:56:24,TRUE,2025-07-31 11:56:24,Radio also break some bar participant those.,VALID
alert156645,txn10056645,unusual_time,2023-04-16 7:55:27,TRUE,2023-04-17 03:55:27,New carry tax test.,VALID
alert146707,txn10046707,suspicious_login,2025-02-18 4:59:30,TRUE,2025-02-19 18:59:30,Hope sometimes feeling main series foot.,VALID
alert182756,txn10082756,unusual_time,2025-08-05 5:52:18,FALSE,,Present color and form very give.,VALID
alert138280,txn10038280,unusual_amount,2023-03-15 9:19:00,TRUE,2023-03-15 17:19:00,Fire argue red.,VALID
alert166447,txn10066447,unusual_time,2025-06-21 1:26:38,TRUE,2025-06-21 12:26:38,Bring put Republican resource right tend cell.,VALID
alert133142,txn10033142,frequent_failure,2025-05-07 3:11:56,TRUE,2025-05-09 15:11:56,Hotel factor opportunity daughter.,VALID
alert143333,txn10043333,frequent_failure,2024-12-27 8:43:24,FALSE,,Ability voice prepare decision discuss treatment type.,VALID
alert157116,txn10057116,unusual_amount,2024-04-25 2:03:35,TRUE,2024-04-27 01:03:35,They business data college.,VALID
alert128745,txn10028745,unusual_amount,2025-03-11 14:39:42,TRUE,2025-03-11 21:39:42,According style put.,VALID
alert176454,txn10076454,unusual_time,2025-07-27 1:12:26,TRUE,2025-07-28 00:12:26,Mrs nothing above yes.,VALID
alert161991,txn10061991,unusual_amount,2025-05-25 6:10:57,TRUE,2025-05-27 00:10:57,Air yet best medical.,VALID
alert163764,txn10063764,frequent_failure,2025-07-10 2:33:21,FALSE,,Huge discuss course executive four teach authority.,VALID
alert132308,txn10032308,unusual_time,2023-08-03 11:16:07,FALSE,,Thousand apply good authority.,VALID
alert128044,txn10028044,unusual_time,2025-04-18 21:21:33,TRUE,2025-04-20 22:21:33,Item will oil by low wait hold.,VALID
alert140995,txn10040995,frequent_failure,2025-08-03 23:10:09,TRUE,2025-08-06 08:06:42,This black rest herself save campaign have same.,VALID
alert170608,txn10070608,suspicious_login,2025-06-27 12:14:58,TRUE,2025-06-29 00:14:58,Court economic administration.,VALID
alert101574,txn10001574,suspicious_login,2025-08-06 2:25:09,TRUE,2025-08-06 08:06:42,Theory mind marriage use so say.,VALID
alert121090,txn10021090,unusual_amount,2025-08-05 14:53:14,TRUE,2025-08-06 08:06:42,Ready practice production woman worry.,VALID
alert173612,txn10073612,unusual_time,2024-11-12 18:02:17,TRUE,2024-11-13 01:02:17,Foreign several drug list case.,VALID
alert155205,txn10055205,suspicious_login,2025-05-19 15:12:41,TRUE,2025-05-19 17:12:41,The seek foot body manage president.,VALID
alert131830,txn10031830,unusual_amount,2024-11-11 4:22:10,TRUE,2024-11-13 11:22:10,Improve various Democrat law line.,VALID
alert171637,txn10071637,unusual_amount,2025-02-05 7:24:41,FALSE,,Certainly one hold bar school continue fund nearly.,VALID
alert124134,txn10024134,frequent_failure,2025-02-08 6:43:50,TRUE,2025-02-09 01:43:50,This range worry unit.,VALID
alert147276,txn10047276,unusual_amount,2025-06-19 6:38:59,TRUE,2025-06-22 02:38:59,Significant education wife across.,VALID
alert158948,txn10058948,unusual_amount,2024-03-07 21:08:24,TRUE,2024-03-09 17:08:24,Build company read.,VALID
alert153784,txn10053784,suspicious_login,2023-03-23 19:37:26,TRUE,2023-03-25 02:37:26,Million allow rock respond.,VALID
alert161049,txn10061049,frequent_failure,2024-04-07 20:41:01,TRUE,2024-04-09 08:41:01,Red direction method.,VALID
alert124492,txn10024492,frequent_failure,2025-07-19 10:05:32,TRUE,2025-07-19 12:05:32,Stock before area expert choose different.,VALID
alert130149,txn10030149,unusual_amount,2024-10-10 13:29:47,TRUE,2024-10-13 11:29:47,Pm page according stand fund plan.,VALID
alert160841,txn10060841,unusual_time,2025-06-19 15:42:52,TRUE,2025-06-22 05:42:52,Particularly material attention even.,VALID
alert149452,txn10049452,frequent_failure,2025-06-29 23:17:08,TRUE,2025-07-02 18:17:08,Factor paper population away summer lead last picture.,VALID
alert104396,txn10004396,unusual_amount,2025-07-06 6:13:16,TRUE,2025-07-07 13:13:16,Program change fall drive.,VALID
alert102695,txn10002695,frequent_failure,2024-11-12 16:17:27,TRUE,2024-11-13 08:17:27,Throw how receive later official forward card.,VALID
alert139540,txn10039540,frequent_failure,2024-10-12 22:09:55,TRUE,2024-10-15 21:09:55,Deep use fight various edge.,VALID
alert112879,txn10012879,unusual_time,2025-08-04 2:33:53,TRUE,2025-08-05 14:33:53,Interview stuff cultural forward spring him generation.,VALID
alert135823,txn10035823,frequent_failure,2025-06-27 0:20:53,FALSE,,Idea produce church father across eight now project.,VALID
alert159992,txn10059992,unusual_time,2025-05-16 23:20:11,TRUE,2025-05-19 08:20:11,Quality candidate decade image.,VALID
alert154894,txn10054894,unusual_amount,2024-03-27 8:19:42,FALSE,,Now end child serve provide.,VALID
alert107398,txn10007398,unusual_time,2024-11-02 4:58:07,TRUE,2024-11-02 07:58:07,Smile executive born energy contain.,VALID
alert190353,txn10090353,unusual_time,2025-03-09 7:30:50,TRUE,2025-03-09 20:30:50,Firm who upon.,VALID
alert119229,txn10019229,suspicious_login,2025-07-27 7:19:12,TRUE,2025-07-30 03:19:12,Imagine past happy down approach attack.,VALID
alert199414,txn10099414,suspicious_login,2025-07-06 8:46:49,TRUE,2025-07-07 05:46:49,Player ten chance skin three defense.,VALID
alert103849,txn10003849,frequent_failure,2025-07-28 21:55:21,TRUE,2025-07-30 13:55:21,Myself professor born over left foot red.,VALID
alert169899,txn10069899,unusual_amount,2025-06-26 10:40:39,TRUE,2025-06-26 13:40:39,Life meeting morning.,VALID
alert178985,txn10078985,unusual_amount,2024-09-14 11:24:48,TRUE,2024-09-16 07:24:48,Firm grow opportunity reach rest school.,VALID
alert183691,txn10083691,frequent_failure,2025-06-26 8:13:49,TRUE,2025-06-27 08:13:49,Head employee represent bag edge they could.,VALID
alert102072,txn10002072,suspicious_login,2025-07-28 3:35:05,TRUE,2025-07-28 07:35:05,Improve worry little billion.,VALID
alert146978,txn10046978,frequent_failure,2025-05-04 0:35:45,TRUE,2025-05-05 18:35:45,Ball far offer people.,VALID
alert168944,txn10068944,suspicious_login,2025-05-25 10:48:32,TRUE,2025-05-26 23:48:32,Do wrong now let.,VALID
alert147638,txn10047638,unusual_amount,2025-03-10 10:30:56,TRUE,2025-03-12 05:30:56,Could thing produce lead college.,VALID
alert189399,txn10089399,frequent_failure,2025-08-03 6:05:05,TRUE,2025-08-04 04:05:05,Live space note environmental range hold.,VALID
alert116217,txn10016217,unusual_amount,2025-08-05 12:36:31,FALSE,,Team standard data subject them TV Mr own.,VALID
alert153991,txn10053991,frequent_failure,2024-08-11 21:03:25,TRUE,2024-08-13 06:03:25,Sound along college certain.,VALID
alert100457,txn10000457,suspicious_login,2025-07-24 3:19:11,TRUE,2025-07-26 14:19:11,Law response real it.,VALID
alert160969,txn10060969,unusual_time,2025-01-11 18:14:56,FALSE,,Star everything main.,VALID
alert196757,txn10096757,suspicious_login,2025-01-08 22:43:07,TRUE,2025-01-09 23:43:07,Only line nation.,VALID
alert155782,txn10055782,suspicious_login,2024-06-15 1:21:10,TRUE,2024-06-15 20:21:10,Card growth by play series reason finish hand.,VALID
alert122525,txn10022525,unusual_time,2025-06-07 8:11:48,FALSE,,Form building truth.,VALID
alert146294,txn10046294,unusual_amount,2025-03-04 9:28:15,TRUE,2025-03-04 13:28:15,Idea policy miss ability pick sometimes station.,VALID
alert140856,txn10040856,suspicious_login,2022-10-10 7:51:37,TRUE,2022-10-10 22:51:37,Point bag also garden he.,VALID
alert185558,txn10085558,unusual_amount,2022-08-22 21:14:20,TRUE,2022-08-25 02:14:20,Threat actually management glass record.,VALID
alert110687,txn10010687,frequent_failure,2024-12-11 7:47:24,TRUE,2024-12-11 18:47:24,Since fire seek market.,VALID
alert190732,txn10090732,suspicious_login,2024-10-24 16:33:48,TRUE,2024-10-24 20:33:48,Growth get grow human enjoy.,VALID
alert119701,txn10019701,unusual_time,2025-05-29 1:03:43,TRUE,2025-05-30 07:03:43,Including difficult response section.,VALID
alert177919,txn10077919,frequent_failure,2025-07-15 12:13:47,FALSE,,Condition indeed agency kind.,VALID
alert139596,txn10039596,unusual_time,2025-01-08 6:57:40,TRUE,2025-01-09 16:57:40,Second technology continue program soldier.,VALID
alert157248,txn10057248,unusual_amount,2025-04-29 12:25:26,TRUE,2025-05-02 08:25:26,Catch better teacher outside.,VALID
alert195436,txn10095436,frequent_failure,2025-03-18 23:54:55,FALSE,,Leader less task land order letter score.,VALID
alert124830,txn10024830,frequent_failure,2025-03-16 9:53:03,FALSE,,Nature physical what really character American process.,VALID
alert136551,txn10036551,frequent_failure,2025-07-30 15:34:30,FALSE,,Woman before house manager generation pass large.,VALID
alert118666,txn10018666,frequent_failure,2024-03-07 5:12:36,TRUE,2024-03-08 00:12:36,Ahead several will even begin cause.,VALID
alert136269,txn10036269,unusual_amount,2025-04-01 22:19:30,TRUE,2025-04-02 12:19:30,Difficult amount book firm attack year issue wind.,VALID
alert115457,txn10015457,frequent_failure,2025-01-01 6:39:15,TRUE,2025-01-01 17:39:15,Few voice available stop author rule admit newspaper.,VALID
alert130036,txn10030036,frequent_failure,2025-07-29 3:20:45,TRUE,2025-08-01 03:20:45,Who hot key himself.,VALID
alert145896,txn10045896,suspicious_login,2025-05-14 16:12:27,TRUE,2025-05-17 14:12:27,Surface baby attack.,VALID
alert125875,txn10025875,unusual_time,2025-04-21 18:23:12,FALSE,,Type data behind activity glass.,VALID
alert183554,txn10083554,unusual_amount,2025-08-01 3:19:26,TRUE,2025-08-01 06:19:26,Another own tonight song.,VALID
alert178809,txn10078809,unusual_time,2025-06-20 2:42:58,TRUE,2025-06-20 19:42:58,Base fact one include each experience.,VALID
alert145903,txn10045903,frequent_failure,2024-10-25 9:42:44,TRUE,2024-10-28 02:42:44,Yes give pass speak benefit free history.,VALID
alert184197,txn10084197,frequent_failure,2025-05-25 13:24:20,TRUE,2025-05-26 05:24:20,Travel relate avoid up accept.,VALID
alert176933,txn10076933,unusual_time,2025-05-06 16:12:01,TRUE,2025-05-07 06:12:01,Eat ability conference blood hospital wear get.,VALID
alert110125,txn10010125,frequent_failure,2025-06-15 1:14:23,TRUE,2025-06-17 20:14:23,From fact between rule.,VALID
alert193349,txn10093349,suspicious_login,2023-11-21 23:20:35,TRUE,2023-11-23 12:20:35,Research know election discover me.,VALID
alert139325,txn10039325,unusual_amount,2025-05-30 8:25:46,TRUE,2025-06-02 07:25:46,Determine tell no ago material wait thought.,VALID
alert188006,txn10088006,suspicious_login,2025-01-22 20:52:39,TRUE,2025-01-24 02:52:39,Town animal Democrat.,VALID
alert137767,txn10037767,unusual_time,2024-07-22 6:50:40,FALSE,,Cover gas contain general than wall arm.,VALID
alert188944,txn10088944,suspicious_login,2025-07-08 15:41:19,TRUE,2025-07-10 19:41:19,Adult dog enjoy less.,VALID
alert187949,txn10087949,unusual_time,2023-04-28 23:31:37,TRUE,2023-05-01 00:31:37,Include increase political return eye.,VALID
alert174431,txn10074431,unusual_time,2025-03-18 8:44:05,TRUE,2025-03-19 13:44:05,Low year must western later.,VALID
alert198976,txn10098976,suspicious_login,2025-06-13 6:04:06,TRUE,2025-06-15 02:04:06,Nothing on carry president state.,VALID
alert165347,txn10065347,unusual_amount,2024-02-02 8:52:45,TRUE,2024-02-05 05:52:45,Material along pass toward name.,VALID
alert186618,txn10086618,suspicious_login,2025-05-23 2:24:18,TRUE,2025-05-25 04:24:18,Teacher relate night growth message your buy all.,VALID
alert133369,txn10033369,unusual_amount,2023-05-07 3:29:56,TRUE,2023-05-08 10:29:56,It raise Democrat state whether among notice listen.,VALID
alert134216,txn10034216,frequent_failure,2024-11-24 12:50:27,TRUE,2024-11-26 16:50:27,Quality majority call hit above.,VALID
alert143958,txn10043958,unusual_time,2025-05-04 3:55:27,TRUE,2025-05-06 01:55:27,Here simply season pass body back.,VALID
alert128826,txn10028826,unusual_amount,2025-08-03 7:19:06,TRUE,2025-08-05 14:19:06,Space authority budget may attack ball.,VALID
alert175204,txn10075204,suspicious_login,2024-11-14 9:25:14,TRUE,2024-11-17 04:25:14,Seem magazine article price.,VALID
alert131515,txn10031515,unusual_amount,2024-02-16 19:18:53,TRUE,2024-02-17 12:18:53,Blood present mission opportunity manage actually leader.,VALID
alert115753,txn10015753,unusual_time,2025-02-07 9:11:32,TRUE,2025-02-08 16:11:32,His happy stock best allow imagine politics.,VALID
alert136981,txn10036981,unusual_time,2024-06-11 4:40:10,TRUE,2024-06-11 18:40:10,Fast summer government huge fish of talk father.,VALID
alert154682,txn10054682,unusual_time,2025-06-25 1:03:04,TRUE,2025-06-27 02:03:04,After individual popular there magazine.,VALID
alert186555,txn10086555,suspicious_login,2024-12-18 15:43:59,TRUE,2024-12-21 03:43:59,Professional nothing arrive budget despite try miss.,VALID
alert139340,txn10039340,frequent_failure,2025-03-24 21:33:22,TRUE,2025-03-27 17:33:22,Officer standard threat major realize action they.,VALID
alert174586,txn10074586,unusual_time,2025-06-27 11:43:27,TRUE,2025-06-28 09:43:27,Rather student pattern stay actually chair own.,VALID
alert175094,txn10075094,frequent_failure,2025-07-30 0:56:25,TRUE,2025-08-01 17:56:25,Result away must investment.,VALID
alert101519,txn10001519,frequent_failure,2024-07-15 2:48:09,TRUE,2024-07-16 19:48:09,This or line word project.,VALID
alert194260,txn10094260,unusual_time,2024-11-05 10:51:41,TRUE,2024-11-05 16:51:41,Difficult expert building nearly serious call.,VALID
alert157608,txn10057608,unusual_time,2025-07-14 18:20:01,FALSE,,Almost candidate yet majority difference Democrat reach.,VALID
alert191968,txn10091968,unusual_time,2025-06-27 14:47:22,TRUE,2025-06-28 01:47:22,Have while sit eight ten word.,VALID
alert184817,txn10084817,unusual_time,2025-07-04 14:57:47,TRUE,2025-07-07 07:57:47,Career deal want do.,VALID
alert112582,txn10012582,suspicious_login,2025-06-07 9:36:19,TRUE,2025-06-09 11:36:19,Usually space career religious.,VALID
alert164890,txn10064890,unusual_amount,2025-07-01 6:04:14,TRUE,2025-07-02 13:04:14,Produce section toward apply.,VALID
alert160588,txn10060588,unusual_amount,2025-03-23 9:01:40,TRUE,2025-03-24 15:01:40,Tree interview day tough tonight rate there participant.,VALID
alert177175,txn10077175,unusual_time,2024-12-28 7:46:29,TRUE,2024-12-31 02:46:29,Model already others ready see near environmental.,VALID
alert109112,txn10009112,frequent_failure,2025-06-15 20:17:18,TRUE,2025-06-18 16:17:18,The receive simple game.,VALID
alert109128,txn10009128,unusual_amount,2025-06-15 18:12:05,TRUE,2025-06-18 04:12:05,Television only ball describe capital.,VALID
alert172031,txn10072031,suspicious_login,2024-09-30 8:47:32,TRUE,2024-09-30 16:47:32,Rock work role reality economic send.,VALID
alert133348,txn10033348,frequent_failure,2024-12-20 21:53:17,TRUE,2024-12-21 16:53:17,Half administration fly wait consumer be environment.,VALID
alert111730,txn10011730,suspicious_login,2023-05-02 15:56:25,TRUE,2023-05-04 01:56:25,Decide bad soon.,VALID
alert188106,txn10088106,unusual_amount,2025-08-06 5:39:08,FALSE,,Forget word look indicate language.,VALID
alert163416,txn10063416,unusual_time,2025-06-12 12:42:50,TRUE,2025-06-13 15:42:50,Defense yes nature officer ask serve close.,VALID
alert134622,txn10034622,unusual_time,2025-01-11 2:16:58,TRUE,2025-01-12 14:16:58,Identify southern growth purpose.,VALID
alert141218,txn10041218,frequent_failure,2025-07-04 18:16:33,FALSE,,Case cultural require role product appear.,VALID
alert143321,txn10043321,suspicious_login,2025-07-22 23:15:31,TRUE,2025-07-25 09:15:31,Important board apply them change.,VALID
alert124577,txn10024577,suspicious_login,2024-09-08 18:01:15,TRUE,2024-09-10 06:01:15,Enough there sing away girl practice improve establish.,VALID
alert102280,txn10002280,unusual_time,2025-04-11 13:28:05,TRUE,2025-04-12 22:28:05,Your role hear sport million trade.,VALID
alert144821,txn10044821,unusual_time,2023-06-07 16:21:11,TRUE,2023-06-09 21:21:11,Hotel contain hour on politics because.,VALID
alert122368,txn10022368,unusual_time,2025-07-28 7:36:50,TRUE,2025-07-31 04:36:50,Real her door.,VALID
alert105015,txn10005015,unusual_amount,2025-02-23 13:13:51,TRUE,2025-02-26 06:13:51,Interesting card toward mother.,VALID
alert166958,txn10066958,suspicious_login,2023-10-24 0:47:16,FALSE,,Possible own wide house even cost return.,VALID
alert185584,txn10085584,unusual_time,2025-02-21 6:13:38,TRUE,2025-02-21 20:13:38,List charge western citizen quality bank.,VALID
alert145000,txn10045000,unusual_amount,2025-06-30 11:18:57,TRUE,2025-07-02 21:18:57,Low feeling line edge.,VALID
alert129361,txn10029361,frequent_failure,2025-03-17 18:18:33,TRUE,2025-03-20 08:18:33,Record blood throw spend worry lay.,VALID
alert169224,txn10069224,frequent_failure,2024-05-06 17:24:07,TRUE,2024-05-08 18:24:07,Billion box quickly wear offer develop card.,VALID
alert123819,txn10023819,frequent_failure,2025-02-14 2:25:13,TRUE,2025-02-16 02:25:13,Southern direction east avoid give blue.,VALID
alert170031,txn10070031,unusual_amount,2025-05-01 6:31:20,TRUE,2025-05-02 13:31:20,Something hour hear see age manage only.,VALID
alert136120,txn10036120,unusual_time,2024-11-21 20:44:23,TRUE,2024-11-23 02:44:23,Lot create artist else deal tonight.,VALID
alert194765,txn10094765,frequent_failure,2025-02-13 15:12:48,TRUE,2025-02-13 20:12:48,Artist almost example before table concern and benefit.,VALID
alert186834,txn10086834,frequent_failure,2024-12-26 15:48:22,TRUE,2024-12-28 00:48:22,Inside list ten two number level federal social.,VALID
alert112181,txn10012181,unusual_time,2024-09-23 12:08:55,TRUE,2024-09-25 19:08:55,Line course increase information.,VALID
alert121636,txn10021636,suspicious_login,2025-06-13 8:03:43,TRUE,2025-06-16 02:03:43,Degree continue film while everybody local.,VALID
alert103786,txn10003786,unusual_time,2024-10-05 12:44:42,TRUE,2024-10-06 19:44:42,Against arm else.,VALID
alert175543,txn10075543,suspicious_login,2025-05-18 0:50:41,TRUE,2025-05-20 19:50:41,Mrs report hair dream thousand require time next.,VALID
alert159335,txn10059335,frequent_failure,2024-01-11 13:31:01,TRUE,2024-01-11 21:31:01,Part choice stay big they federal stop real.,VALID
alert136066,txn10036066,unusual_amount,2025-08-05 9:57:22,TRUE,2025-08-05 16:57:22,Field moment avoid lead natural.,VALID
alert125760,txn10025760,unusual_time,2025-07-29 9:03:14,TRUE,2025-07-30 18:03:14,Respond pass foot once various when.,VALID
alert140965,txn10040965,unusual_amount,2024-05-28 4:58:03,TRUE,2024-05-30 02:58:03,Usually clear decide represent bit.,VALID
alert144548,txn10044548,frequent_failure,2024-04-02 14:32:03,TRUE,2024-04-03 15:32:03,Play usually example risk force.,VALID
alert181279,txn10081279,suspicious_login,2025-06-18 10:06:44,TRUE,2025-06-21 01:06:44,Myself energy main civil image night against fear.,VALID
alert181600,txn10081600,suspicious_login,2025-05-14 16:16:11,TRUE,2025-05-15 14:16:11,Against west protect rule guy hour.,VALID
alert134562,txn10034562,unusual_amount,2022-08-02 0:17:37,TRUE,2022-08-02 21:17:37,Nation box admit term.,VALID
alert168941,txn10068941,suspicious_login,2022-11-18 11:35:27,TRUE,2022-11-19 06:35:27,Way onto use interview middle success.,VALID
alert159721,txn10059721,unusual_time,2025-04-02 3:39:58,TRUE,2025-04-03 19:39:58,Rest out job yard environment fire.,VALID
alert121718,txn10021718,unusual_amount,2024-04-20 7:56:15,TRUE,2024-04-20 20:56:15,Alone growth land whole.,VALID
alert120860,txn10020860,unusual_time,2025-07-09 11:40:39,TRUE,2025-07-09 12:40:39,Simply suffer human little from what contain.,VALID
alert192728,txn10092728,unusual_time,2024-10-31 10:58:33,TRUE,2024-11-02 20:58:33,Long more while responsibility should.,VALID
alert141628,txn10041628,suspicious_login,2025-07-21 13:06:53,FALSE,,Upon line nearly American.,VALID
alert169365,txn10069365,unusual_amount,2025-01-25 1:59:18,TRUE,2025-01-25 14:59:18,A choose side across determine color.,VALID
alert149283,txn10049283,suspicious_login,2025-03-11 10:48:35,TRUE,2025-03-14 03:48:35,Build pay necessary we weight indeed where.,VALID
alert138541,txn10038541,unusual_time,2024-10-07 7:47:23,TRUE,2024-10-08 12:47:23,Phone when rich paper others.,VALID
alert124820,txn10024820,unusual_time,2025-06-02 17:20:11,TRUE,2025-06-03 00:20:11,Imagine form at professor myself company.,VALID
alert157327,txn10057327,unusual_time,2025-04-23 0:26:12,TRUE,2025-04-25 23:26:12,All mission first training music fire authority.,VALID
alert197269,txn10097269,suspicious_login,2024-08-05 9:15:23,TRUE,2024-08-06 21:15:23,Adult you back prevent hard.,VALID
alert172937,txn10072937,suspicious_login,2025-08-03 11:48:47,TRUE,2025-08-04 06:48:47,Phone perhaps choice condition voice should peace.,VALID
alert174548,txn10074548,suspicious_login,2023-08-17 15:09:35,TRUE,2023-08-20 05:09:35,Truth onto floor we quite say.,VALID
alert184287,txn10084287,suspicious_login,2024-10-31 16:11:27,TRUE,2024-11-01 02:11:27,Friend team focus because effort agree.,VALID
alert109910,txn10009910,frequent_failure,2024-06-16 10:36:01,TRUE,2024-06-16 20:36:01,Them our reason national affect end.,VALID
alert117338,txn10017338,suspicious_login,2024-06-26 2:21:06,TRUE,2024-06-28 16:21:06,Explain capital catch create member.,VALID
alert161829,txn10061829,unusual_time,2025-07-12 4:34:07,TRUE,2025-07-14 06:34:07,Value cause agree kid spend here.,VALID
alert141971,txn10041971,suspicious_login,2023-03-27 9:34:38,TRUE,2023-03-29 09:34:38,Growth ever sort official something stay full.,VALID
alert156604,txn10056604,unusual_amount,2025-04-27 15:16:29,TRUE,2025-04-28 14:16:29,Loss range establish Democrat interview.,VALID
alert131729,txn10031729,frequent_failure,2025-02-25 11:35:19,TRUE,2025-02-28 07:35:19,Pattern thus pull become sense.,VALID
alert169948,txn10069948,frequent_failure,2025-07-04 14:45:58,TRUE,2025-07-06 11:45:58,Here media reveal civil help issue behavior.,VALID
alert168978,txn10068978,unusual_time,2024-01-28 5:29:58,TRUE,2024-01-28 18:29:58,Of these guy vote right floor style.,VALID
alert115979,txn10015979,unusual_time,2024-05-20 20:49:34,TRUE,2024-05-21 04:49:34,Unit or every since star seek garden let.,VALID
alert103281,txn10003281,unusual_time,2025-05-19 15:46:13,TRUE,2025-05-21 10:46:13,Call trial measure than thing language.,VALID
alert167736,txn10067736,suspicious_login,2025-08-02 22:00:36,TRUE,2025-08-03 00:00:36,Rock center country.,VALID
alert129316,txn10029316,suspicious_login,2024-11-22 15:11:01,TRUE,2024-11-24 18:11:01,Understand this make or require small art.,VALID
alert117529,txn10017529,unusual_time,2025-05-11 20:11:10,TRUE,2025-05-12 17:11:10,Across size north song career down.,VALID
alert160748,txn10060748,frequent_failure,2023-11-29 9:12:43,TRUE,2023-11-29 22:12:43,Stop spend strategy watch light enjoy.,VALID
alert155135,txn10055135,suspicious_login,2024-09-24 0:01:10,TRUE,2024-09-26 22:01:10,Including management commercial visit.,VALID
alert124419,txn10024419,suspicious_login,2024-12-28 9:02:49,FALSE,,Section group do body night.,VALID
alert164926,txn10064926,suspicious_login,2025-07-03 4:09:13,TRUE,2025-07-05 05:09:13,Environment her none lead today system.,VALID
alert136187,txn10036187,unusual_amount,2024-05-08 9:06:26,TRUE,2024-05-09 13:06:26,Left director goal election teacher size get.,VALID
alert108893,txn10008893,unusual_amount,2025-05-15 18:04:31,TRUE,2025-05-17 10:04:31,Garden current station recognize.,VALID
alert173477,txn10073477,unusual_time,2024-12-15 11:39:24,TRUE,2024-12-17 22:39:24,Physical himself five shoulder knowledge participant push.,VALID
alert111902,txn10011902,suspicious_login,2025-01-19 14:27:06,TRUE,2025-01-22 03:27:06,Itself eat attack again administration respond now.,VALID
alert183820,txn10083820,unusual_amount,2025-08-03 23:23:10,TRUE,2025-08-05 04:23:10,Create thus former establish line tough list.,VALID
alert113447,txn10013447,suspicious_login,2025-01-14 19:28:54,TRUE,2025-01-17 17:28:54,Billion discuss size movie phone onto.,VALID
alert180474,txn10080474,suspicious_login,2025-06-18 12:39:37,TRUE,2025-06-19 12:39:37,Report alone class experience set for challenge talk.,VALID
alert129085,txn10029085,unusual_time,2024-12-23 15:55:36,TRUE,2024-12-25 04:55:36,Maybe show matter former.,VALID
alert159031,txn10059031,suspicious_login,2023-03-28 1:03:31,TRUE,2023-03-30 07:03:31,Learn never would dog room pressure.,VALID
alert119424,txn10019424,unusual_amount,2023-12-29 5:57:28,TRUE,2023-12-30 02:57:28,Analysis standard day fall.,VALID
alert177682,txn10077682,unusual_time,2025-04-13 0:25:02,TRUE,2025-04-13 18:25:02,Consumer forward beyond interesting I land point.,VALID
alert110820,txn10010820,frequent_failure,2024-01-01 7:39:09,TRUE,2024-01-01 12:39:09,Through in anything tonight heart.,VALID
alert111508,txn10011508,frequent_failure,2025-05-10 21:48:26,TRUE,2025-05-13 04:48:26,Them suggest current last.,VALID
alert146921,txn10046921,suspicious_login,2024-10-05 23:55:59,TRUE,2024-10-07 23:55:59,Write light black.,VALID
alert102059,txn10002059,unusual_amount,2024-07-15 12:53:41,TRUE,2024-07-15 19:53:41,Particular resource find hundred summer.,VALID
alert104171,txn10004171,frequent_failure,2025-08-04 8:05:44,TRUE,2025-08-06 08:06:42,Key often matter.,VALID
alert137112,txn10037112,unusual_amount,2025-06-30 1:41:43,FALSE,,Author image tonight member artist change.,VALID
alert107931,txn10007931,suspicious_login,2024-10-11 0:15:21,TRUE,2024-10-12 09:15:21,Once letter church.,VALID
alert187209,txn10087209,unusual_time,2024-07-30 12:20:16,TRUE,2024-08-02 02:20:16,Pretty save interest.,VALID
alert161886,txn10061886,frequent_failure,2023-08-19 0:29:23,TRUE,2023-08-21 22:29:23,Gas again because story relate idea that.,VALID
alert187837,txn10087837,unusual_time,2024-10-12 2:39:35,FALSE,,Consider campaign top even great under.,VALID
alert155722,txn10055722,suspicious_login,2025-01-29 12:25:38,TRUE,2025-01-30 20:25:38,Note drive city particular.,VALID
alert149897,txn10049897,suspicious_login,2025-06-18 18:42:26,TRUE,2025-06-20 09:42:26,Spend still bed always almost consider speech.,VALID
alert145545,txn10045545,suspicious_login,2023-06-24 3:49:17,TRUE,2023-06-25 23:49:17,Be affect recent wish use.,VALID
alert117766,txn10017766,frequent_failure,2025-06-17 16:53:30,TRUE,2025-06-18 12:53:30,Become business them where.,VALID
alert185451,txn10085451,unusual_amount,2023-03-27 12:06:51,TRUE,2023-03-27 18:06:51,Change card boy edge.,VALID
alert151600,txn10051600,frequent_failure,2024-08-10 19:37:33,TRUE,2024-08-11 20:37:33,Wait listen it commercial more already book.,VALID
alert153736,txn10053736,unusual_time,2023-10-27 0:20:30,TRUE,2023-10-29 18:20:30,Yeah second campaign money watch age.,VALID
alert166751,txn10066751,unusual_time,2025-07-07 8:27:19,TRUE,2025-07-10 03:27:19,Painting if manage yard much.,VALID
alert118418,txn10018418,suspicious_login,2025-02-04 6:47:29,TRUE,2025-02-04 10:47:29,Any understand involve fight pick eight art list.,VALID
alert190296,txn10090296,frequent_failure,2025-07-10 12:33:44,TRUE,2025-07-11 04:33:44,Serve continue full add administration fine few.,VALID
alert165713,txn10065713,unusual_amount,2025-02-03 9:32:20,TRUE,2025-02-05 18:32:20,Hope my fear anything college.,VALID
alert125352,txn10025352,unusual_time,2025-01-24 1:47:33,FALSE,,Deal policy phone budget huge family almost.,VALID
alert103474,txn10003474,unusual_time,2025-01-27 9:28:22,TRUE,2025-01-27 19:28:22,Certainly she then itself including media five worker.,VALID
alert188701,txn10088701,unusual_time,2024-07-26 19:24:04,TRUE,2024-07-28 21:24:04,Goal member provide save investment benefit.,VALID
alert159515,txn10059515,unusual_amount,2024-12-01 19:17:05,TRUE,2024-12-02 05:17:05,Guess office growth.,VALID
alert155888,txn10055888,unusual_time,2025-04-01 8:44:19,TRUE,2025-04-03 22:44:19,Trip western list quickly bag continue campaign often.,VALID
alert158088,txn10058088,frequent_failure,2022-07-27 13:00:58,TRUE,2022-07-28 01:00:58,Any foreign national.,VALID
alert154976,txn10054976,unusual_amount,2025-08-03 2:15:22,TRUE,2025-08-04 19:15:22,Field their on hold friend yourself deep.,VALID
alert109086,txn10009086,unusual_time,2024-01-28 15:19:10,TRUE,2024-01-31 07:19:10,Avoid politics check chair trip.,VALID
alert123177,txn10023177,suspicious_login,2025-07-20 1:36:18,TRUE,2025-07-22 22:36:18,Lawyer either feeling owner cover from.,VALID
alert190855,txn10090855,suspicious_login,2025-07-09 12:46:41,TRUE,2025-07-10 21:46:41,East measure toward finally well action.,VALID
alert119441,txn10019441,unusual_amount,2025-07-28 11:17:49,TRUE,2025-07-29 15:17:49,Something image nation suggest general people.,VALID
alert161010,txn10061010,unusual_time,2024-05-05 21:09:05,TRUE,2024-05-08 16:09:05,Story special table.,VALID
alert190308,txn10090308,suspicious_login,2025-03-17 16:00:42,TRUE,2025-03-18 16:00:42,Ask enjoy so difference.,VALID
alert153724,txn10053724,suspicious_login,2025-07-07 20:03:48,TRUE,2025-07-08 19:03:48,Season executive cup enjoy feeling develop them.,VALID
alert163532,txn10063532,unusual_amount,2025-07-28 11:46:57,TRUE,2025-07-28 16:46:57,Event expect somebody eat.,VALID
alert148068,txn10048068,unusual_time,2025-03-08 21:33:32,TRUE,2025-03-10 07:33:32,Yard smile machine thought evidence capital wrong.,VALID
alert117329,txn10017329,suspicious_login,2025-06-16 14:45:04,TRUE,2025-06-19 13:45:04,Form light every among financial.,VALID
alert103780,txn10003780,unusual_amount,2025-06-05 10:03:15,TRUE,2025-06-05 17:03:15,For leave least point finally many.,VALID
alert116693,txn10016693,unusual_time,2024-02-06 2:38:23,TRUE,2024-02-06 15:38:23,Part consumer relationship camera light.,VALID
alert178180,txn10078180,frequent_failure,2024-08-03 6:52:49,TRUE,2024-08-04 21:52:49,Pm drive word significant.,VALID
alert154453,txn10054453,unusual_time,2025-06-27 4:58:39,TRUE,2025-06-27 16:58:39,Can accept glass.,VALID
alert169675,txn10069675,suspicious_login,2025-03-19 5:00:17,TRUE,2025-03-22 01:00:17,Indicate example important ahead.,VALID
alert156597,txn10056597,unusual_time,2025-07-25 10:51:45,TRUE,2025-07-26 18:51:45,Who somebody professional leader.,VALID
alert106868,txn10006868,frequent_failure,2024-09-30 16:59:16,TRUE,2024-10-02 18:59:16,Stay capital determine better force beautiful draw.,VALID
alert105353,txn10005353,unusual_amount,2025-06-09 12:03:06,TRUE,2025-06-09 17:03:06,Product turn budget.,VALID
alert100570,txn10000570,unusual_amount,2024-12-01 9:03:31,TRUE,2024-12-02 13:03:31,Seek relate activity.,VALID
alert196078,txn10096078,unusual_amount,2024-04-16 5:59:27,TRUE,2024-04-19 03:59:27,Not company give above available cup cell.,VALID
alert127285,txn10027285,unusual_amount,2025-02-24 22:57:35,TRUE,2025-02-25 20:57:35,Sense maintain agree eye stop.,VALID
alert175424,txn10075424,unusual_time,2025-06-09 12:45:55,TRUE,2025-06-10 11:45:55,Time thought offer along.,VALID
alert100574,txn10000574,unusual_time,2025-07-06 7:13:25,FALSE,,Worry political your industry machine.,VALID
alert145788,txn10045788,frequent_failure,2021-12-27 8:59:55,TRUE,2021-12-29 02:59:55,Media ability knowledge music reduce without discover.,VALID
alert158280,txn10058280,frequent_failure,2025-07-31 20:12:35,TRUE,2025-08-02 09:12:35,Theory rule increase.,VALID
alert131879,txn10031879,frequent_failure,2025-06-18 3:08:51,TRUE,2025-06-20 09:08:51,Once behind similar try professor.,VALID
alert150081,txn10050081,suspicious_login,2025-07-25 2:00:29,TRUE,2025-07-27 16:00:29,Possible claim have hard.,VALID
alert141376,txn10041376,suspicious_login,2025-03-17 2:25:52,TRUE,2025-03-18 12:25:52,Eye worry level carry.,VALID
alert138030,txn10038030,frequent_failure,2025-07-23 22:29:04,TRUE,2025-07-26 21:29:04,Idea white eight course radio thus population.,VALID
alert155255,txn10055255,suspicious_login,2024-12-08 21:08:33,TRUE,2024-12-09 16:08:33,Today role when area next.,VALID
alert185298,txn10085298,unusual_amount,2025-06-01 16:27:10,TRUE,2025-06-03 20:27:10,Never fast job top.,VALID
alert103363,txn10003363,unusual_amount,2023-12-30 21:38:43,TRUE,2024-01-01 09:38:43,Situation adult himself security federal face speech station.,VALID
alert113997,txn10013997,unusual_time,2025-05-09 3:35:23,TRUE,2025-05-11 04:35:23,City risk want black up.,VALID
alert160776,txn10060776,unusual_amount,2025-07-01 11:14:22,TRUE,2025-07-03 17:14:22,Small respond usually south doctor everyone.,VALID
alert177181,txn10077181,frequent_failure,2025-06-29 5:17:42,TRUE,2025-07-01 12:17:42,Star decide begin three.,VALID
alert130916,txn10030916,unusual_amount,2025-06-07 23:03:37,TRUE,2025-06-08 21:03:37,Forget manager wait including special part worry.,VALID
alert150237,txn10050237,suspicious_login,2025-08-02 4:45:46,TRUE,2025-08-02 06:45:46,Beautiful home stand moment campaign action west.,VALID
alert117988,txn10017988,unusual_amount,2021-11-22 23:27:58,TRUE,2021-11-24 17:27:58,Hundred get face four paper cut summer.,VALID
alert190695,txn10090695,frequent_failure,2025-04-02 23:07:41,TRUE,2025-04-03 11:07:41,Discover friend individual term health contain.,VALID
alert151213,txn10051213,suspicious_login,2023-09-10 4:08:55,TRUE,2023-09-11 14:08:55,Since gas million factor good remain.,VALID
alert178634,txn10078634,unusual_amount,2024-09-20 7:40:58,TRUE,2024-09-20 13:40:58,Mission view some leg record.,VALID
alert106665,txn10006665,unusual_time,2024-06-05 14:52:14,TRUE,2024-06-06 05:52:14,Pay stock writer customer interview president pretty.,VALID
alert191273,txn10091273,unusual_amount,2025-07-28 4:12:30,FALSE,,Science region physical civil stock feeling.,VALID
alert120332,txn10020332,unusual_amount,2025-07-26 14:10:44,TRUE,2025-07-28 09:10:44,Right research local difficult.,VALID
alert134388,txn10034388,unusual_amount,2025-07-30 19:43:11,TRUE,2025-07-31 05:43:11,Teacher could situation sound.,VALID
alert199077,txn10099077,suspicious_login,2023-09-12 10:43:33,TRUE,2023-09-12 13:43:33,Year heavy mission force spring establish.,VALID
alert174805,txn10074805,unusual_time,2024-09-03 16:07:17,TRUE,2024-09-05 05:07:17,Deep just candidate reflect old.,VALID
alert123213,txn10023213,unusual_amount,2025-04-27 3:10:25,TRUE,2025-04-28 08:10:25,Support little collection east.,VALID
alert107161,txn10007161,unusual_time,2024-01-30 12:39:01,TRUE,2024-01-31 03:39:01,Around name case themselves from old ready.,VALID
alert176905,txn10076905,frequent_failure,2024-04-10 21:32:56,TRUE,2024-04-11 10:32:56,Dark too billion.,VALID
alert109270,txn10009270,frequent_failure,2025-06-07 23:55:57,FALSE,,Foot thus thousand air vote civil stage.,VALID
alert186446,txn10086446,unusual_amount,2023-06-15 16:14:30,TRUE,2023-06-18 08:14:30,With wonder couple sometimes treatment best.,VALID
alert123712,txn10023712,suspicious_login,2025-06-20 6:39:34,TRUE,2025-06-20 14:39:34,Reach throughout interesting official rather ahead to.,VALID
alert178582,txn10078582,unusual_amount,2024-03-16 16:47:07,FALSE,,Reflect lose hotel.,VALID
alert168979,txn10068979,unusual_amount,2024-12-21 7:40:57,TRUE,2024-12-23 16:40:57,Each radio gun tax would population get.,VALID
alert116054,txn10016054,unusual_time,2025-03-12 6:20:25,TRUE,2025-03-15 00:20:25,Career me practice finish.,VALID
alert184634,txn10084634,frequent_failure,2025-06-06 6:40:44,TRUE,2025-06-07 13:40:44,Charge form possible probably.,VALID
alert137456,txn10037456,unusual_amount,2025-07-29 14:22:37,TRUE,2025-07-31 02:22:37,Way another end force since he however cold.,VALID
alert197705,txn10097705,unusual_amount,2025-08-01 18:15:56,FALSE,,Chance recent street poor language.,VALID
alert121416,txn10021416,unusual_time,2025-06-03 15:35:14,TRUE,2025-06-05 12:35:14,Individual when finish ready across no investment.,VALID
alert197167,txn10097167,unusual_time,2024-10-06 4:15:50,TRUE,2024-10-08 06:15:50,Crime similar hold knowledge who.,VALID
alert164082,txn10064082,unusual_amount,2024-09-26 9:13:59,TRUE,2024-09-27 15:13:59,Or budget act soon church war parent begin.,VALID
alert169127,txn10069127,unusual_time,2025-04-29 18:22:54,TRUE,2025-04-29 20:22:54,Economy build improve serve half responsibility go power.,VALID
alert110136,txn10010136,unusual_time,2023-03-22 8:54:27,TRUE,2023-03-24 01:54:27,Interesting rule agency while west white discuss.,VALID
alert111624,txn10011624,frequent_failure,2025-08-06 4:03:52,FALSE,,Recent task bill radio member behavior.,VALID
alert149758,txn10049758,unusual_time,2024-12-24 4:45:07,TRUE,2024-12-25 12:45:07,Must window truth.,VALID
alert117205,txn10017205,unusual_time,2022-09-13 12:36:07,TRUE,2022-09-13 15:36:07,Fine suddenly win always.,VALID
alert148115,txn10048115,frequent_failure,2023-01-08 10:43:55,TRUE,2023-01-10 08:43:55,Back fight form tough relationship particularly.,VALID
alert185557,txn10085557,suspicious_login,2025-06-13 7:07:06,TRUE,2025-06-14 14:07:06,Born stand moment.,VALID
alert157567,txn10057567,suspicious_login,2025-04-28 18:13:29,TRUE,2025-04-29 01:13:29,Might power mouth station know.,VALID
alert186009,txn10086009,unusual_amount,2025-08-05 7:31:51,TRUE,2025-08-06 08:06:42,Physical matter certainly stage.,VALID
alert122657,txn10022657,unusual_amount,2025-07-29 13:45:07,TRUE,2025-07-29 19:45:07,Court smile politics environmental wear.,VALID
alert115027,txn10015027,suspicious_login,2024-01-04 8:23:55,TRUE,2024-01-05 15:23:55,List not office amount later war maybe.,VALID
alert194128,txn10094128,unusual_amount,2025-07-08 3:07:45,TRUE,2025-07-10 02:07:45,General property model rule hour detail.,VALID
alert122732,txn10022732,unusual_amount,2025-03-06 15:15:20,TRUE,2025-03-08 11:15:20,Begin foot wind determine rise recognize five.,VALID
alert147013,txn10047013,suspicious_login,2021-11-13 7:07:09,TRUE,2021-11-13 08:07:09,Image senior feeling compare box.,VALID
alert181749,txn10081749,suspicious_login,2024-02-08 0:47:02,TRUE,2024-02-10 15:47:02,If mean same new region full certain.,VALID
alert165157,txn10065157,suspicious_login,2025-04-28 13:40:26,TRUE,2025-04-30 09:40:26,I because certain during what.,VALID
alert123250,txn10023250,frequent_failure,2025-05-18 6:01:09,TRUE,2025-05-19 10:01:09,Economy hundred sister public.,VALID
alert153182,txn10053182,unusual_amount,2025-05-20 11:51:35,TRUE,2025-05-20 16:51:35,Test many standard fact dark.,VALID
alert122843,txn10022843,frequent_failure,2024-07-30 14:47:33,TRUE,2024-07-30 19:47:33,Family thing eye exactly issue low any.,VALID
alert100427,txn10000427,frequent_failure,2025-04-26 7:27:19,TRUE,2025-04-27 20:27:19,Answer effort least.,VALID
alert142171,txn10042171,unusual_time,2025-06-19 3:45:10,FALSE,,National then despite wide.,VALID
alert116409,txn10016409,unusual_time,2025-05-27 13:17:09,TRUE,2025-05-28 00:17:09,Whatever just tend state.,VALID
alert155768,txn10055768,unusual_amount,2025-08-06 2:36:05,TRUE,2025-08-06 08:06:42,Together phone until economic always political middle.,VALID
alert181323,txn10081323,unusual_time,2025-06-06 2:06:42,TRUE,2025-06-08 01:06:42,Myself director quickly season day yes.,VALID
alert172404,txn10072404,frequent_failure,2025-04-22 5:40:32,TRUE,2025-04-23 01:40:32,Nation organization standard up father care site war.,VALID
alert144678,txn10044678,unusual_amount,2025-07-12 21:27:25,TRUE,2025-07-14 04:27:25,Box amount budget democratic like.,VALID
alert100737,txn10000737,unusual_time,2025-02-10 0:19:04,TRUE,2025-02-12 05:19:04,Structure common like director.,VALID
alert134919,txn10034919,unusual_time,2025-02-18 20:42:04,TRUE,2025-02-18 22:42:04,Project risk vote who.,VALID
alert118858,txn10018858,frequent_failure,2025-07-31 5:14:52,TRUE,2025-08-01 07:14:52,Continue protect forward.,VALID
alert126114,txn10026114,suspicious_login,2025-04-24 0:27:57,TRUE,2025-04-24 12:27:57,That city third size.,VALID
alert184839,txn10084839,unusual_amount,2025-03-08 16:40:06,TRUE,2025-03-11 06:40:06,Important situation back produce share member.,VALID
alert165181,txn10065181,unusual_time,2025-06-06 4:23:49,FALSE,,Must as model.,VALID
alert175996,txn10075996,frequent_failure,2025-05-09 9:06:47,TRUE,2025-05-10 18:06:47,Outside coach write.,VALID
alert130393,txn10030393,unusual_amount,2025-08-02 9:06:07,TRUE,2025-08-05 02:06:07,Respond find determine state energy choice forward.,VALID
alert142180,txn10042180,unusual_time,2025-03-09 11:42:49,FALSE,,Increase deep bed recognize sound society fish.,VALID
alert116186,txn10016186,unusual_amount,2025-06-09 8:31:29,TRUE,2025-06-12 08:31:29,Behavior world rich care.,VALID
alert159001,txn10059001,suspicious_login,2025-03-08 16:19:58,TRUE,2025-03-09 04:19:58,Sea by indicate another.,VALID
alert191206,txn10091206,unusual_time,2024-04-03 3:20:40,TRUE,2024-04-03 18:20:40,Work what take here work.,VALID
alert150106,txn10050106,suspicious_login,2025-07-14 1:09:17,TRUE,2025-07-15 12:09:17,Myself network score race near live however.,VALID
alert196646,txn10096646,suspicious_login,2025-07-13 21:12:48,FALSE,,Beat sense produce station leader national space human.,VALID
alert177464,txn10077464,unusual_time,2025-01-18 18:47:49,FALSE,,Safe father side teacher.,VALID
alert196588,txn10096588,frequent_failure,2024-12-16 6:35:35,TRUE,2024-12-17 16:35:35,Possible special just.,VALID
alert127859,txn10027859,frequent_failure,2024-08-08 19:58:00,TRUE,2024-08-10 09:58:00,Sound dream walk institution particularly.,VALID
alert141594,txn10041594,suspicious_login,2025-08-05 5:02:24,TRUE,2025-08-05 23:02:24,Meet share many carry.,VALID
alert122586,txn10022586,unusual_amount,2024-05-22 11:36:06,FALSE,,Blood official him yet let fly fire.,VALID
alert115347,txn10015347,unusual_amount,2025-06-29 6:21:23,FALSE,,Generation last Mr available draw.,VALID
alert103720,txn10003720,suspicious_login,2024-11-22 8:09:45,TRUE,2024-11-23 18:09:45,Remain second something bit.,VALID
alert112606,txn10012606,frequent_failure,2024-03-18 10:34:11,TRUE,2024-03-20 12:34:11,Laugh garden more thousand important myself.,VALID
alert166287,txn10066287,frequent_failure,2025-08-05 5:55:36,TRUE,2025-08-06 08:06:42,Power watch audience very realize knowledge benefit alone.,VALID
alert100067,txn10000067,suspicious_login,2025-02-20 19:40:33,TRUE,2025-02-22 01:40:33,Hard direction none team.,VALID
alert175949,txn10075949,frequent_failure,2022-12-11 21:23:05,TRUE,2022-12-13 15:23:05,Customer officer amount newspaper program read will themselves.,VALID
alert198235,txn10098235,unusual_amount,2025-04-08 19:06:26,TRUE,2025-04-10 13:06:26,Thought become manager develop ok.,VALID
alert165754,txn10065754,unusual_time,2025-06-26 7:26:00,FALSE,,Mother new call along more drug out within.,VALID
alert184946,txn10084946,suspicious_login,2025-07-09 12:37:26,TRUE,2025-07-12 02:37:26,Successful water money ten girl dark.,VALID
alert146554,txn10046554,unusual_amount,2025-06-26 18:50:34,TRUE,2025-06-27 15:50:34,Act water age scientist commercial drive.,VALID
alert174103,txn10074103,unusual_time,2025-08-01 0:24:38,TRUE,2025-08-01 22:24:38,Must environment apply international however learn.,VALID
alert123554,txn10023554,frequent_failure,2024-07-16 11:45:45,FALSE,,Sing discussion always avoid though.,VALID
alert169105,txn10069105,unusual_time,2025-04-21 13:35:29,TRUE,2025-04-23 16:35:29,Television sea finally scene daughter blood responsibility.,VALID
alert145498,txn10045498,suspicious_login,2025-05-05 12:44:16,TRUE,2025-05-05 13:44:16,Tonight create bad support.,VALID
alert106335,txn10006335,unusual_time,2025-07-18 0:12:43,TRUE,2025-07-18 23:12:43,Result agreement maybe model sister able.,VALID
alert181183,txn10081183,unusual_amount,2025-05-15 13:10:11,TRUE,2025-05-18 03:10:11,Owner live this visit book manager.,VALID
alert181739,txn10081739,frequent_failure,2022-09-21 20:31:04,TRUE,2022-09-23 06:31:04,Sell after bit.,VALID
alert150912,txn10050912,unusual_amount,2025-04-27 3:53:09,FALSE,,Experience improve pick less.,VALID
alert123023,txn10023023,unusual_time,2024-12-03 17:03:52,TRUE,2024-12-04 07:03:52,Size despite hotel society enter crime affect family.,VALID
alert175213,txn10075213,unusual_amount,2022-06-12 19:44:35,TRUE,2022-06-15 05:44:35,Level significant agreement work author eat step.,VALID
alert174256,txn10074256,unusual_time,2024-11-04 12:53:00,TRUE,2024-11-04 15:53:00,Western impact smile second play might become.,VALID
alert122083,txn10022083,suspicious_login,2025-06-17 19:47:29,FALSE,,Set health force memory discussion live too.,VALID
alert151198,txn10051198,unusual_time,2025-06-04 7:46:24,TRUE,2025-06-04 15:46:24,Knowledge project type kind high debate.,VALID
alert138509,txn10038509,frequent_failure,2024-12-06 6:03:03,TRUE,2024-12-07 23:03:03,Leg side bag society something country upon.,VALID
alert130440,txn10030440,unusual_amount,2024-04-16 7:05:23,TRUE,2024-04-18 08:05:23,Tax business them leave not.,VALID
alert128543,txn10028543,unusual_amount,2025-08-03 3:33:44,TRUE,2025-08-04 14:33:44,Involve him wrong wait large likely especially big.,VALID
alert172063,txn10072063,frequent_failure,2025-06-24 11:16:05,TRUE,2025-06-25 13:16:05,Use front push arrive environment.,VALID
alert195746,txn10095746,frequent_failure,2024-07-26 2:12:47,TRUE,2024-07-27 22:12:47,Organization talk action business fight plan such bank.,VALID
alert153511,txn10053511,frequent_failure,2025-07-27 14:14:56,TRUE,2025-07-28 08:14:56,American people thank fire will seven.,VALID
alert154139,txn10054139,suspicious_login,2024-05-24 12:44:51,TRUE,2024-05-25 20:44:51,Blue time very right.,VALID
alert104165,txn10004165,suspicious_login,2025-06-15 5:52:46,TRUE,2025-06-17 06:52:46,Head fear main include.,VALID
alert178322,txn10078322,frequent_failure,2024-05-03 4:14:59,FALSE,,Real know expect institution.,VALID
alert179455,txn10079455,unusual_time,2024-05-03 11:11:54,FALSE,,Important develop someone result audience trade theory eight.,VALID
alert158011,txn10058011,suspicious_login,2023-11-28 13:59:31,TRUE,2023-11-30 02:59:31,Rather choice guess laugh.,VALID
alert137495,txn10037495,unusual_amount,2025-07-24 0:45:06,TRUE,2025-07-26 18:45:06,Age purpose expert wonder house ahead send.,VALID
alert167774,txn10067774,frequent_failure,2023-12-20 0:59:40,TRUE,2023-12-23 00:59:40,Give begin response one wife trouble successful.,VALID
alert107726,txn10007726,unusual_time,2024-07-18 9:51:37,TRUE,2024-07-19 07:51:37,Writer health risk start foot serious.,VALID
alert185598,txn10085598,unusual_time,2025-02-25 19:31:04,TRUE,2025-02-28 13:31:04,Morning smile door.,VALID
alert158360,txn10058360,suspicious_login,2025-06-09 6:29:15,TRUE,2025-06-10 15:29:15,Final what nearly wife first and range.,VALID
alert118885,txn10018885,frequent_failure,2025-08-05 3:22:22,TRUE,2025-08-06 02:22:22,Address field go shake amount throughout old.,VALID
alert136496,txn10036496,unusual_time,2025-06-15 21:46:51,TRUE,2025-06-17 07:46:51,Low will water her ever official.,VALID
alert108605,txn10008605,unusual_amount,2025-08-01 21:01:09,TRUE,2025-08-04 15:01:09,Produce ground energy world be talk.,VALID
alert182621,txn10082621,frequent_failure,2025-07-06 13:03:01,TRUE,2025-07-07 17:03:01,Only upon near look meet road safe.,VALID
alert126659,txn10026659,unusual_time,2025-07-24 19:59:12,TRUE,2025-07-24 21:59:12,Education though skill be price.,VALID
alert160110,txn10060110,unusual_amount,2024-07-25 15:24:07,TRUE,2024-07-26 13:24:07,Mother Congress if continue choice behind.,VALID
alert137926,txn10037926,unusual_amount,2025-06-22 2:45:39,TRUE,2025-06-24 18:45:39,International resource up view herself fall of.,VALID
alert136658,txn10036658,unusual_time,2025-01-08 17:41:34,TRUE,2025-01-09 21:41:34,Boy create none.,VALID
alert174274,txn10074274,frequent_failure,2024-12-01 3:21:49,TRUE,2024-12-03 14:21:49,Despite however civil speak life.,VALID
alert167859,txn10067859,suspicious_login,2023-09-26 22:26:25,TRUE,2023-09-27 14:26:25,Determine until claim affect keep.,VALID
alert167861,txn10067861,unusual_amount,2023-12-13 6:42:31,TRUE,2023-12-16 03:42:31,Generation recently method or turn against lot.,VALID
alert118230,txn10018230,unusual_time,2025-07-31 18:36:44,TRUE,2025-08-01 14:36:44,Mention sit thought full explain.,VALID
alert157286,txn10057286,unusual_amount,2025-07-12 18:37:42,FALSE,,Practice glass nation sign thus ten positive make.,VALID
alert135728,txn10035728,suspicious_login,2024-12-27 10:18:47,FALSE,,Industry herself order Congress individual property better mother.,VALID
alert146752,txn10046752,suspicious_login,2024-03-09 10:57:40,TRUE,2024-03-10 08:57:40,Hundred project goal bag community natural.,VALID
alert199648,txn10099648,unusual_amount,2024-11-02 19:33:00,TRUE,2024-11-03 17:33:00,By lead compare feeling father.,VALID
alert153399,txn10053399,unusual_time,2025-06-04 3:50:20,TRUE,2025-06-06 10:50:20,Cost production range lead forget quality.,VALID
alert192899,txn10092899,unusual_time,2025-07-27 21:28:51,TRUE,2025-07-28 16:28:51,Anyone cost best hour already list.,VALID
alert170493,txn10070493,unusual_time,2025-07-31 8:42:19,TRUE,2025-07-31 10:42:19,Feeling hair health trade her them far always.,VALID
alert133899,txn10033899,frequent_failure,2025-07-02 20:23:57,TRUE,2025-07-04 02:23:57,Interest a every modern.,VALID
alert101915,txn10001915,frequent_failure,2025-05-04 0:26:56,TRUE,2025-05-06 00:26:56,Operation hour box plant.,VALID
alert111690,txn10011690,suspicious_login,2024-12-10 21:01:33,TRUE,2024-12-12 10:01:33,Management hundred its.,VALID
alert106676,txn10006676,unusual_amount,2024-02-29 4:10:03,TRUE,2024-03-02 17:10:03,Risk rock always last get pattern.,VALID
alert117478,txn10017478,frequent_failure,2025-05-17 11:05:48,TRUE,2025-05-20 09:05:48,Reveal program as check.,VALID
alert108151,txn10008151,unusual_amount,2025-04-08 21:43:41,TRUE,2025-04-10 20:43:41,Most what child want.,VALID
alert171881,txn10071881,unusual_amount,2025-05-04 3:39:04,FALSE,,Successful center such stand door religious.,VALID
alert124415,txn10024415,unusual_time,2025-04-22 1:40:50,TRUE,2025-04-24 07:40:50,Ability against member purpose.,VALID
alert123182,txn10023182,suspicious_login,2025-06-27 11:02:36,TRUE,2025-06-30 06:02:36,Plan hard claim moment surface.,VALID
alert195374,txn10095374,frequent_failure,2025-07-28 5:09:26,FALSE,,Green window development worker himself computer.,VALID
alert167446,txn10067446,suspicious_login,2025-07-15 6:46:38,TRUE,2025-07-17 22:46:38,Easy bit green loss number his social.,VALID
alert187889,txn10087889,suspicious_login,2025-06-29 23:58:59,TRUE,2025-07-01 00:58:59,Fish a wonder apply computer.,VALID
alert163553,txn10063553,unusual_time,2024-05-27 18:25:05,TRUE,2024-05-28 06:25:05,Down although member if property.,VALID
alert104353,txn10004353,suspicious_login,2025-06-03 22:19:44,TRUE,2025-06-05 02:19:44,Use reveal senior start way star either Republican.,VALID
alert163657,txn10063657,frequent_failure,2025-07-31 14:45:40,TRUE,2025-08-02 06:45:40,Senior country spring drug experience pull moment suggest.,VALID
alert104935,txn10004935,unusual_amount,2025-04-11 15:45:27,FALSE,,None me professional soon unit.,VALID
alert152936,txn10052936,frequent_failure,2025-02-21 0:58:49,TRUE,2025-02-22 10:58:49,Get start if arrive compare hundred before.,VALID
alert150453,txn10050453,unusual_amount,2025-04-10 8:55:26,FALSE,,Suffer mission per goal.,VALID
alert177226,txn10077226,unusual_time,2025-04-24 19:21:15,TRUE,2025-04-26 21:21:15,Often again traditional because.,VALID
alert167448,txn10067448,suspicious_login,2021-04-30 23:33:35,FALSE,,Statement often later important every wind.,VALID
alert122376,txn10022376,suspicious_login,2024-03-18 1:24:56,TRUE,2024-03-19 07:24:56,Card rock sound model team.,VALID
alert127701,txn10027701,frequent_failure,2025-06-26 9:04:29,TRUE,2025-06-27 11:04:29,Deep film market show win already.,VALID
alert160474,txn10060474,frequent_failure,2023-11-22 23:22:41,FALSE,,Drug draw city picture.,VALID
alert110772,txn10010772,unusual_amount,2024-04-26 2:11:03,TRUE,2024-04-28 15:11:03,He yet another level.,VALID
alert108807,txn10008807,unusual_time,2025-03-28 15:45:25,TRUE,2025-03-30 12:45:25,Own act beautiful hope spring she body listen.,VALID
alert121525,txn10021525,frequent_failure,2025-07-20 9:59:09,TRUE,2025-07-23 00:59:09,Executive base occur ask trip memory.,VALID
alert128504,txn10028504,suspicious_login,2022-01-16 12:22:54,TRUE,2022-01-17 05:22:54,During left speech family.,VALID
alert177316,txn10077316,unusual_amount,2024-05-09 10:38:31,TRUE,2024-05-09 14:38:31,Other quality know mouth.,VALID
alert136930,txn10036930,frequent_failure,2025-07-14 23:36:43,TRUE,2025-07-17 18:36:43,Reduce sign money the significant.,VALID
alert163012,txn10063012,suspicious_login,2025-02-17 9:00:02,TRUE,2025-02-18 00:00:02,Indicate analysis member throughout.,VALID
alert123743,txn10023743,unusual_time,2024-11-21 6:11:57,TRUE,2024-11-23 06:11:57,Fund hear something them consider movement them.,VALID
alert172887,txn10072887,suspicious_login,2024-12-02 3:23:53,TRUE,2024-12-05 03:23:53,Of pass goal fill bill.,VALID
alert176940,txn10076940,frequent_failure,2023-08-02 23:51:27,TRUE,2023-08-04 19:51:27,Friend page agent improve.,VALID
alert121706,txn10021706,suspicious_login,2024-02-09 11:19:41,TRUE,2024-02-12 10:19:41,Lead tonight dream become fall leave.,VALID
alert138744,txn10038744,unusual_amount,2025-03-27 0:59:08,TRUE,2025-03-27 10:59:08,Police could recognize yard discussion value near.,VALID
alert127556,txn10027556,suspicious_login,2022-11-01 22:24:32,TRUE,2022-11-04 22:24:32,Music break continue present class rock organization man.,VALID
alert142594,txn10042594,unusual_time,2022-04-01 15:46:44,TRUE,2022-04-03 21:46:44,Would research program play trouble size.,VALID
alert153793,txn10053793,frequent_failure,2023-07-28 5:21:19,FALSE,,Growth suffer science enough short network.,VALID
alert188357,txn10088357,suspicious_login,2025-06-21 2:08:13,FALSE,,White thought expert arm.,VALID
alert138861,txn10038861,unusual_time,2024-09-24 10:03:34,TRUE,2024-09-27 05:03:34,Leg similar heart candidate value wait partner.,VALID
alert171487,txn10071487,unusual_time,2024-10-02 10:32:49,TRUE,2024-10-05 05:32:49,Actually level discuss with.,VALID
alert194215,txn10094215,suspicious_login,2024-08-06 23:15:53,TRUE,2024-08-09 04:15:53,Positive laugh thank institution him summer staff.,VALID
alert195089,txn10095089,unusual_amount,2025-08-01 14:18:35,TRUE,2025-08-02 18:18:35,Whole sport production tree short voice trip.,VALID
alert149956,txn10049956,frequent_failure,2025-03-02 18:21:20,TRUE,2025-03-04 19:21:20,Late sea on me meet event.,VALID
alert162615,txn10062615,frequent_failure,2025-07-22 13:19:55,TRUE,2025-07-22 15:19:55,Like her pattern cultural air least subject.,VALID
alert171403,txn10071403,frequent_failure,2025-02-24 9:59:59,TRUE,2025-02-26 09:59:59,Friend memory base officer throughout.,VALID
alert134082,txn10034082,frequent_failure,2024-10-29 4:55:01,TRUE,2024-10-31 22:55:01,Occur since parent talk itself.,VALID
alert195051,txn10095051,frequent_failure,2024-12-21 1:36:42,TRUE,2024-12-21 04:36:42,Meeting close billion why quality.,VALID
alert134591,txn10034591,unusual_amount,2024-10-08 19:11:34,TRUE,2024-10-10 04:11:34,Town husband carry course local face.,VALID
alert165902,txn10065902,unusual_amount,2025-02-28 23:58:02,FALSE,,Specific school so miss clear.,VALID
alert182464,txn10082464,unusual_time,2025-07-05 18:44:48,TRUE,2025-07-08 14:44:48,Clear visit cold decide send.,VALID
alert140922,txn10040922,unusual_time,2024-09-19 19:24:41,TRUE,2024-09-20 21:24:41,Get hair family bar past evening throw manage.,VALID
alert137398,txn10037398,unusual_amount,2023-07-17 2:54:12,TRUE,2023-07-19 06:54:12,Fear until seat.,VALID
alert106469,txn10006469,unusual_amount,2025-08-03 13:19:00,TRUE,2025-08-03 23:19:00,Same when suddenly seat perform marriage.,VALID
alert135107,txn10035107,frequent_failure,2025-03-05 6:29:42,TRUE,2025-03-06 21:29:42,Bar option activity talk film.,VALID
alert143782,txn10043782,unusual_time,2025-07-22 5:01:56,TRUE,2025-07-23 20:01:56,Consumer finally along wall politics drop.,VALID
alert189349,txn10089349,frequent_failure,2025-07-31 4:29:30,TRUE,2025-07-31 08:29:30,Child every strategy lawyer probably three.,VALID
alert151386,txn10051386,frequent_failure,2024-09-17 0:59:15,TRUE,2024-09-17 05:59:15,Suddenly study continue time development.,VALID
alert193795,txn10093795,suspicious_login,2025-02-23 10:33:54,TRUE,2025-02-25 01:33:54,Thus approach establish heart reason fast.,VALID
alert129207,txn10029207,frequent_failure,2024-05-24 3:43:23,TRUE,2024-05-26 22:43:23,Gun join subject major million wall PM.,VALID
alert142726,txn10042726,suspicious_login,2025-02-10 21:43:37,TRUE,2025-02-13 19:43:37,Direction hour seek wait finally west employee.,VALID
alert168129,txn10068129,frequent_failure,2025-08-05 17:29:09,TRUE,2025-08-06 08:06:42,Bank decision position concern according herself.,VALID
alert102108,txn10002108,unusual_time,2024-12-05 15:55:58,TRUE,2024-12-07 21:55:58,Whatever color technology.,VALID
alert101888,txn10001888,frequent_failure,2024-12-28 12:56:39,TRUE,2024-12-28 14:56:39,Product surface enter chance son yet water.,VALID
alert168989,txn10068989,frequent_failure,2025-08-03 23:13:08,TRUE,2025-08-06 08:06:42,Give past interesting billion.,VALID
alert105580,txn10005580,frequent_failure,2025-07-07 2:44:27,TRUE,2025-07-09 07:44:27,Tonight yes house name sound will long.,VALID
alert101336,txn10001336,unusual_time,2024-02-25 15:01:25,TRUE,2024-02-28 11:01:25,Politics consumer once wrong might threat.,VALID
alert135806,txn10035806,suspicious_login,2025-07-26 23:39:37,TRUE,2025-07-29 11:39:37,Sometimes season consider finish need player.,VALID
alert103570,txn10003570,frequent_failure,2025-06-12 5:43:54,TRUE,2025-06-15 04:43:54,See make necessary long.,VALID
alert188901,txn10088901,suspicious_login,2025-07-26 5:01:35,FALSE,,Travel course power collection develop sign organization.,VALID
alert155305,txn10055305,unusual_time,2024-08-13 13:44:11,TRUE,2024-08-14 20:44:11,Win thing here.,VALID
alert186976,txn10086976,suspicious_login,2024-08-12 3:15:03,TRUE,2024-08-12 17:15:03,Night control mention somebody yes.,VALID
alert155885,txn10055885,unusual_amount,2025-07-30 12:09:15,TRUE,2025-08-02 03:09:15,Situation stay tell example memory social high.,VALID
alert194757,txn10094757,frequent_failure,2025-07-27 17:13:09,TRUE,2025-07-29 10:13:09,Cause throw realize brother explain.,VALID
alert174239,txn10074239,frequent_failure,2025-07-23 12:06:17,TRUE,2025-07-25 05:06:17,Five song country analysis somebody.,VALID
alert158043,txn10058043,unusual_time,2025-07-05 13:31:02,FALSE,,Standard share design.,VALID
alert154470,txn10054470,suspicious_login,2025-07-15 18:34:43,TRUE,2025-07-17 22:34:43,Picture ten here wrong approach arrive.,VALID
alert195375,txn10095375,unusual_time,2025-08-04 10:41:54,TRUE,2025-08-06 08:06:42,Suggest teacher of ask.,VALID
alert187321,txn10087321,suspicious_login,2025-05-25 10:11:09,TRUE,2025-05-27 15:11:09,Feeling these how four represent.,VALID
alert156723,txn10056723,unusual_time,2025-08-05 18:55:04,TRUE,2025-08-06 04:55:04,Avoid throw water around address.,VALID
alert112997,txn10012997,frequent_failure,2025-08-06 0:12:45,TRUE,2025-08-06 08:06:42,Social recently side allow off when.,VALID
alert164626,txn10064626,frequent_failure,2024-06-24 8:45:57,TRUE,2024-06-25 03:45:57,Seek event position dog.,VALID
alert150196,txn10050196,suspicious_login,2023-09-02 0:07:33,TRUE,2023-09-03 17:07:33,Find successful fast easy.,VALID
alert156000,txn10056000,frequent_failure,2025-03-06 5:28:06,TRUE,2025-03-06 08:28:06,Sport situation fast year media occur thing.,VALID
alert152860,txn10052860,unusual_amount,2024-12-10 5:22:24,TRUE,2024-12-10 23:22:24,Painting difficult start unit half defense return.,VALID
alert124857,txn10024857,unusual_amount,2025-07-13 19:11:08,TRUE,2025-07-16 01:11:08,Husband vote statement even create ahead.,VALID
alert113594,txn10013594,unusual_time,2024-01-02 7:17:15,TRUE,2024-01-03 10:17:15,Place high direction significant.,VALID
alert140554,txn10040554,unusual_amount,2025-07-07 6:53:32,TRUE,2025-07-10 04:53:32,Reduce several local participant court wonder account often.,VALID
alert117043,txn10017043,suspicious_login,2025-07-18 20:28:53,TRUE,2025-07-20 15:28:53,Choose young keep develop know treat.,VALID
alert173687,txn10073687,suspicious_login,2023-09-21 21:07:10,FALSE,,Benefit analysis agency necessary.,VALID
alert147155,txn10047155,unusual_amount,2024-04-28 12:21:52,TRUE,2024-04-28 13:21:52,Despite stuff type stop where kid country class.,VALID
alert174505,txn10074505,suspicious_login,2025-06-26 3:10:38,TRUE,2025-06-27 03:10:38,Impact find hour single similar feeling happen.,VALID
alert109035,txn10009035,unusual_amount,2024-06-30 11:55:09,TRUE,2024-07-03 04:55:09,Church picture party full prevent building.,VALID
alert139937,txn10039937,suspicious_login,2025-06-08 7:34:11,TRUE,2025-06-08 15:34:11,Other sea none note writer.,VALID
alert146579,txn10046579,frequent_failure,2025-07-12 8:18:46,TRUE,2025-07-12 20:18:46,Smile only change maintain skill next throw.,VALID
alert137012,txn10037012,frequent_failure,2025-06-08 14:35:25,FALSE,,Many ok despite church might executive do.,VALID
alert148970,txn10048970,unusual_amount,2025-07-27 11:46:48,FALSE,,Keep writer performance customer discuss.,VALID
alert192789,txn10092789,frequent_failure,2025-07-18 23:34:05,TRUE,2025-07-19 02:34:05,Indicate head lawyer deep offer structure speech.,VALID
alert103329,txn10003329,unusual_time,2023-08-02 10:46:27,TRUE,2023-08-03 08:46:27,North necessary job meeting paper.,VALID
alert139888,txn10039888,unusual_amount,2025-06-08 17:33:06,TRUE,2025-06-09 10:33:06,Carry student study young structure.,VALID
alert166688,txn10066688,unusual_amount,2025-07-19 3:38:04,TRUE,2025-07-21 10:38:04,Key painting cultural work shoulder market.,VALID
alert178467,txn10078467,frequent_failure,2023-12-21 13:45:33,TRUE,2023-12-22 16:45:33,Front activity talk every PM.,VALID
alert189365,txn10089365,frequent_failure,2025-08-02 5:43:14,TRUE,2025-08-04 07:43:14,Reach everybody final provide dinner until.,VALID
alert184480,txn10084480,unusual_time,2023-03-25 7:43:54,TRUE,2023-03-26 18:43:54,Help guy determine far need.,VALID
alert109308,txn10009308,suspicious_login,2025-07-17 16:23:31,TRUE,2025-07-18 21:23:31,Kid green anyone raise deal ago.,VALID
alert132074,txn10032074,unusual_time,2024-09-01 6:12:27,TRUE,2024-09-02 20:12:27,At television cup state trip gas.,VALID
alert101950,txn10001950,unusual_amount,2025-03-01 20:31:29,TRUE,2025-03-02 07:31:29,Risk traditional attorney expect example probably community.,VALID
alert173374,txn10073374,frequent_failure,2025-04-07 17:07:17,TRUE,2025-04-09 04:07:17,Still keep kid trip while keep.,VALID
alert140006,txn10040006,unusual_amount,2025-06-30 23:06:51,FALSE,,May media audience lawyer face land brother.,VALID
alert103132,txn10003132,suspicious_login,2025-08-02 4:04:41,FALSE,,Environmental decade popular message remain good.,VALID
alert146863,txn10046863,suspicious_login,2025-03-29 2:39:40,TRUE,2025-03-30 21:39:40,Concern choose leg over wife cold national.,VALID
alert166130,txn10066130,unusual_time,2025-06-22 7:19:34,TRUE,2025-06-23 17:19:34,Reflect present them conference.,VALID
alert117663,txn10017663,suspicious_login,2025-07-16 15:11:17,TRUE,2025-07-19 06:11:17,Or base community bit.,VALID
alert153147,txn10053147,suspicious_login,2025-07-13 19:35:19,TRUE,2025-07-14 09:35:19,Know fly southern draw include.,VALID
alert187679,txn10087679,suspicious_login,2025-04-27 0:15:15,TRUE,2025-04-27 22:15:15,Call under step memory dream itself.,VALID
alert103568,txn10003568,unusual_amount,2025-06-11 13:36:26,FALSE,,Threat scientist actually lawyer.,VALID
alert114420,txn10014420,unusual_time,2025-05-14 10:09:16,TRUE,2025-05-15 16:09:16,That within south authority understand trip recent.,VALID
alert102474,txn10002474,suspicious_login,2025-03-05 2:26:31,TRUE,2025-03-06 10:26:31,Per ago step.,VALID
alert146016,txn10046016,suspicious_login,2025-07-18 0:25:50,TRUE,2025-07-20 05:25:50,To loss painting PM my lay spring gun.,VALID
alert113604,txn10013604,unusual_amount,2025-03-06 8:09:39,TRUE,2025-03-07 08:09:39,Pm trouble what less whether.,VALID
alert191354,txn10091354,unusual_time,2024-12-10 9:31:12,TRUE,2024-12-11 21:31:12,Enjoy standard go fish name trip hold even.,VALID
alert110985,txn10010985,unusual_time,2025-07-25 9:50:24,TRUE,2025-07-27 06:50:24,Response card realize with rest.,VALID
alert143325,txn10043325,unusual_time,2025-06-28 18:53:44,TRUE,2025-06-29 13:53:44,Indicate enjoy house administration.,VALID
alert118554,txn10018554,unusual_amount,2025-02-11 9:35:05,TRUE,2025-02-12 18:35:05,Move material once method race away value.,VALID
alert171628,txn10071628,unusual_time,2024-08-22 11:39:59,TRUE,2024-08-22 17:39:59,Feel experience live at.,VALID
alert117776,txn10017776,frequent_failure,2025-07-18 11:29:27,TRUE,2025-07-20 10:29:27,These cost number participant.,VALID
alert195010,txn10095010,suspicious_login,2025-07-16 9:38:12,TRUE,2025-07-18 00:38:12,Down detail enter no.,VALID
alert150730,txn10050730,suspicious_login,2025-07-31 10:29:54,TRUE,2025-08-01 18:29:54,If two no.,VALID
alert138424,txn10038424,frequent_failure,2025-05-04 17:51:35,TRUE,2025-05-06 22:51:35,Stay score million third.,VALID
alert165467,txn10065467,frequent_failure,2024-10-24 22:42:40,TRUE,2024-10-25 00:42:40,Turn grow worry low.,VALID
alert103426,txn10003426,unusual_time,2025-05-19 17:49:47,FALSE,,Place admit study price get at.,VALID
alert159097,txn10059097,unusual_time,2025-07-31 2:43:36,TRUE,2025-08-02 06:43:36,Present husband see manager little rest always.,VALID
alert152363,txn10052363,unusual_time,2025-08-06 5:52:56,TRUE,2025-08-06 08:06:42,At once trial air walk military.,VALID
alert143348,txn10043348,suspicious_login,2025-07-07 17:11:22,TRUE,2025-07-09 01:11:22,Whatever college low tonight maintain.,VALID
alert101616,txn10001616,unusual_amount,2025-04-13 14:57:46,TRUE,2025-04-13 21:57:46,Wrong some partner central name business under.,VALID
alert114676,txn10014676,frequent_failure,2025-02-07 9:51:40,TRUE,2025-02-07 21:51:40,Statement our add always foreign direction.,VALID
alert106126,txn10006126,suspicious_login,2025-04-19 0:57:15,TRUE,2025-04-21 22:57:15,Entire ever election least since mean region.,VALID
alert111907,txn10011907,unusual_time,2025-06-07 22:25:46,TRUE,2025-06-09 17:25:46,Kid economic according hundred check.,VALID
alert150390,txn10050390,unusual_time,2024-11-30 12:32:12,TRUE,2024-12-01 02:32:12,Plant else doctor human office blood nation performance.,VALID
alert158484,txn10058484,frequent_failure,2025-06-10 21:00:37,TRUE,2025-06-11 14:00:37,Detail live interesting purpose maybe safe fill.,VALID
alert148986,txn10048986,frequent_failure,2025-05-03 9:11:14,TRUE,2025-05-05 23:11:14,Worker red same according mention too.,VALID
alert120560,txn10020560,unusual_amount,2024-08-18 8:09:22,TRUE,2024-08-18 20:09:22,Single between put but from daughter growth.,VALID
alert176155,txn10076155,frequent_failure,2024-10-28 22:16:44,TRUE,2024-10-29 06:16:44,Third everybody well anything although.,VALID
alert171111,txn10071111,unusual_time,2025-06-23 18:17:54,TRUE,2025-06-24 10:17:54,Than how property PM school a.,VALID
alert106246,txn10006246,unusual_time,2023-12-04 19:56:44,TRUE,2023-12-06 07:56:44,Expect as certainly war step.,VALID
alert192396,txn10092396,unusual_time,2025-04-18 3:09:37,FALSE,,Guy research amount interview education grow.,VALID
alert178563,txn10078563,frequent_failure,2025-05-18 23:19:38,TRUE,2025-05-19 15:19:38,Hard amount bring wait.,VALID
alert112021,txn10012021,frequent_failure,2025-02-19 21:51:43,FALSE,,Middle blood third international.,VALID
alert133617,txn10033617,frequent_failure,2025-02-04 8:00:20,FALSE,,Agent product pick gas else east.,VALID
alert194392,txn10094392,unusual_time,2025-07-30 14:54:43,TRUE,2025-08-02 02:54:43,Summer lay campaign staff bring also kitchen.,VALID
alert179238,txn10079238,unusual_time,2024-02-15 1:35:24,TRUE,2024-02-17 02:35:24,Investment continue while source on.,VALID
alert104604,txn10004604,unusual_amount,2025-07-30 20:53:01,TRUE,2025-07-31 17:53:01,Oil off issue hair apply strategy everyone.,VALID
alert106159,txn10006159,unusual_time,2024-08-29 11:58:40,TRUE,2024-09-01 03:58:40,Amount court she game else.,VALID
alert112470,txn10012470,suspicious_login,2025-06-26 2:31:32,TRUE,2025-06-27 03:31:32,Security drug box administration small.,VALID
alert121389,txn10021389,unusual_amount,2024-11-15 7:02:21,TRUE,2024-11-16 12:02:21,Lead forget bar parent.,VALID
alert129648,txn10029648,unusual_amount,2023-12-31 13:14:59,TRUE,2024-01-01 23:14:59,Much special example present.,VALID
alert198989,txn10098989,frequent_failure,2025-07-26 0:51:33,FALSE,,Value yeah fly course experience ago improve bring.,VALID
alert183637,txn10083637,unusual_amount,2025-07-26 21:36:20,TRUE,2025-07-28 02:36:20,Everything allow south.,VALID
alert106398,txn10006398,frequent_failure,2025-07-30 14:05:34,TRUE,2025-08-02 01:05:34,Wall moment whose start rule school team.,VALID
alert106777,txn10006777,unusual_amount,2025-03-25 22:43:53,TRUE,2025-03-26 22:43:53,Such human agency term condition evidence election.,VALID
alert171198,txn10071198,suspicious_login,2022-04-18 3:07:26,FALSE,,Chair weight leave.,VALID
alert193073,txn10093073,unusual_time,2025-06-16 7:09:13,TRUE,2025-06-19 03:09:13,Although pull song think buy.,VALID
alert111997,txn10011997,suspicious_login,2025-02-20 8:54:00,FALSE,,Travel amount call impact time.,VALID
alert164841,txn10064841,frequent_failure,2025-02-15 5:46:11,TRUE,2025-02-17 11:46:11,Conference long add daughter play open another.,VALID
alert138477,txn10038477,frequent_failure,2024-03-22 18:17:44,TRUE,2024-03-23 14:17:44,Their affect toward something fall.,VALID
alert127811,txn10027811,unusual_time,2025-07-28 9:13:08,TRUE,2025-07-30 10:13:08,Blue tend help step show.,VALID
alert155185,txn10055185,suspicious_login,2025-05-29 12:27:06,TRUE,2025-05-31 07:27:06,Grow somebody law why blue must check.,VALID
alert159878,txn10059878,suspicious_login,2025-07-17 1:19:54,FALSE,,Talk left middle pick.,VALID
alert167171,txn10067171,frequent_failure,2025-08-04 13:13:29,TRUE,2025-08-06 08:06:42,Market collection music.,VALID
alert198306,txn10098306,frequent_failure,2024-12-19 0:35:56,TRUE,2024-12-21 04:35:56,Pull not statement need.,VALID
alert171899,txn10071899,unusual_amount,2025-07-15 5:27:28,TRUE,2025-07-15 22:27:28,Interesting early head across yeah must.,VALID
alert167179,txn10067179,suspicious_login,2024-11-04 9:20:33,TRUE,2024-11-06 11:20:33,Happy value season.,VALID
alert132436,txn10032436,suspicious_login,2025-08-05 20:30:45,TRUE,2025-08-06 08:06:42,Still area year reduce.,VALID
alert157934,txn10057934,frequent_failure,2025-03-15 6:55:27,TRUE,2025-03-15 07:55:27,Senior pass able whose prove million.,VALID
alert156536,txn10056536,frequent_failure,2025-08-05 18:37:00,TRUE,2025-08-06 08:06:42,Performance sell newspaper church toward power field.,VALID
alert169655,txn10069655,suspicious_login,2025-04-11 20:04:29,TRUE,2025-04-13 16:04:29,Above north over customer computer a must.,VALID
alert195870,txn10095870,suspicious_login,2025-04-16 0:36:52,TRUE,2025-04-18 10:36:52,Side either air smile writer task.,VALID
alert126797,txn10026797,unusual_time,2024-07-10 6:09:03,TRUE,2024-07-12 06:09:03,Support visit eat occur remember bag.,VALID
alert143297,txn10043297,frequent_failure,2025-07-10 19:34:16,TRUE,2025-07-12 03:34:16,Finish poor throughout.,VALID
alert167763,txn10067763,unusual_time,2024-12-08 1:34:15,TRUE,2024-12-09 23:34:15,Order above edge everybody he realize.,VALID
alert184885,txn10084885,frequent_failure,2025-03-24 15:21:42,TRUE,2025-03-26 03:21:42,Or sure head letter throw soldier.,VALID
alert144920,txn10044920,suspicious_login,2025-07-28 10:43:39,TRUE,2025-07-30 10:43:39,Which avoid style let figure recent.,VALID
alert195219,txn10095219,unusual_amount,2025-08-04 21:11:28,TRUE,2025-08-06 08:06:42,Year loss project mention.,VALID
alert196141,txn10096141,unusual_amount,2025-06-13 17:44:19,FALSE,,Course exactly item identify young.,VALID
alert134163,txn10034163,unusual_time,2024-10-21 3:01:14,TRUE,2024-10-23 01:01:14,Really position happen base summer.,VALID
alert100753,txn10000753,unusual_time,2024-11-21 0:30:08,TRUE,2024-11-23 04:30:08,Loss event campaign cup tree.,VALID
alert124685,txn10024685,frequent_failure,2023-07-30 5:28:54,TRUE,2023-07-31 13:28:54,Including movie clearly job tough pass.,VALID
alert179651,txn10079651,frequent_failure,2025-01-16 0:34:05,TRUE,2025-01-16 13:34:05,Final air summer article.,VALID
alert154920,txn10054920,suspicious_login,2023-08-13 18:08:14,TRUE,2023-08-14 20:08:14,Over board eat meet.,VALID
alert182370,txn10082370,unusual_amount,2025-07-13 22:35:16,TRUE,2025-07-15 04:35:16,Grow idea live feeling training each bag bring.,VALID
alert170862,txn10070862,frequent_failure,2025-05-22 15:14:46,TRUE,2025-05-23 02:14:46,Huge minute wish receive.,VALID
alert130231,txn10030231,unusual_time,2025-08-02 21:58:33,TRUE,2025-08-05 04:58:33,Man specific else.,VALID
alert143742,txn10043742,unusual_amount,2025-07-27 22:36:37,TRUE,2025-07-28 15:36:37,Poor serious artist.,VALID
alert113429,txn10013429,unusual_time,2022-11-29 23:48:37,TRUE,2022-12-01 09:48:37,Major charge American box your budget manager.,VALID
alert134550,txn10034550,unusual_amount,2025-07-28 2:37:02,TRUE,2025-07-28 09:37:02,With move prepare simple.,VALID
alert173234,txn10073234,suspicious_login,2024-08-26 14:58:10,TRUE,2024-08-28 00:58:10,Employee prepare information form simple be.,VALID
alert155982,txn10055982,frequent_failure,2024-05-25 3:53:25,TRUE,2024-05-26 23:53:25,Deep must while admit mother open road.,VALID
alert118090,txn10018090,unusual_amount,2024-04-21 14:07:37,TRUE,2024-04-23 18:07:37,Management various report certainly.,VALID
alert113376,txn10013376,frequent_failure,2025-07-25 9:36:18,TRUE,2025-07-28 00:36:18,Lay card through ten.,VALID
alert130451,txn10030451,unusual_amount,2024-03-26 0:22:08,TRUE,2024-03-27 12:22:08,Six without result group eight talk foreign radio.,VALID
alert161508,txn10061508,unusual_amount,2025-05-23 13:41:50,TRUE,2025-05-23 20:41:50,Get off each newspaper per discuss result name.,VALID
alert110568,txn10010568,suspicious_login,2025-07-14 8:12:06,TRUE,2025-07-16 22:12:06,Current when option share parent.,VALID
alert186969,txn10086969,unusual_time,2024-12-21 19:11:54,TRUE,2024-12-22 14:11:54,Customer like create player home lose get.,VALID
alert117130,txn10017130,frequent_failure,2025-01-12 20:58:00,TRUE,2025-01-14 05:58:00,Although until factor various.,VALID
alert141944,txn10041944,suspicious_login,2025-08-04 21:35:18,TRUE,2025-08-06 05:35:18,During goal everybody movie.,VALID
alert107376,txn10007376,unusual_time,2024-04-15 5:37:43,TRUE,2024-04-15 19:37:43,Defense media while every administration green gun.,VALID
alert150305,txn10050305,unusual_time,2025-04-23 19:35:06,TRUE,2025-04-24 13:35:06,Door shake need pressure at practice morning.,VALID
alert174159,txn10074159,suspicious_login,2025-07-04 16:11:25,TRUE,2025-07-04 17:11:25,Future consider capital rate.,VALID
alert120584,txn10020584,frequent_failure,2025-05-09 8:28:10,TRUE,2025-05-09 21:28:10,Stock talk suffer free.,VALID
alert160176,txn10060176,unusual_amount,2025-08-06 5:59:33,TRUE,2025-08-06 08:06:42,Check event science fast let care then.,VALID
alert138939,txn10038939,unusual_time,2024-10-05 1:30:46,FALSE,,Audience really give create.,VALID
alert117082,txn10017082,unusual_amount,2025-06-20 22:42:39,TRUE,2025-06-23 13:42:39,Well result ground type send political left.,VALID
alert147253,txn10047253,frequent_failure,2025-02-23 17:25:50,TRUE,2025-02-23 19:25:50,Cold these support discuss political.,VALID
alert137209,txn10037209,suspicious_login,2025-05-27 0:09:08,TRUE,2025-05-30 00:09:08,Article word skin investment figure hand which.,VALID
alert108607,txn10008607,suspicious_login,2025-06-16 3:37:02,TRUE,2025-06-16 07:37:02,Speech image fund civil have field benefit.,VALID
alert118382,txn10018382,unusual_amount,2025-03-28 23:55:29,TRUE,2025-03-30 20:55:29,Power door site Mr boy act team world.,VALID
alert136816,txn10036816,suspicious_login,2024-11-17 7:23:50,TRUE,2024-11-19 23:23:50,Fact available international believe on little.,VALID
alert165714,txn10065714,frequent_failure,2025-03-14 12:38:12,TRUE,2025-03-15 01:38:12,Now best keep throughout.,VALID
alert170875,txn10070875,unusual_amount,2024-06-26 16:15:42,TRUE,2024-06-28 10:15:42,Not half view him throughout.,VALID
alert102759,txn10002759,unusual_time,2023-08-02 9:01:28,TRUE,2023-08-04 21:01:28,Guess be quite success.,VALID
alert100850,txn10000850,unusual_time,2024-10-21 18:47:33,FALSE,,Southern answer fly imagine sell.,VALID
alert164888,txn10064888,frequent_failure,2025-08-04 1:53:08,FALSE,,Several involve nearly point candidate president type tonight.,VALID
alert110829,txn10010829,unusual_time,2025-06-16 19:08:22,TRUE,2025-06-17 14:08:22,Interesting which long almost clear.,VALID
alert169366,txn10069366,suspicious_login,2024-02-01 0:11:17,TRUE,2024-02-03 17:11:17,Perhaps make song.,VALID
alert174266,txn10074266,unusual_amount,2024-10-06 3:29:12,TRUE,2024-10-07 22:29:12,Others us take play step.,VALID
alert195416,txn10095416,unusual_amount,2025-06-25 14:16:00,TRUE,2025-06-26 16:16:00,Land cold thing blood style public.,VALID
alert156477,txn10056477,suspicious_login,2024-02-29 14:04:59,TRUE,2024-02-29 23:04:59,Sing for reach level business citizen many.,VALID
alert104880,txn10004880,suspicious_login,2024-10-14 20:00:41,FALSE,,Party from guy.,VALID
alert112845,txn10012845,suspicious_login,2024-11-19 14:21:49,TRUE,2024-11-20 21:21:49,Dream should seek leave.,VALID
alert178253,txn10078253,unusual_amount,2024-11-04 13:56:51,TRUE,2024-11-07 10:56:51,Environmental type pay fish.,VALID
alert178352,txn10078352,frequent_failure,2025-06-30 1:31:13,TRUE,2025-07-01 04:31:13,Last thing simply candidate civil.,VALID
alert108850,txn10008850,unusual_amount,2025-02-23 22:04:35,FALSE,,Bank education eight everybody.,VALID
alert155867,txn10055867,unusual_amount,2025-06-20 20:32:50,TRUE,2025-06-21 08:32:50,Recent concern quickly present investment up size mission.,VALID
alert135942,txn10035942,unusual_time,2024-08-09 4:35:21,TRUE,2024-08-09 14:35:21,Dark eat beyond anything two property American.,VALID
alert194169,txn10094169,unusual_amount,2024-04-03 3:01:54,TRUE,2024-04-03 06:01:54,Business back wonder shoulder form serve.,VALID
alert109000,txn10009000,suspicious_login,2024-12-07 7:56:47,TRUE,2024-12-10 07:56:47,Green former scientist friend always.,VALID
alert123063,txn10023063,unusual_time,2025-08-06 1:52:14,TRUE,2025-08-06 08:06:42,Receive politics American sing change section serious.,VALID
alert145112,txn10045112,unusual_amount,2025-03-14 0:19:34,TRUE,2025-03-16 18:19:34,Himself with door.,VALID
alert103667,txn10003667,unusual_amount,2025-07-20 4:32:12,TRUE,2025-07-20 23:32:12,Hour nearly determine image.,VALID
alert157854,txn10057854,unusual_time,2025-07-15 18:42:43,TRUE,2025-07-16 22:42:43,President forget child rest music important.,VALID
alert171627,txn10071627,unusual_time,2023-07-17 10:33:39,TRUE,2023-07-18 21:33:39,Thing fall rise cost radio.,VALID
alert117234,txn10017234,unusual_time,2025-07-05 8:46:45,TRUE,2025-07-08 08:46:45,Water toward operation building low.,VALID
alert169269,txn10069269,suspicious_login,2025-04-22 16:40:50,FALSE,,Over dream hold live necessary parent check never.,VALID
alert159417,txn10059417,unusual_time,2025-06-28 10:18:24,FALSE,,Probably parent side morning attack early.,VALID
alert101640,txn10001640,unusual_amount,2025-04-21 11:53:32,TRUE,2025-04-21 16:53:32,Administration behind score along.,VALID
alert139778,txn10039778,frequent_failure,2025-06-03 14:58:44,TRUE,2025-06-05 02:58:44,Remember affect wind mean.,VALID
alert152855,txn10052855,suspicious_login,2024-07-12 7:16:38,TRUE,2024-07-13 09:16:38,The head standard rest.,VALID
alert107934,txn10007934,unusual_time,2024-05-14 15:16:17,TRUE,2024-05-16 23:16:17,Upon claim term election.,VALID
alert146640,txn10046640,frequent_failure,2025-06-03 9:38:30,TRUE,2025-06-05 16:38:30,Instead use energy result our amount capital.,VALID
alert133021,txn10033021,frequent_failure,2025-01-28 10:13:10,TRUE,2025-01-30 03:13:10,Amount policy short whole.,VALID
alert191136,txn10091136,frequent_failure,2025-07-26 5:00:30,TRUE,2025-07-28 12:00:30,Worker clearly education human man entire.,VALID
alert119511,txn10019511,frequent_failure,2025-07-20 21:12:36,TRUE,2025-07-23 04:12:36,Matter lot indeed indicate popular.,VALID
alert153493,txn10053493,unusual_time,2025-03-19 7:03:06,FALSE,,Want part group also most full.,VALID
alert149205,txn10049205,suspicious_login,2024-04-07 8:21:05,TRUE,2024-04-08 01:21:05,Contain large great always TV.,VALID
alert177979,txn10077979,unusual_amount,2025-03-31 14:06:21,TRUE,2025-04-01 17:06:21,Ok author dream consumer strategy finally boy.,VALID
alert168735,txn10068735,unusual_amount,2024-05-10 18:14:46,TRUE,2024-05-12 12:14:46,Provide indeed oil mission mind pay.,VALID
alert171857,txn10071857,suspicious_login,2024-11-18 1:17:18,FALSE,,Dog my research family.,VALID
alert120174,txn10020174,unusual_amount,2025-07-27 20:02:56,TRUE,2025-07-29 20:02:56,Oil others exactly available sign.,VALID
alert149236,txn10049236,frequent_failure,2022-10-05 11:17:43,TRUE,2022-10-07 07:17:43,Film computer drug speech.,VALID
alert134197,txn10034197,unusual_amount,2025-04-03 8:58:49,FALSE,,Western bring subject.,VALID
alert164875,txn10064875,frequent_failure,2025-05-24 15:44:29,TRUE,2025-05-25 02:44:29,Off remember skin mission.,VALID
alert161227,txn10061227,frequent_failure,2025-05-03 15:50:25,TRUE,2025-05-06 05:50:25,They identify development center out board yourself.,VALID
alert167988,txn10067988,unusual_amount,2025-06-02 19:03:14,TRUE,2025-06-04 23:03:14,Charge who senior choice.,VALID
alert141109,txn10041109,suspicious_login,2024-10-17 9:55:41,FALSE,,Hold order little lay because camera time prevent.,VALID
alert148170,txn10048170,suspicious_login,2022-04-02 19:55:29,TRUE,2022-04-03 03:55:29,Sometimes analysis issue situation town course together.,VALID
alert141792,txn10041792,unusual_time,2025-05-04 22:14:53,TRUE,2025-05-05 00:14:53,Million physical return make police soon firm probably.,VALID
alert151081,txn10051081,frequent_failure,2025-08-02 3:54:11,TRUE,2025-08-04 14:54:11,Production develop great guess building industry.,VALID
alert189320,txn10089320,unusual_time,2025-05-17 16:53:22,FALSE,,Participant eight pretty person never for.,VALID
alert146901,txn10046901,unusual_time,2024-03-18 20:32:43,TRUE,2024-03-19 12:32:43,Professor cover in instead mention.,VALID
alert152230,txn10052230,unusual_amount,2025-07-24 7:01:37,FALSE,,Go usually growth live rest because.,VALID
alert154585,txn10054585,frequent_failure,2025-08-01 15:51:30,TRUE,2025-08-02 08:51:30,Describe deal door law claim his fight.,VALID
alert134770,txn10034770,frequent_failure,2024-02-07 3:44:17,TRUE,2024-02-08 01:44:17,Back play miss realize picture last attorney.,VALID
alert199178,txn10099178,frequent_failure,2025-08-06 5:58:33,TRUE,2025-08-06 08:06:42,Air ago perhaps issue word bring decade.,VALID
alert116850,txn10016850,unusual_time,2024-07-29 23:50:34,TRUE,2024-07-31 06:50:34,Could account my eye mother sell operation teacher.,VALID
alert143632,txn10043632,unusual_amount,2025-05-14 11:51:33,TRUE,2025-05-14 17:51:33,Win reason stuff budget.,VALID
alert140265,txn10040265,frequent_failure,2024-09-18 13:44:36,TRUE,2024-09-20 03:44:36,Stop some method.,VALID
alert100491,txn10000491,unusual_amount,2025-06-22 15:20:07,TRUE,2025-06-23 20:20:07,You stay road discussion last almost job.,VALID
alert125789,txn10025789,unusual_amount,2025-08-05 6:09:41,FALSE,,Tv adult animal cost cold.,VALID
alert109519,txn10009519,frequent_failure,2025-05-21 1:50:30,TRUE,2025-05-24 01:50:30,Can no memory both section include weight camera.,VALID
alert114719,txn10014719,suspicious_login,2025-08-04 17:51:24,TRUE,2025-08-06 08:06:42,Down however talk about score.,VALID
alert170244,txn10070244,suspicious_login,2025-08-05 15:02:57,TRUE,2025-08-06 08:06:42,Party late front college do.,VALID
alert181874,txn10081874,unusual_amount,2025-04-09 16:58:41,TRUE,2025-04-11 07:58:41,Appear population personal one skill prove.,VALID
alert188265,txn10088265,unusual_time,2025-03-11 12:22:49,TRUE,2025-03-12 18:22:49,Over however little attack under too.,VALID
alert182396,txn10082396,suspicious_login,2025-07-26 8:01:47,TRUE,2025-07-27 20:01:47,Religious clear carry worker relate measure continue.,VALID
alert106505,txn10006505,unusual_time,2025-07-27 1:10:04,TRUE,2025-07-28 03:10:04,Artist sister only growth nearly.,VALID
alert118390,txn10018390,unusual_time,2022-11-01 20:21:03,TRUE,2022-11-03 17:21:03,Address process see sure music.,VALID
alert152672,txn10052672,frequent_failure,2025-07-28 4:47:31,FALSE,,Degree well prevent piece want church.,VALID
alert186414,txn10086414,unusual_amount,2025-06-10 12:11:16,TRUE,2025-06-11 10:11:16,Half very part million present.,VALID
alert172507,txn10072507,unusual_amount,2025-07-18 15:42:14,TRUE,2025-07-19 02:42:14,Throw soldier scientist tough.,VALID
alert108103,txn10008103,unusual_time,2025-01-22 19:14:05,TRUE,2025-01-25 01:14:05,Part fire middle statement southern special.,VALID
alert158516,txn10058516,frequent_failure,2024-11-15 5:30:24,TRUE,2024-11-16 09:30:24,This price pressure across society world.,VALID
alert154113,txn10054113,unusual_amount,2024-11-19 11:53:59,TRUE,2024-11-22 11:53:59,Our life participant prove language body.,VALID
alert106576,txn10006576,suspicious_login,2025-05-30 19:42:38,FALSE,,Foot great travel help various difference role.,VALID
alert127713,txn10027713,suspicious_login,2025-06-24 12:08:28,FALSE,,Million party return determine election opportunity risk.,VALID
alert100383,txn10000383,unusual_time,2025-01-19 7:20:06,FALSE,,Sound leader very step pass scene nation.,VALID
alert145673,txn10045673,unusual_amount,2025-08-01 9:02:49,TRUE,2025-08-02 21:02:49,Chair foot reveal wide rule.,VALID
alert147884,txn10047884,frequent_failure,2025-08-06 8:06:42,TRUE,2025-08-06 08:06:42,Will people process.,VALID
alert183935,txn10083935,unusual_amount,2025-07-01 12:03:46,TRUE,2025-07-03 18:03:46,These machine reason happy commercial out technology.,VALID
alert189205,txn10089205,frequent_failure,2025-03-30 19:48:56,TRUE,2025-04-02 08:48:56,Mouth with cover free son.,VALID
alert130675,txn10030675,suspicious_login,2025-07-17 0:43:27,TRUE,2025-07-18 04:43:27,Several fill wide natural doctor story single major.,VALID
alert114158,txn10014158,unusual_amount,2025-06-08 9:39:46,TRUE,2025-06-10 01:39:46,Possible here vote rate all decision.,VALID
alert147857,txn10047857,unusual_amount,2025-05-03 21:47:58,TRUE,2025-05-06 05:47:58,Buy camera director west call.,VALID
alert199255,txn10099255,unusual_amount,2023-06-12 14:18:57,TRUE,2023-06-15 03:18:57,Less party church goal ready.,VALID
alert173171,txn10073171,unusual_amount,2021-09-06 21:27:28,TRUE,2021-09-09 02:27:28,Age million mouth fall however ahead option.,VALID
alert174209,txn10074209,unusual_time,2025-04-08 15:21:00,TRUE,2025-04-11 02:21:00,Time Democrat herself available.,VALID
alert145428,txn10045428,suspicious_login,2025-03-25 1:26:20,TRUE,2025-03-25 10:26:20,Point check miss discuss stuff sure.,VALID
alert124992,txn10024992,suspicious_login,2024-11-16 1:25:55,FALSE,,Conference charge more.,VALID
alert117583,txn10017583,unusual_time,2025-07-24 23:28:54,TRUE,2025-07-27 12:28:54,Pull all develop price inside beautiful hot writer.,VALID
alert170674,txn10070674,suspicious_login,2024-02-04 3:24:23,TRUE,2024-02-06 17:24:23,Point next natural myself foot per.,VALID
alert166152,txn10066152,unusual_amount,2024-12-15 10:46:39,TRUE,2024-12-16 17:46:39,Compare table safe majority suggest exist.,VALID
alert117469,txn10017469,suspicious_login,2024-02-03 12:56:43,TRUE,2024-02-05 12:56:43,Together market family.,VALID
alert142231,txn10042231,frequent_failure,2025-01-23 7:55:40,TRUE,2025-01-26 00:55:40,Understand some poor son most top.,VALID
alert157185,txn10057185,suspicious_login,2025-06-07 18:25:45,TRUE,2025-06-07 22:25:45,Reduce growth sure third television.,VALID
alert141802,txn10041802,suspicious_login,2024-07-11 17:27:39,TRUE,2024-07-12 07:27:39,Amount specific item me resource.,VALID
alert147163,txn10047163,frequent_failure,2023-04-16 10:32:23,TRUE,2023-04-18 10:32:23,Resource too be.,VALID
alert133684,txn10033684,frequent_failure,2025-07-31 2:55:56,TRUE,2025-08-01 01:55:56,People our with public.,VALID
alert144466,txn10044466,unusual_amount,2025-03-07 5:04:11,TRUE,2025-03-09 12:04:11,Require computer return same sort.,VALID
alert163488,txn10063488,suspicious_login,2025-06-28 3:04:48,TRUE,2025-06-30 17:04:48,Deep weight never impact.,VALID
alert181834,txn10081834,unusual_amount,2024-11-20 3:37:28,FALSE,,After trip send upon within artist want sister.,VALID
alert116816,txn10016816,frequent_failure,2024-06-23 4:29:53,TRUE,2024-06-25 21:29:53,Month indeed wife she continue.,VALID
alert107822,txn10007822,frequent_failure,2022-06-29 7:17:35,TRUE,2022-07-01 01:17:35,Firm machine fish effort majority soon.,VALID
alert170561,txn10070561,suspicious_login,2025-06-17 18:03:45,TRUE,2025-06-18 07:03:45,Raise color commercial money pattern group.,VALID
alert139362,txn10039362,suspicious_login,2024-01-05 17:19:32,TRUE,2024-01-08 15:19:32,Early sea what ever source.,VALID
alert124737,txn10024737,unusual_time,2025-06-07 11:39:14,TRUE,2025-06-08 08:39:14,Future mean foot ask.,VALID
alert136121,txn10036121,frequent_failure,2025-05-14 4:45:54,FALSE,,Common hundred white next.,VALID
alert118212,txn10018212,unusual_amount,2025-08-03 13:41:50,TRUE,2025-08-03 17:41:50,Hard billion could little.,VALID
alert129767,txn10029767,suspicious_login,2024-09-09 8:47:33,FALSE,,Project raise measure poor crime establish behavior.,VALID
alert115535,txn10015535,frequent_failure,2023-07-23 3:44:07,TRUE,2023-07-24 13:44:07,Worker hope task able.,VALID
alert102344,txn10002344,frequent_failure,2023-05-12 4:24:15,TRUE,2023-05-13 15:24:15,Measure check bar field then success.,VALID
alert175645,txn10075645,frequent_failure,2025-07-21 17:10:45,TRUE,2025-07-24 15:10:45,Student beyond maintain tonight shoulder.,VALID
alert132043,txn10032043,unusual_time,2025-05-24 15:00:35,TRUE,2025-05-26 19:00:35,Health peace face tend fund late.,VALID
alert191062,txn10091062,unusual_amount,2025-07-28 5:48:27,TRUE,2025-07-29 03:48:27,To trip white smile own.,VALID
alert148561,txn10048561,frequent_failure,2024-10-15 11:02:18,TRUE,2024-10-15 14:02:18,Thus grow six purpose individual.,VALID
alert186314,txn10086314,frequent_failure,2024-09-19 3:57:20,TRUE,2024-09-21 06:57:20,Decide value wish believe thought.,VALID
alert126016,txn10026016,suspicious_login,2024-08-02 21:32:18,TRUE,2024-08-04 03:32:18,You everything paper religious truth effect.,VALID
alert178905,txn10078905,unusual_time,2023-07-23 8:59:59,TRUE,2023-07-23 22:59:59,Race most animal sort public somebody deep just.,VALID
alert137827,txn10037827,unusual_amount,2024-12-22 10:02:08,TRUE,2024-12-23 17:02:08,Others choice strong teacher attention.,VALID
alert183168,txn10083168,unusual_amount,2021-12-18 16:06:00,TRUE,2021-12-18 21:06:00,View begin southern town.,VALID
alert191656,txn10091656,unusual_amount,2024-09-09 19:39:06,TRUE,2024-09-12 19:39:06,Pm behind himself idea.,VALID
alert195531,txn10095531,unusual_time,2025-08-05 12:17:05,TRUE,2025-08-06 08:06:42,Garden road few above management for.,VALID
alert135471,txn10035471,unusual_amount,2025-07-09 20:36:30,TRUE,2025-07-12 09:36:30,Open fear them majority its.,VALID
alert181811,txn10081811,frequent_failure,2025-03-01 14:14:57,TRUE,2025-03-02 03:14:57,Hold democratic turn heart.,VALID
alert188933,txn10088933,unusual_amount,2025-07-28 13:03:56,TRUE,2025-07-29 22:03:56,You during this set.,VALID
alert181612,txn10081612,unusual_amount,2023-11-26 19:07:13,TRUE,2023-11-28 14:07:13,Figure happy result wind.,VALID
alert176462,txn10076462,suspicious_login,2025-07-29 21:24:07,TRUE,2025-07-31 18:24:07,Deal trade serve night.,VALID
alert147084,txn10047084,unusual_amount,2025-07-27 2:12:39,TRUE,2025-07-27 22:12:39,Picture member sound.,VALID
alert108491,txn10008491,unusual_time,2025-05-06 23:52:07,TRUE,2025-05-08 13:52:07,Much forget almost focus.,VALID
alert186187,txn10086187,suspicious_login,2025-01-30 2:59:49,TRUE,2025-01-31 11:59:49,Home fact answer course tell.,VALID
alert117696,txn10017696,suspicious_login,2025-08-05 20:34:01,TRUE,2025-08-06 08:06:42,Language range product cover.,VALID
alert150227,txn10050227,suspicious_login,2025-06-24 9:26:53,TRUE,2025-06-26 18:26:53,Seem north red true quality commercial remain course.,VALID
alert172497,txn10072497,unusual_amount,2025-05-17 22:49:27,FALSE,,Pay improve create toward less he.,VALID
alert198711,txn10098711,unusual_amount,2025-07-15 20:08:52,TRUE,2025-07-16 16:08:52,Baby figure former without reduce realize role.,VALID
alert137011,txn10037011,suspicious_login,2023-02-02 18:36:54,TRUE,2023-02-03 20:36:54,Military billion keep lay clear knowledge know.,VALID
alert113416,txn10013416,frequent_failure,2024-06-26 14:31:27,TRUE,2024-06-26 15:31:27,Find purpose wait interesting another low level.,VALID
alert173443,txn10073443,frequent_failure,2025-02-14 20:28:04,TRUE,2025-02-17 18:28:04,Drive voice billion feeling structure billion century leave.,VALID
alert125846,txn10025846,unusual_amount,2024-09-23 14:00:59,TRUE,2024-09-25 16:00:59,Ahead success case better teach.,VALID
alert140855,txn10040855,frequent_failure,2024-03-03 22:12:59,TRUE,2024-03-04 13:12:59,Technology send success energy plant staff will.,VALID
alert140946,txn10040946,frequent_failure,2025-01-30 8:45:40,TRUE,2025-01-30 19:45:40,Wear become imagine score figure democratic plant size.,VALID
alert169410,txn10069410,unusual_amount,2024-08-27 8:54:20,TRUE,2024-08-27 13:54:20,Air glass person believe hope mind little.,VALID
alert136565,txn10036565,frequent_failure,2025-08-03 19:28:48,TRUE,2025-08-05 09:28:48,Contain season hotel thousand.,VALID
alert193617,txn10093617,unusual_time,2023-02-27 22:56:07,FALSE,,None anyone second direction professor future.,VALID
alert186507,txn10086507,unusual_amount,2025-08-05 11:17:03,FALSE,,Real old television full.,VALID
alert175959,txn10075959,frequent_failure,2025-06-21 10:25:34,TRUE,2025-06-23 01:25:34,Wind memory if success remain.,VALID
alert198915,txn10098915,frequent_failure,2023-05-27 21:42:13,TRUE,2023-05-28 10:42:13,Fill character none none man decade.,VALID
alert193581,txn10093581,unusual_time,2025-05-08 9:01:02,TRUE,2025-05-10 21:01:02,Phone fly of need.,VALID
alert155350,txn10055350,unusual_amount,2025-02-08 12:05:54,TRUE,2025-02-08 21:05:54,Nation partner military amount probably center.,VALID
alert106686,txn10006686,unusual_time,2025-04-29 7:42:19,TRUE,2025-04-30 15:42:19,Very identify step sit eat.,VALID
alert149534,txn10049534,unusual_time,2025-01-12 0:22:04,TRUE,2025-01-13 04:22:04,Continue research thing although their cover.,VALID
alert188174,txn10088174,frequent_failure,2024-08-21 18:07:23,TRUE,2024-08-22 16:07:23,Whole pretty account.,VALID
alert127386,txn10027386,unusual_amount,2025-07-26 1:19:33,TRUE,2025-07-28 02:19:33,Table material term market security type.,VALID
alert118403,txn10018403,suspicious_login,2025-07-05 10:08:44,TRUE,2025-07-06 03:08:44,Significant response maybe church about politics.,VALID
alert110014,txn10010014,suspicious_login,2025-04-17 7:30:42,TRUE,2025-04-19 18:30:42,Act myself his spring.,VALID
alert117104,txn10017104,frequent_failure,2023-06-30 3:10:36,FALSE,,Report while must start point player bag recognize.,VALID
alert183977,txn10083977,suspicious_login,2025-07-23 16:39:40,TRUE,2025-07-24 22:39:40,Support wonder assume effort.,VALID
alert192436,txn10092436,unusual_amount,2023-07-01 15:02:20,TRUE,2023-07-01 21:02:20,Read picture local spend she.,VALID
alert125835,txn10025835,suspicious_login,2025-07-27 19:17:48,TRUE,2025-07-28 14:17:48,Concern activity argue send science possible himself hard.,VALID
alert187699,txn10087699,unusual_amount,2025-03-05 3:50:45,TRUE,2025-03-05 07:50:45,Girl body behind be physical nearly.,VALID
alert124168,txn10024168,frequent_failure,2025-05-02 8:16:00,TRUE,2025-05-05 03:16:00,Clearly still family sometimes.,VALID
alert162002,txn10062002,frequent_failure,2024-01-11 11:43:50,FALSE,,More serve its feel owner Republican nature stop.,VALID
alert198238,txn10098238,unusual_amount,2025-04-12 18:53:10,TRUE,2025-04-14 21:53:10,Third sometimes fly way capital traditional.,VALID
alert170676,txn10070676,unusual_amount,2025-08-03 1:16:19,TRUE,2025-08-04 13:16:19,Owner college through present raise feeling.,VALID
alert145777,txn10045777,unusual_time,2024-12-17 21:47:15,TRUE,2024-12-20 08:47:15,Prove particular whose today score back.,VALID
alert111408,txn10011408,unusual_time,2025-07-29 7:52:05,TRUE,2025-08-01 06:52:05,Anyone training doctor improve building.,VALID
alert139760,txn10039760,suspicious_login,2025-03-03 17:44:50,TRUE,2025-03-03 22:44:50,Write back so every animal lot.,VALID
alert172382,txn10072382,unusual_amount,2024-06-06 4:34:33,TRUE,2024-06-08 01:34:33,Whatever adult building social message market.,VALID
alert193877,txn10093877,frequent_failure,2025-06-10 22:35:54,TRUE,2025-06-13 08:35:54,Source great ahead color include very.,VALID
alert155691,txn10055691,unusual_time,2025-02-18 11:07:57,TRUE,2025-02-20 22:07:57,Protect like gun case.,VALID
alert125655,txn10025655,suspicious_login,2024-11-18 3:23:58,TRUE,2024-11-18 14:23:58,Way involve send.,VALID
alert198918,txn10098918,suspicious_login,2025-06-19 13:06:23,TRUE,2025-06-19 20:06:23,Us full whose live around.,VALID
alert125508,txn10025508,unusual_time,2025-07-06 3:18:13,TRUE,2025-07-08 00:18:13,Cultural new represent democratic.,VALID
alert106099,txn10006099,frequent_failure,2025-07-06 8:05:56,TRUE,2025-07-07 10:05:56,Letter enter age policy bar because.,VALID
alert195356,txn10095356,unusual_amount,2025-08-05 19:56:33,TRUE,2025-08-06 08:06:42,May treatment about quality.,VALID
alert110708,txn10010708,suspicious_login,2025-01-24 17:24:51,TRUE,2025-01-25 21:24:51,Shake popular measure case commercial.,VALID
alert168814,txn10068814,unusual_time,2025-03-22 3:57:45,TRUE,2025-03-24 12:57:45,Seat hair cost consider skill look.,VALID
alert124656,txn10024656,suspicious_login,2024-11-17 4:37:00,TRUE,2024-11-18 19:37:00,Follow then its suddenly growth keep.,VALID
alert197673,txn10097673,unusual_time,2024-03-30 16:51:26,TRUE,2024-04-02 13:51:26,Stop instead both middle response rich various.,VALID
alert146677,txn10046677,unusual_time,2024-07-09 18:04:04,TRUE,2024-07-11 07:04:04,Product reduce argue.,VALID
alert110993,txn10010993,unusual_time,2025-07-17 7:36:32,TRUE,2025-07-20 06:36:32,Remember student step several image together resource.,VALID
alert151466,txn10051466,suspicious_login,2025-01-09 12:56:21,TRUE,2025-01-11 02:56:21,Wish indicate risk news agreement third dream city.,VALID
alert158825,txn10058825,unusual_time,2024-09-04 0:00:04,FALSE,,Few part week environment foreign enjoy.,VALID
alert183970,txn10083970,unusual_amount,2025-07-05 17:05:35,TRUE,2025-07-05 22:05:35,Area stage already always.,VALID
alert165090,txn10065090,suspicious_login,2024-08-02 17:37:38,FALSE,,Measure relationship fish human official quite argue.,VALID
alert192001,txn10092001,suspicious_login,2025-07-21 5:35:06,TRUE,2025-07-21 18:35:06,We animal keep accept wish effort.,VALID
alert176343,txn10076343,suspicious_login,2025-05-13 9:29:37,TRUE,2025-05-14 12:29:37,Set score voice mind audience ok.,VALID
alert119727,txn10019727,unusual_amount,2025-08-01 4:14:14,TRUE,2025-08-02 06:14:14,Daughter positive hard play.,VALID
alert127266,txn10027266,unusual_time,2025-08-05 17:49:07,TRUE,2025-08-06 08:06:42,Just figure start rule billion dinner.,VALID
alert116601,txn10016601,unusual_time,2025-05-28 6:03:26,TRUE,2025-05-28 21:03:26,Popular hard make.,VALID
alert139765,txn10039765,unusual_amount,2025-06-07 14:08:52,TRUE,2025-06-09 14:08:52,Hold imagine politics art article.,VALID
alert142445,txn10042445,unusual_amount,2025-07-18 6:37:57,TRUE,2025-07-19 18:37:57,Doctor director serve none still measure.,VALID
alert187403,txn10087403,suspicious_login,2025-04-30 6:51:17,TRUE,2025-05-02 08:51:17,Station morning standard.,VALID
alert196069,txn10096069,frequent_failure,2025-06-13 5:37:00,TRUE,2025-06-15 21:37:00,Life Democrat know son.,VALID
alert177793,txn10077793,unusual_time,2025-07-03 21:01:12,TRUE,2025-07-04 02:01:12,Result it apply.,VALID
alert104627,txn10004627,unusual_amount,2024-11-28 20:44:16,TRUE,2024-12-01 17:44:16,Part along after indeed cover prepare.,VALID
alert110473,txn10010473,suspicious_login,2024-09-27 3:48:52,TRUE,2024-09-28 20:48:52,Size piece also east.,VALID
alert138148,txn10038148,frequent_failure,2024-12-23 3:12:54,FALSE,,Order stand realize marriage.,VALID
alert117029,txn10017029,frequent_failure,2024-10-21 7:55:27,TRUE,2024-10-23 01:55:27,Wrong right action interest able design.,VALID
alert171786,txn10071786,unusual_time,2025-07-27 19:19:26,TRUE,2025-07-28 18:19:26,Safe order wife individual catch position.,VALID
alert140206,txn10040206,unusual_time,2024-03-31 9:35:38,TRUE,2024-04-01 03:35:38,Simply power series.,VALID
alert110464,txn10010464,suspicious_login,2025-02-06 0:34:39,TRUE,2025-02-06 16:34:39,Society meet picture situation stay middle air.,VALID
alert130975,txn10030975,unusual_time,2025-04-11 8:53:55,TRUE,2025-04-11 19:53:55,Exist environment gas foot my different across art.,VALID
alert156401,txn10056401,unusual_amount,2025-02-16 7:59:32,TRUE,2025-02-18 11:59:32,Lead big also sing there.,VALID
alert158399,txn10058399,unusual_time,2025-03-24 18:26:32,TRUE,2025-03-27 10:26:32,Century foreign perform speak task guess.,VALID
alert157829,txn10057829,unusual_amount,2025-05-21 19:54:17,TRUE,2025-05-24 19:54:17,However source music glass prove really record expect.,VALID
alert156204,txn10056204,frequent_failure,2025-08-01 0:04:55,TRUE,2025-08-03 19:04:55,Low represent little for box.,VALID
alert102076,txn10002076,suspicious_login,2025-06-02 2:56:51,TRUE,2025-06-04 14:56:51,Near growth section size campaign.,VALID
alert105405,txn10005405,frequent_failure,2024-07-14 3:22:59,TRUE,2024-07-15 01:22:59,Store director benefit which.,VALID
alert117751,txn10017751,unusual_amount,2024-11-12 9:37:36,TRUE,2024-11-14 01:37:36,Rise born coach much church.,VALID
alert142530,txn10042530,unusual_time,2023-07-25 21:54:54,FALSE,,Through population event.,VALID
alert137565,txn10037565,unusual_time,2024-12-10 20:41:32,TRUE,2024-12-13 18:41:32,Black occur suffer long allow.,VALID
alert137670,txn10037670,frequent_failure,2025-07-08 11:03:59,TRUE,2025-07-10 09:03:59,Truth might market understand before indeed wait door.,VALID
alert117819,txn10017819,unusual_time,2025-04-08 11:29:32,TRUE,2025-04-10 09:29:32,Way remain behavior either one include.,VALID
alert143039,txn10043039,frequent_failure,2025-07-20 7:56:58,TRUE,2025-07-23 05:56:58,So either price doctor.,VALID
alert172262,txn10072262,unusual_amount,2025-06-22 3:46:00,TRUE,2025-06-24 15:46:00,Far movement participant structure final.,VALID
alert197000,txn10097000,frequent_failure,2025-04-30 5:41:47,TRUE,2025-04-30 17:41:47,Hard leave baby control prevent.,VALID
alert199619,txn10099619,unusual_time,2025-05-04 0:52:51,FALSE,,Tonight than hotel arm court east member.,VALID
alert128398,txn10028398,unusual_time,2025-07-26 8:19:52,TRUE,2025-07-28 01:19:52,Enough help want development surface PM middle reach.,VALID
alert167875,txn10067875,unusual_amount,2024-06-15 9:00:14,TRUE,2024-06-17 13:00:14,Culture public first thousand charge.,VALID
alert198588,txn10098588,suspicious_login,2024-03-05 7:58:11,TRUE,2024-03-06 18:58:11,Material blood admit piece.,VALID
alert112054,txn10012054,frequent_failure,2025-06-26 20:42:23,TRUE,2025-06-27 00:42:23,Crime could allow beautiful water majority red.,VALID
alert123437,txn10023437,suspicious_login,2025-07-19 4:58:45,TRUE,2025-07-20 22:58:45,Stay just down statement.,VALID
alert172687,txn10072687,unusual_time,2025-08-03 16:15:06,TRUE,2025-08-05 13:15:06,Appear decide rule poor.,VALID
alert171154,txn10071154,frequent_failure,2025-05-30 10:15:15,TRUE,2025-06-01 14:15:15,Matter compare big reveal garden able.,VALID
alert194475,txn10094475,unusual_amount,2023-01-30 11:13:28,TRUE,2023-02-01 22:13:28,Improve opportunity nearly establish pull.,VALID
alert158614,txn10058614,frequent_failure,2025-06-08 10:42:25,TRUE,2025-06-09 18:42:25,Amount life high often.,VALID
alert138798,txn10038798,unusual_time,2025-05-19 7:13:57,TRUE,2025-05-21 10:13:57,Old cold who win century population understand water.,VALID
alert122551,txn10022551,unusual_amount,2025-07-21 14:14:59,TRUE,2025-07-24 06:14:59,Political rest need allow theory.,VALID
alert189896,txn10089896,unusual_time,2025-05-15 4:15:37,TRUE,2025-05-16 14:15:37,Fall get his hundred play matter may.,VALID
alert159043,txn10059043,frequent_failure,2025-07-21 18:20:18,FALSE,,Training bag weight since help.,VALID
alert154967,txn10054967,unusual_time,2025-07-31 15:28:08,TRUE,2025-08-03 12:28:08,Or every lawyer scientist detail little group.,VALID
alert111225,txn10011225,unusual_amount,2023-04-21 8:24:30,TRUE,2023-04-23 18:24:30,Test order national less which.,VALID
alert165210,txn10065210,suspicious_login,2024-06-24 17:17:48,TRUE,2024-06-25 11:17:48,None prevent walk when popular.,VALID
alert132584,txn10032584,unusual_time,2025-07-04 9:04:18,FALSE,,Movement cultural consider whether nature finish.,VALID
alert103615,txn10003615,unusual_amount,2025-07-30 8:49:19,TRUE,2025-08-01 11:49:19,Group sport hospital cost officer industry seven.,VALID
alert130568,txn10030568,unusual_time,2025-05-31 11:36:47,TRUE,2025-06-01 06:36:47,Ahead business whether.,VALID
alert158051,txn10058051,suspicious_login,2025-08-01 12:22:25,FALSE,,Southern others here parent back as hour beyond.,VALID
alert195882,txn10095882,frequent_failure,2025-03-19 13:02:52,TRUE,2025-03-20 11:02:52,Low exactly project against.,VALID
alert192831,txn10092831,suspicious_login,2025-06-30 15:48:16,TRUE,2025-07-02 22:48:16,Effect develop government actually effort newspaper.,VALID
alert196669,txn10096669,frequent_failure,2025-08-05 20:13:43,TRUE,2025-08-06 08:06:42,Imagine keep nearly especially movement certainly beyond.,VALID
alert120473,txn10020473,unusual_time,2024-06-16 9:45:38,TRUE,2024-06-18 05:45:38,For year effect four world.,VALID
alert191499,txn10091499,suspicious_login,2025-07-30 13:51:40,TRUE,2025-08-01 09:51:40,Two rate I he call how begin piece.,VALID
alert157075,txn10057075,suspicious_login,2025-03-07 5:41:01,FALSE,,Teacher usually believe theory whatever.,VALID
alert117030,txn10017030,suspicious_login,2025-07-02 22:41:39,TRUE,2025-07-03 00:41:39,He scientist ok reality near.,VALID
alert150803,txn10050803,frequent_failure,2025-07-21 12:01:32,TRUE,2025-07-24 02:01:32,World chance message suddenly under cup article.,VALID
alert102348,txn10002348,unusual_amount,2025-07-01 22:45:59,TRUE,2025-07-03 12:45:59,Event everybody individual fall budget money.,VALID
alert127265,txn10027265,unusual_time,2024-09-23 19:13:45,TRUE,2024-09-25 18:13:45,Response pull its address drug stay firm.,VALID
alert130279,txn10030279,unusual_time,2024-08-30 11:11:46,TRUE,2024-08-30 17:11:46,Mission world then imagine southern step.,VALID
alert165771,txn10065771,unusual_time,2025-05-19 0:30:58,TRUE,2025-05-20 12:30:58,I word site.,VALID
alert178671,txn10078671,suspicious_login,2023-12-04 2:02:38,TRUE,2023-12-05 11:02:38,Lead raise watch lawyer.,VALID
alert148302,txn10048302,unusual_amount,2025-06-28 21:10:17,TRUE,2025-06-30 06:10:17,Likely condition respond might.,VALID
alert189087,txn10089087,frequent_failure,2024-06-29 19:49:07,TRUE,2024-07-02 03:49:07,Say drop piece sea speak price.,VALID
alert171332,txn10071332,suspicious_login,2025-07-02 14:10:14,TRUE,2025-07-04 09:10:14,Part Republican himself college figure.,VALID
alert108604,txn10008604,suspicious_login,2022-12-18 20:06:08,TRUE,2022-12-21 16:06:08,Plan stay list treatment pick.,VALID
alert120831,txn10020831,suspicious_login,2023-07-17 16:00:52,TRUE,2023-07-17 22:00:52,Any Republican understand too fine start everyone.,VALID
alert141811,txn10041811,suspicious_login,2025-07-31 5:55:23,TRUE,2025-08-01 05:55:23,Pm interesting reduce war second scene.,VALID
alert193713,txn10093713,unusual_time,2024-03-30 11:23:38,FALSE,,Benefit open son within four.,VALID
alert181814,txn10081814,unusual_time,2025-05-29 10:29:21,TRUE,2025-05-29 14:29:21,Industry mention rate culture.,VALID
alert140272,txn10040272,suspicious_login,2025-07-27 6:30:35,TRUE,2025-07-27 10:30:35,History special everything reason song possible Mrs budget.,VALID
alert144093,txn10044093,unusual_amount,2023-11-17 3:29:41,TRUE,2023-11-18 03:29:41,Through ten professor PM feeling agency society.,VALID
alert172998,txn10072998,suspicious_login,2025-03-28 11:38:33,TRUE,2025-03-29 23:38:33,Need although game safe provide.,VALID
alert192970,txn10092970,frequent_failure,2025-03-08 20:26:31,TRUE,2025-03-10 12:26:31,Central three maintain recognize board before.,VALID
alert131819,txn10031819,frequent_failure,2025-08-01 21:18:45,TRUE,2025-08-02 07:18:45,Assume action focus fine simply away animal.,VALID
alert120970,txn10020970,unusual_amount,2022-10-11 13:44:17,FALSE,,Front poor officer condition our for will.,VALID
alert136380,txn10036380,unusual_amount,2024-07-23 17:02:50,FALSE,,Education field serve floor.,VALID
alert148439,txn10048439,frequent_failure,2025-08-01 13:12:14,TRUE,2025-08-03 13:12:14,Music industry nothing.,VALID
alert166084,txn10066084,unusual_amount,2025-08-03 0:02:39,TRUE,2025-08-04 22:02:39,Scientist back art single speech fight sit.,VALID
alert118371,txn10018371,frequent_failure,2025-02-24 15:19:56,FALSE,,Three protect somebody strategy.,VALID
alert126213,txn10026213,frequent_failure,2024-10-06 6:13:01,TRUE,2024-10-07 12:13:01,Yet necessary free produce charge according.,VALID
alert193000,txn10093000,unusual_amount,2025-07-07 9:44:07,TRUE,2025-07-08 05:44:07,Provide common heart company require fine.,VALID
alert121713,txn10021713,unusual_amount,2025-07-06 9:56:44,TRUE,2025-07-09 05:56:44,Phone little letter model off speech social.,VALID
alert190017,txn10090017,frequent_failure,2025-06-11 4:16:45,TRUE,2025-06-12 05:16:45,Discuss trouble hot standard brother either admit.,VALID
alert107712,txn10007712,unusual_amount,2022-02-28 7:40:41,TRUE,2022-03-02 10:40:41,Herself police especially model beyond.,VALID
alert199897,txn10099897,unusual_amount,2024-11-28 10:05:21,TRUE,2024-11-30 19:05:21,Director report around.,VALID
alert177561,txn10077561,unusual_amount,2023-04-15 14:46:58,FALSE,,Defense gun life standard.,VALID
alert190146,txn10090146,suspicious_login,2024-01-01 1:04:12,TRUE,2024-01-03 14:04:12,Read marriage tonight often.,VALID
alert149055,txn10049055,suspicious_login,2025-06-10 19:10:39,TRUE,2025-06-12 23:10:39,All research wear I with.,VALID
alert147693,txn10047693,unusual_amount,2025-08-05 7:51:09,TRUE,2025-08-05 16:51:09,Less office institution society seem figure.,VALID
alert193629,txn10093629,frequent_failure,2025-02-27 8:28:19,TRUE,2025-02-28 16:28:19,Story also help special leader institution production different.,VALID
alert171244,txn10071244,suspicious_login,2024-12-04 2:59:19,TRUE,2024-12-04 17:59:19,Maintain help court floor he wall.,VALID
alert107275,txn10007275,suspicious_login,2025-04-08 1:44:31,TRUE,2025-04-09 09:44:31,I box notice off daughter.,VALID
alert135960,txn10035960,frequent_failure,2024-05-26 2:27:58,FALSE,,Find blood practice three improve really.,VALID
alert126383,txn10026383,frequent_failure,2025-05-06 11:32:42,TRUE,2025-05-06 14:32:42,Ask rather dark effect almost maintain appear offer.,VALID
alert192608,txn10092608,unusual_amount,2024-11-23 2:01:45,TRUE,2024-11-25 13:01:45,Get management rest center.,VALID
alert129442,txn10029442,unusual_time,2023-07-27 12:24:19,TRUE,2023-07-28 04:24:19,State similar easy hold.,VALID
alert148639,txn10048639,unusual_time,2025-05-25 12:36:14,TRUE,2025-05-27 08:36:14,Less threat knowledge anyone show factor.,VALID
alert128480,txn10028480,suspicious_login,2023-07-21 15:59:26,TRUE,2023-07-23 05:59:26,Both defense trouble community goal happy fill.,VALID
alert160540,txn10060540,suspicious_login,2025-06-03 1:50:07,TRUE,2025-06-05 23:50:07,Eat money trip throughout fly in.,VALID
alert121842,txn10021842,unusual_amount,2025-07-04 7:17:00,TRUE,2025-07-04 13:17:00,Republican staff despite image hair I.,VALID
alert157216,txn10057216,unusual_amount,2025-07-02 20:46:42,TRUE,2025-07-04 05:46:42,Cup attention leave billion democratic around house environment.,VALID
alert169504,txn10069504,unusual_amount,2025-04-26 12:07:55,TRUE,2025-04-29 12:07:55,Somebody nation between ball.,VALID
alert108630,txn10008630,unusual_time,2022-10-20 4:53:13,TRUE,2022-10-22 08:53:13,Both serve few.,VALID
alert176294,txn10076294,frequent_failure,2024-11-08 5:04:51,TRUE,2024-11-10 18:04:51,Computer herself answer anyone officer.,VALID
alert163974,txn10063974,frequent_failure,2024-01-09 5:57:56,TRUE,2024-01-10 04:57:56,The stock again manage teacher her dog.,VALID
alert171196,txn10071196,frequent_failure,2025-07-14 19:52:32,TRUE,2025-07-16 20:52:32,First prepare price thought win listen course coach.,VALID
alert183104,txn10083104,suspicious_login,2021-11-12 2:00:39,TRUE,2021-11-12 08:00:39,Sort between friend evidence.,VALID
alert106558,txn10006558,unusual_time,2025-03-13 22:29:01,TRUE,2025-03-16 13:29:01,Return exactly traditional.,VALID
alert107065,txn10007065,unusual_amount,2025-03-19 7:08:54,TRUE,2025-03-22 05:08:54,Cover person culture.,VALID
alert143937,txn10043937,frequent_failure,2025-05-23 20:19:59,TRUE,2025-05-25 08:19:59,Agency none such bad.,VALID
alert153408,txn10053408,unusual_amount,2025-05-26 11:23:18,TRUE,2025-05-27 08:23:18,Skill recognize just focus know.,VALID
alert136510,txn10036510,unusual_amount,2025-07-11 9:33:57,TRUE,2025-07-14 02:33:57,Watch case information because six sound science.,VALID
alert131187,txn10031187,unusual_time,2025-07-20 22:34:45,TRUE,2025-07-23 22:34:45,Coach perhaps operation.,VALID
alert164347,txn10064347,unusual_amount,2025-05-26 19:56:17,TRUE,2025-05-27 22:56:17,Thank whom generation consider part too.,VALID
alert139250,txn10039250,frequent_failure,2025-07-29 1:36:24,TRUE,2025-07-31 05:36:24,Stay recognize job more.,VALID
alert198113,txn10098113,unusual_amount,2025-02-17 18:32:27,TRUE,2025-02-20 05:32:27,Former hope almost stock.,VALID
alert167592,txn10067592,suspicious_login,2025-07-27 18:58:32,TRUE,2025-07-28 09:58:32,Note away live here.,VALID
alert163354,txn10063354,unusual_time,2025-05-27 22:23:43,TRUE,2025-05-29 17:23:43,Career evidence respond amount TV live.,VALID
alert108981,txn10008981,unusual_amount,2025-07-19 11:44:09,TRUE,2025-07-19 12:44:09,Receive society citizen system he.,VALID
alert130943,txn10030943,unusual_amount,2025-03-05 6:57:25,TRUE,2025-03-05 17:57:25,Often in explain which bag.,VALID
alert165442,txn10065442,suspicious_login,2023-04-27 12:07:07,TRUE,2023-04-27 17:07:07,Approach garden different business draw.,VALID
alert134712,txn10034712,suspicious_login,2023-06-26 0:15:02,TRUE,2023-06-28 03:15:02,Order develop my friend.,VALID
alert186625,txn10086625,frequent_failure,2025-03-05 4:50:15,TRUE,2025-03-05 11:50:15,Seek let across itself paper impact.,VALID
alert111710,txn10011710,frequent_failure,2024-07-25 0:56:49,TRUE,2024-07-26 23:56:49,Defense cell purpose key could worry history floor.,VALID
alert161576,txn10061576,frequent_failure,2025-07-28 7:05:26,TRUE,2025-07-31 05:05:26,Speech fact than issue oil single letter.,VALID
alert166622,txn10066622,suspicious_login,2025-07-27 3:00:36,TRUE,2025-07-27 09:00:36,Participant popular production arm.,VALID
alert122679,txn10022679,unusual_time,2025-05-29 21:02:27,TRUE,2025-05-30 03:02:27,Itself side cover player peace.,VALID
alert134361,txn10034361,suspicious_login,2025-07-09 3:27:27,TRUE,2025-07-10 19:27:27,Protect conference score skin interest art.,VALID
alert123014,txn10023014,suspicious_login,2023-07-16 23:51:31,TRUE,2023-07-18 21:51:31,Position need police very agree Mrs tax.,VALID
alert158590,txn10058590,suspicious_login,2025-07-09 0:52:16,TRUE,2025-07-09 10:52:16,Audience and size into chair face assume.,VALID
alert158787,txn10058787,unusual_time,2025-04-28 12:52:26,TRUE,2025-04-29 16:52:26,Include road house her newspaper.,VALID
alert107361,txn10007361,unusual_time,2025-07-09 8:40:52,TRUE,2025-07-10 22:40:52,Various term mission bed front prove.,VALID
alert110132,txn10010132,unusual_time,2024-05-18 10:32:21,TRUE,2024-05-21 02:32:21,Agency require foot early kind on occur.,VALID
alert174796,txn10074796,suspicious_login,2024-12-28 19:03:04,TRUE,2024-12-29 15:03:04,Soon parent cost book design time.,VALID
alert159678,txn10059678,unusual_time,2024-07-28 22:13:42,TRUE,2024-07-29 19:13:42,Meet painting agreement open line.,VALID
alert185633,txn10085633,unusual_amount,2025-02-13 16:34:40,TRUE,2025-02-16 14:34:40,Finish certain policy real.,VALID
alert116284,txn10016284,unusual_time,2025-07-02 17:50:38,TRUE,2025-07-03 23:50:38,Professor four lawyer candidate.,VALID
alert132840,txn10032840,unusual_time,2024-05-27 6:09:09,FALSE,,Lot sell according fine part side since war.,VALID
alert190820,txn10090820,unusual_amount,2024-08-29 8:38:25,TRUE,2024-08-31 18:38:25,Student worry ask personal.,VALID
alert135906,txn10035906,unusual_time,2024-06-20 5:51:23,TRUE,2024-06-21 03:51:23,Capital sister create main.,VALID
alert191746,txn10091746,unusual_time,2025-05-19 3:50:02,TRUE,2025-05-19 11:50:02,Also million along which culture hard.,VALID
alert194372,txn10094372,unusual_amount,2025-05-07 1:12:56,TRUE,2025-05-09 08:12:56,Part important send this face sea.,VALID
alert178325,txn10078325,frequent_failure,2024-09-02 14:20:57,TRUE,2024-09-04 09:20:57,Always need impact explain customer.,VALID
alert104007,txn10004007,unusual_amount,2025-07-24 12:07:31,TRUE,2025-07-24 19:07:31,Indeed full herself city dinner nation beat.,VALID
alert194305,txn10094305,suspicious_login,2025-02-25 21:42:15,TRUE,2025-02-26 10:42:15,Hit anything inside.,VALID
alert189723,txn10089723,frequent_failure,2024-10-30 11:59:10,TRUE,2024-11-01 12:59:10,Number decision fast those understand leave.,VALID
alert134608,txn10034608,unusual_time,2024-07-10 4:34:20,TRUE,2024-07-12 03:34:20,Rate field indeed including serve.,VALID
alert108392,txn10008392,unusual_amount,2025-07-28 11:07:06,TRUE,2025-07-30 01:07:06,Security yeah democratic head total bill recently force.,VALID
alert179777,txn10079777,unusual_time,2023-08-29 4:08:25,TRUE,2023-08-29 08:08:25,Board college fall matter grow city.,VALID
alert111181,txn10011181,unusual_time,2025-07-18 18:38:34,TRUE,2025-07-20 08:38:34,Push bar hair ago history suddenly.,VALID
alert196517,txn10096517,frequent_failure,2025-07-27 13:20:24,TRUE,2025-07-27 16:20:24,Whole painting door.,VALID
alert187570,txn10087570,frequent_failure,2024-11-16 6:30:57,TRUE,2024-11-19 02:30:57,Usually idea hold sell oil.,VALID
alert136884,txn10036884,unusual_amount,2025-02-22 13:03:52,TRUE,2025-02-24 20:03:52,Forget last who official.,VALID
alert105308,txn10005308,unusual_amount,2025-08-05 10:49:10,FALSE,,Computer manage organization debate people industry live.,VALID
alert114361,txn10014361,unusual_time,2025-03-21 3:21:23,TRUE,2025-03-22 07:21:23,Actually many eye poor stage response.,VALID
alert122046,txn10022046,frequent_failure,2025-07-23 9:47:43,TRUE,2025-07-25 02:47:43,Meeting fly us free feeling.,VALID
alert143925,txn10043925,suspicious_login,2025-07-31 3:28:41,TRUE,2025-07-31 12:28:41,Great window over.,VALID
alert171910,txn10071910,unusual_amount,2025-07-05 1:30:09,FALSE,,Body left financial sometimes determine.,VALID
alert153508,txn10053508,unusual_amount,2025-07-15 15:29:56,TRUE,2025-07-16 12:29:56,Child bed professional type man.,VALID
alert136879,txn10036879,suspicious_login,2024-09-25 21:59:08,FALSE,,Family control per smile rather nor first.,VALID
alert119345,txn10019345,frequent_failure,2021-03-12 14:15:38,TRUE,2021-03-14 02:15:38,To growth him relate.,VALID
alert104200,txn10004200,frequent_failure,2024-08-09 2:49:44,TRUE,2024-08-10 07:49:44,Challenge themselves sit here.,VALID
alert199797,txn10099797,suspicious_login,2024-03-12 10:47:04,TRUE,2024-03-14 17:47:04,Town state nearly music bad.,VALID
alert133627,txn10033627,unusual_amount,2025-08-06 5:43:02,TRUE,2025-08-06 08:06:42,Else people affect dinner final government first.,VALID
alert163010,txn10063010,unusual_amount,2025-05-19 17:55:10,TRUE,2025-05-21 03:55:10,Manage family moment recently thus.,VALID
alert174793,txn10074793,unusual_amount,2025-02-18 5:21:28,TRUE,2025-02-19 04:21:28,Seven could military technology some.,VALID
alert193876,txn10093876,frequent_failure,2025-01-25 13:55:36,TRUE,2025-01-25 14:55:36,Least year which for.,VALID
alert123272,txn10023272,suspicious_login,2025-01-24 6:28:04,TRUE,2025-01-25 01:28:04,Class these white political career popular address vote.,VALID
alert183674,txn10083674,suspicious_login,2024-04-15 9:01:43,TRUE,2024-04-18 02:01:43,Major during change at growth business.,VALID
alert164057,txn10064057,unusual_time,2024-10-14 20:32:39,TRUE,2024-10-16 04:32:39,With question threat history so.,VALID
alert102373,txn10002373,unusual_amount,2025-05-08 10:18:48,TRUE,2025-05-08 18:18:48,Garden between first become loss continue.,VALID
alert139517,txn10039517,suspicious_login,2025-07-27 18:08:03,FALSE,,Suggest baby television article.,VALID
alert149753,txn10049753,frequent_failure,2025-07-27 22:12:50,TRUE,2025-07-28 11:12:50,Quickly partner until.,VALID
alert156282,txn10056282,frequent_failure,2024-03-04 0:49:06,TRUE,2024-03-06 16:49:06,Long chair best four tonight coach firm example.,VALID
alert101390,txn10001390,unusual_time,2025-07-06 3:37:55,FALSE,,Full lay political natural actually push ask.,VALID
alert160664,txn10060664,frequent_failure,2024-01-26 6:19:05,TRUE,2024-01-28 21:19:05,Create conference member bed by mention finally particularly.,VALID
alert180818,txn10080818,unusual_time,2025-06-09 13:56:01,TRUE,2025-06-10 11:56:01,Few offer talk avoid usually tree appear.,VALID
alert141649,txn10041649,frequent_failure,2025-03-04 1:31:07,TRUE,2025-03-05 22:31:07,Show into country raise suffer.,VALID
alert158869,txn10058869,unusual_amount,2025-05-29 10:52:41,FALSE,,Plant know big response news student present.,VALID
alert129770,txn10029770,unusual_time,2025-07-31 18:59:32,TRUE,2025-08-01 22:59:32,Wind him off involve coach likely best.,VALID
alert198337,txn10098337,suspicious_login,2025-03-12 15:08:24,TRUE,2025-03-14 11:08:24,Agency medical manage officer pressure simply move.,VALID
alert148592,txn10048592,unusual_time,2023-09-23 12:27:52,TRUE,2023-09-24 03:27:52,Very city grow religious sister I deep tax.,VALID
alert179231,txn10079231,suspicious_login,2025-07-25 11:56:43,TRUE,2025-07-26 11:56:43,Than someone year week.,VALID
alert175587,txn10075587,unusual_time,2025-07-29 8:49:26,TRUE,2025-07-30 07:49:26,To case field dream enter at.,VALID
alert152399,txn10052399,frequent_failure,2025-06-23 9:50:57,TRUE,2025-06-26 06:50:57,Perform rate specific father to official.,VALID
alert179902,txn10079902,unusual_amount,2025-05-03 20:06:52,TRUE,2025-05-06 11:06:52,Dinner him sound good.,VALID
alert105838,txn10005838,frequent_failure,2024-09-30 22:35:53,FALSE,,College black green process spend through letter.,VALID
alert157383,txn10057383,frequent_failure,2025-07-30 13:30:51,TRUE,2025-07-31 09:30:51,Assume marriage may most.,VALID
alert166859,txn10066859,suspicious_login,2025-06-27 15:35:12,TRUE,2025-06-28 20:35:12,Note land want realize building.,VALID
alert110932,txn10010932,unusual_time,2025-04-30 4:45:43,FALSE,,Race music north wait listen base.,VALID
alert152105,txn10052105,frequent_failure,2024-08-31 4:13:12,TRUE,2024-09-02 19:13:12,One they affect paper note condition listen important.,VALID
alert164907,txn10064907,unusual_amount,2025-05-13 20:20:55,TRUE,2025-05-16 10:20:55,Vote different benefit trouble for evening first.,VALID
alert136144,txn10036144,unusual_amount,2024-11-05 9:52:56,TRUE,2024-11-07 13:52:56,Particular perhaps behavior score power environmental.,VALID
alert102950,txn10002950,unusual_time,2025-03-15 21:18:32,TRUE,2025-03-18 09:18:32,Past laugh color write trade history.,VALID
alert198557,txn10098557,frequent_failure,2024-03-08 12:46:02,TRUE,2024-03-11 10:46:02,Everything church about strong.,VALID
alert112357,txn10012357,unusual_amount,2025-01-19 9:47:16,FALSE,,Along issue sport rich.,VALID
alert194548,txn10094548,suspicious_login,2025-04-01 14:36:03,TRUE,2025-04-02 14:36:03,Sometimes space relate others western.,VALID
alert153218,txn10053218,frequent_failure,2024-10-09 18:56:51,TRUE,2024-10-10 00:56:51,Bag society film catch report hospital.,VALID
alert179185,txn10079185,unusual_amount,2025-06-13 13:00:24,TRUE,2025-06-15 23:00:24,Speech although win get.,VALID
alert173406,txn10073406,suspicious_login,2024-05-25 1:06:50,TRUE,2024-05-25 21:06:50,Interview Mr three politics girl rule share.,VALID
alert131996,txn10031996,suspicious_login,2024-05-13 13:10:22,TRUE,2024-05-14 22:10:22,Population analysis American project small.,VALID
alert127396,txn10027396,suspicious_login,2025-07-17 15:16:17,TRUE,2025-07-20 09:16:17,Section often teacher arrive land edge wind our.,VALID
alert123443,txn10023443,unusual_amount,2024-11-29 0:21:10,TRUE,2024-11-30 17:21:10,Inside information risk dark general near book.,VALID
alert147306,txn10047306,suspicious_login,2025-08-02 5:25:07,TRUE,2025-08-02 06:25:07,Develop reason really sure answer east across.,VALID
alert177037,txn10077037,frequent_failure,2023-11-05 5:27:57,TRUE,2023-11-05 09:27:57,Attorney people somebody series campaign street life.,VALID
alert142196,txn10042196,suspicious_login,2024-06-12 4:49:21,TRUE,2024-06-12 10:49:21,Store camera use soon wear.,VALID
alert103355,txn10003355,frequent_failure,2024-01-03 22:07:10,FALSE,,Action nearly total his take piece avoid.,VALID
alert120695,txn10020695,suspicious_login,2024-05-31 15:44:11,TRUE,2024-06-01 07:44:11,Them culture why short environmental Mrs.,VALID
alert118739,txn10018739,suspicious_login,2024-10-14 2:44:53,TRUE,2024-10-17 01:44:53,Board thought easy body care little although piece.,VALID
alert197914,txn10097914,frequent_failure,2025-02-26 4:14:30,TRUE,2025-02-27 11:14:30,There available time born.,VALID
alert148625,txn10048625,frequent_failure,2025-04-29 17:29:45,TRUE,2025-04-30 04:29:45,Report term from anything think skin.,VALID
alert166366,txn10066366,suspicious_login,2025-07-18 8:34:56,TRUE,2025-07-20 10:34:56,Line from cold.,VALID
alert144312,txn10044312,suspicious_login,2025-08-01 0:17:28,TRUE,2025-08-02 16:17:28,Finally parent society cell actually activity.,VALID
alert122520,txn10022520,unusual_amount,2025-06-05 20:39:16,TRUE,2025-06-07 02:39:16,Quickly determine account pressure effect such member event.,VALID
alert187807,txn10087807,unusual_time,2024-02-17 22:25:35,FALSE,,Raise indeed protect term skin reduce sometimes.,VALID
alert161831,txn10061831,frequent_failure,2025-03-26 23:07:05,FALSE,,Bill out pass set enjoy teacher myself none.,VALID
alert132728,txn10032728,suspicious_login,2022-05-09 16:44:08,TRUE,2022-05-11 00:44:08,Cause class size at even affect between.,VALID
alert177607,txn10077607,suspicious_login,2025-06-14 13:32:27,FALSE,,Official lawyer something something word charge.,VALID
alert173088,txn10073088,unusual_amount,2024-12-23 19:38:44,TRUE,2024-12-26 18:38:44,Whole party check very see look management.,VALID
alert171708,txn10071708,unusual_amount,2025-05-22 21:00:18,FALSE,,Future maybe wrong stay.,VALID
alert173078,txn10073078,unusual_amount,2023-10-30 15:19:46,TRUE,2023-11-01 08:19:46,Put thousand reflect hair.,VALID
alert165609,txn10065609,frequent_failure,2025-07-16 19:57:07,TRUE,2025-07-19 17:57:07,Wish already mission.,VALID
alert117952,txn10017952,unusual_amount,2025-08-01 11:30:04,TRUE,2025-08-04 00:30:04,Customer upon will away then despite.,VALID
alert134629,txn10034629,frequent_failure,2024-12-14 21:56:54,TRUE,2024-12-15 02:56:54,Sort actually focus require population spring institution.,VALID
alert110803,txn10010803,unusual_time,2025-06-03 20:34:45,FALSE,,Turn ago tend look eight business short once.,VALID
alert193044,txn10093044,unusual_amount,2024-12-07 21:32:40,FALSE,,Family face shoulder if spring newspaper.,VALID
alert165259,txn10065259,unusual_amount,2023-04-11 0:47:34,FALSE,,Church increase that drop yourself.,VALID
alert101269,txn10001269,frequent_failure,2023-07-14 20:27:25,FALSE,,Water half edge card spring leg.,VALID
alert137801,txn10037801,unusual_amount,2025-03-10 1:11:22,TRUE,2025-03-10 09:11:22,Who movement capital experience.,VALID
alert143434,txn10043434,unusual_time,2025-01-19 2:24:51,TRUE,2025-01-21 19:24:51,Forward computer pick.,VALID
alert120872,txn10020872,unusual_time,2024-08-14 3:04:21,TRUE,2024-08-15 20:04:21,Business food read there significant risk.,VALID
alert166621,txn10066621,unusual_amount,2025-06-18 13:18:31,TRUE,2025-06-19 10:18:31,Assume quite body recognize result bad question.,VALID
alert109738,txn10009738,frequent_failure,2025-03-28 4:49:17,TRUE,2025-03-30 06:49:17,Ago where civil.,VALID
alert122425,txn10022425,frequent_failure,2025-08-02 21:15:51,TRUE,2025-08-04 20:15:51,Heart class too about.,VALID
alert157387,txn10057387,unusual_amount,2024-11-08 11:14:33,FALSE,,Past large Congress front born type.,VALID
alert150232,txn10050232,unusual_time,2025-07-18 7:55:59,TRUE,2025-07-19 10:55:59,Foot money human bank.,VALID
alert176352,txn10076352,suspicious_login,2024-11-03 23:12:17,TRUE,2024-11-06 08:12:17,Own many son already.,VALID
alert145534,txn10045534,suspicious_login,2023-09-05 7:37:50,TRUE,2023-09-06 04:37:50,Gas around recent floor.,VALID
alert134931,txn10034931,unusual_amount,2025-08-01 23:06:08,TRUE,2025-08-04 16:06:08,Rest oil especially research employee research.,VALID
alert186328,txn10086328,unusual_time,2024-11-14 10:06:23,TRUE,2024-11-14 19:06:23,Son yourself case too system raise cause executive.,VALID
alert182094,txn10082094,unusual_amount,2025-08-01 9:26:29,TRUE,2025-08-02 06:26:29,Where boy three tonight table upon raise.,VALID
alert140717,txn10040717,unusual_time,2025-07-09 1:47:49,TRUE,2025-07-11 07:47:49,Which box consider require.,VALID
alert181491,txn10081491,suspicious_login,2025-08-05 11:31:15,FALSE,,Detail authority society true power shake mouth.,VALID
alert160721,txn10060721,unusual_time,2025-04-26 5:05:29,TRUE,2025-04-27 16:05:29,Certainly anything air.,VALID
alert197714,txn10097714,frequent_failure,2025-05-27 1:37:53,TRUE,2025-05-27 16:37:53,Of hour soon onto move instead public usually.,VALID
alert145515,txn10045515,frequent_failure,2024-08-05 21:46:11,TRUE,2024-08-07 17:46:11,Miss scientist born military respond clear off.,VALID
alert174652,txn10074652,unusual_amount,2025-01-14 18:09:03,FALSE,,Democratic make source method.,VALID
alert151952,txn10051952,unusual_time,2022-10-28 5:03:36,TRUE,2022-10-29 03:03:36,Base rule thought will herself nation woman.,VALID
alert124940,txn10024940,unusual_amount,2025-07-21 18:17:50,TRUE,2025-07-23 05:17:50,Cost authority scene feeling piece.,VALID
alert189991,txn10089991,frequent_failure,2025-07-26 21:44:52,TRUE,2025-07-27 18:44:52,Factor market great because begin.,VALID
alert161694,txn10061694,suspicious_login,2025-05-28 3:27:34,TRUE,2025-05-29 22:27:34,Pattern during since conference future.,VALID
alert120276,txn10020276,suspicious_login,2025-05-10 0:59:10,TRUE,2025-05-12 14:59:10,Family letter clearly list.,VALID
alert187126,txn10087126,frequent_failure,2024-11-18 1:12:56,TRUE,2024-11-20 06:12:56,Car policy figure really industry ask.,VALID
alert178126,txn10078126,suspicious_login,2025-07-08 15:48:14,FALSE,,Radio sense security top really family position.,VALID
alert115921,txn10015921,unusual_time,2025-07-16 13:00:36,TRUE,2025-07-17 03:00:36,Kitchen finish though take pay second art.,VALID
alert108997,txn10008997,suspicious_login,2025-07-18 10:03:17,TRUE,2025-07-20 05:03:17,Statement still question single return explain under hear.,VALID
alert155349,txn10055349,unusual_amount,2025-01-10 6:33:50,TRUE,2025-01-12 07:33:50,Well take last.,VALID
alert192291,txn10092291,frequent_failure,2023-01-26 14:18:33,TRUE,2023-01-28 04:18:33,Training test cut the course thousand.,VALID
alert185153,txn10085153,unusual_time,2024-06-07 10:25:02,TRUE,2024-06-09 12:25:02,Red benefit site approach reason.,VALID
alert130555,txn10030555,frequent_failure,2025-06-15 1:21:18,FALSE,,Door draw right.,VALID
alert131444,txn10031444,unusual_time,2025-08-05 15:28:23,TRUE,2025-08-06 08:06:42,Executive four church others million bed.,VALID
alert123820,txn10023820,unusual_time,2025-03-15 16:07:54,TRUE,2025-03-16 13:07:54,Money there people wind.,VALID
alert113776,txn10013776,suspicious_login,2024-09-03 7:10:58,TRUE,2024-09-03 11:10:58,Security wall science region box.,VALID
alert131516,txn10031516,unusual_time,2023-06-10 15:39:39,TRUE,2023-06-10 20:39:39,Bit yeah picture health attention six figure.,VALID
alert101129,txn10001129,unusual_time,2024-09-27 20:36:17,TRUE,2024-09-30 02:36:17,Voice kitchen what factor check.,VALID
alert108599,txn10008599,frequent_failure,2025-02-14 14:45:18,TRUE,2025-02-15 20:45:18,His paper positive peace should statement.,VALID
alert170792,txn10070792,unusual_amount,2025-01-16 22:46:40,TRUE,2025-01-17 05:46:40,Red address when more service air.,VALID
alert145072,txn10045072,unusual_amount,2024-05-14 18:27:48,TRUE,2024-05-16 13:27:48,Generation religious threat tough.,VALID
alert151354,txn10051354,unusual_time,2021-07-22 11:29:53,TRUE,2021-07-23 15:29:53,Hand fire develop lot course.,VALID
alert178067,txn10078067,unusual_time,2024-09-18 14:18:29,TRUE,2024-09-21 14:18:29,Do bag half according sport camera question city.,VALID
alert108732,txn10008732,suspicious_login,2025-01-14 18:14:33,TRUE,2025-01-15 17:14:33,Rest father opportunity he want.,VALID
alert116529,txn10016529,unusual_amount,2025-06-20 23:54:26,TRUE,2025-06-22 01:54:26,Certain clear author box operation late shake.,VALID
alert135573,txn10035573,unusual_amount,2025-05-17 2:39:41,TRUE,2025-05-17 04:39:41,Democrat alone event nothing capital quickly standard.,VALID
alert160146,txn10060146,unusual_amount,2024-12-24 2:45:25,TRUE,2024-12-24 14:45:25,Popular rule family high sound.,VALID
alert123160,txn10023160,frequent_failure,2025-08-04 16:48:21,TRUE,2025-08-04 21:48:21,I start fear price.,VALID
alert191373,txn10091373,suspicious_login,2025-07-19 1:47:34,TRUE,2025-07-19 06:47:34,Doctor detail career sort.,VALID
alert185250,txn10085250,unusual_time,2024-02-24 2:44:00,TRUE,2024-02-26 14:44:00,Key bag then.,VALID
alert112998,txn10012998,frequent_failure,2025-07-29 6:09:56,FALSE,,Condition eat great good.,VALID
alert130846,txn10030846,suspicious_login,2025-06-08 11:19:44,TRUE,2025-06-09 02:19:44,Various couple class itself effect do.,VALID
alert187223,txn10087223,unusual_time,2025-07-09 6:57:56,TRUE,2025-07-10 12:57:56,Pay available throw sure guess.,VALID
alert174451,txn10074451,suspicious_login,2025-07-14 5:46:41,TRUE,2025-07-14 06:46:41,Market start building whose tree while dark chair.,VALID
alert106771,txn10006771,suspicious_login,2025-07-27 18:24:18,TRUE,2025-07-29 09:24:18,Approach fish compare child yes build level.,VALID
alert143332,txn10043332,unusual_time,2025-07-19 4:07:41,TRUE,2025-07-20 02:07:41,Hear coach season.,VALID
alert196022,txn10096022,frequent_failure,2024-12-20 18:45:53,TRUE,2024-12-22 10:45:53,Trial lot recently represent industry least.,VALID
alert167344,txn10067344,unusual_amount,2025-08-06 6:53:36,TRUE,2025-08-06 08:06:42,Maybe behind everybody board specific expert.,VALID
alert191988,txn10091988,frequent_failure,2024-02-10 13:29:12,TRUE,2024-02-12 12:29:12,Best group fish whole.,VALID
alert124202,txn10024202,frequent_failure,2025-05-10 23:31:30,TRUE,2025-05-13 05:31:30,Evening another use doctor.,VALID
alert178187,txn10078187,suspicious_login,2025-07-25 16:51:11,TRUE,2025-07-27 23:51:11,Phone treatment forward admit.,VALID
alert130457,txn10030457,frequent_failure,2025-04-15 23:01:46,TRUE,2025-04-17 04:01:46,Occur stage maintain fact he.,VALID
alert159968,txn10059968,unusual_time,2025-07-27 10:43:26,TRUE,2025-07-28 19:43:26,Picture kid science window college boy just.,VALID
alert157571,txn10057571,unusual_amount,2025-06-24 23:38:47,TRUE,2025-06-27 09:38:47,Door laugh four kid.,VALID
alert120819,txn10020819,unusual_time,2021-10-16 12:10:36,FALSE,,Success itself take matter quite.,VALID
alert182781,txn10082781,unusual_time,2025-06-18 3:49:45,TRUE,2025-06-20 14:49:45,Dog pass foot art firm hit.,VALID
alert173693,txn10073693,unusual_time,2025-02-22 19:53:46,TRUE,2025-02-25 01:53:46,Common plan everything would send case.,VALID
alert186239,txn10086239,unusual_time,2025-03-12 17:56:51,TRUE,2025-03-13 18:56:51,Organization actually middle cut debate respond.,VALID
alert107810,txn10007810,unusual_time,2024-12-23 3:46:27,TRUE,2024-12-23 04:46:27,Same ever this miss ready manage.,VALID
alert144522,txn10044522,frequent_failure,2022-11-05 1:03:46,TRUE,2022-11-06 09:03:46,Nothing dinner performance great.,VALID
alert142463,txn10042463,unusual_amount,2025-07-27 7:35:53,TRUE,2025-07-27 16:35:53,Two open win budget sing along.,VALID
alert113806,txn10013806,unusual_amount,2023-08-17 21:02:46,TRUE,2023-08-18 12:02:46,Sign develop her.,VALID
alert151120,txn10051120,frequent_failure,2025-07-04 23:54:38,TRUE,2025-07-07 04:54:38,Themselves discussion across know and author.,VALID
alert113254,txn10013254,unusual_amount,2025-05-12 2:57:17,TRUE,2025-05-12 17:57:17,We fish seat prove shake us policy.,VALID
alert104884,txn10004884,unusual_time,2024-04-15 22:03:50,TRUE,2024-04-16 04:03:50,Center nothing popular face reduce walk.,VALID
alert110170,txn10010170,frequent_failure,2025-07-12 6:22:53,FALSE,,Alone perhaps case campaign break sit.,VALID
alert175123,txn10075123,suspicious_login,2025-08-04 13:50:57,TRUE,2025-08-05 17:50:57,Again poor rule evidence.,VALID
alert188521,txn10088521,frequent_failure,2022-08-06 2:48:33,TRUE,2022-08-08 03:48:33,Leg power political choose six.,VALID
alert128696,txn10028696,frequent_failure,2025-06-24 5:45:02,TRUE,2025-06-25 02:45:02,May identify positive top successful human painting.,VALID
alert196544,txn10096544,frequent_failure,2024-11-27 0:30:50,TRUE,2024-11-29 02:30:50,Sense such field us difference.,VALID
alert191426,txn10091426,unusual_time,2023-07-28 20:53:12,TRUE,2023-07-31 19:53:12,Kitchen question myself base many seven.,VALID
alert189580,txn10089580,suspicious_login,2025-02-16 4:37:43,TRUE,2025-02-18 12:37:43,Source mouth million.,VALID
alert143471,txn10043471,unusual_time,2025-03-02 1:18:12,TRUE,2025-03-03 23:18:12,Local style picture condition.,VALID
alert177139,txn10077139,frequent_failure,2024-09-15 9:37:56,TRUE,2024-09-17 07:37:56,Peace say sea street face relate federal.,VALID
alert176623,txn10076623,frequent_failure,2025-07-12 21:13:37,TRUE,2025-07-13 07:13:37,Point down gun must similar senior.,VALID
alert126765,txn10026765,unusual_time,2024-09-19 12:02:53,TRUE,2024-09-20 16:02:53,Term be support hand term hand sure here.,VALID
alert196219,txn10096219,unusual_amount,2025-02-22 22:35:30,FALSE,,Hot look weight public meeting meet mother.,VALID
alert166973,txn10066973,unusual_amount,2025-05-31 3:30:55,TRUE,2025-06-02 11:30:55,Public meet five make ball.,VALID
alert154506,txn10054506,unusual_amount,2025-04-26 13:13:31,TRUE,2025-04-29 10:13:31,Camera activity people news understand even energy would.,VALID
alert135835,txn10035835,frequent_failure,2024-12-03 11:42:54,TRUE,2024-12-04 16:42:54,Someone health drive magazine.,VALID
alert103818,txn10003818,unusual_time,2023-10-17 9:43:35,TRUE,2023-10-18 12:43:35,House house decade that.,VALID
alert112920,txn10012920,suspicious_login,2024-11-13 16:42:07,TRUE,2024-11-14 00:42:07,Worry vote produce research state.,VALID
alert199581,txn10099581,suspicious_login,2024-09-20 10:17:47,TRUE,2024-09-23 10:17:47,Deep box else wide.,VALID
alert107611,txn10007611,suspicious_login,2024-09-22 2:04:29,TRUE,2024-09-23 13:04:29,Option because actually skin.,VALID
alert199792,txn10099792,frequent_failure,2025-06-10 7:09:18,TRUE,2025-06-11 23:09:18,Stuff part meet behind woman establish.,VALID
alert175373,txn10075373,suspicious_login,2025-02-19 15:00:51,TRUE,2025-02-22 04:00:51,Certain light success hold oil hair movie.,VALID
alert196631,txn10096631,unusual_time,2025-05-17 12:25:24,TRUE,2025-05-19 15:25:24,Already character dark travel song.,VALID
alert123132,txn10023132,frequent_failure,2025-04-16 11:50:34,TRUE,2025-04-18 05:50:34,Very because computer.,VALID
alert128377,txn10028377,unusual_amount,2024-10-14 18:17:12,TRUE,2024-10-16 16:17:12,Organization clearly focus establish particularly campaign.,VALID
alert189538,txn10089538,unusual_time,2025-02-04 18:47:47,TRUE,2025-02-05 07:47:47,Family partner arm international debate.,VALID
alert122797,txn10022797,suspicious_login,2024-09-13 4:55:40,TRUE,2024-09-14 20:55:40,East where end well.,VALID
alert163091,txn10063091,unusual_amount,2025-08-06 8:06:42,TRUE,2025-08-06 08:06:42,Cut foreign themselves work.,VALID
alert144876,txn10044876,suspicious_login,2025-01-09 10:17:07,TRUE,2025-01-11 00:17:07,Themselves offer pretty deal her example.,VALID
alert189377,txn10089377,frequent_failure,2024-09-18 2:38:55,TRUE,2024-09-18 21:38:55,Contain amount discussion foreign.,VALID
alert193227,txn10093227,unusual_time,2025-05-30 8:34:48,FALSE,,Government option trial degree challenge only world right.,VALID
alert169125,txn10069125,unusual_time,2024-11-11 1:30:34,TRUE,2024-11-11 17:30:34,Maybe realize first pick on.,VALID
alert166299,txn10066299,suspicious_login,2025-03-13 2:28:16,TRUE,2025-03-15 13:28:16,Conference whose surface scientist when position.,VALID
alert134922,txn10034922,unusual_time,2025-08-04 19:04:38,FALSE,,Season process may change out region large.,VALID
alert158056,txn10058056,unusual_time,2023-11-25 2:34:27,TRUE,2023-11-27 01:34:27,Kitchen onto occur their no believe.,VALID
alert187084,txn10087084,unusual_time,2025-06-19 10:33:51,TRUE,2025-06-19 14:33:51,Quickly very describe thousand behavior.,VALID
alert146452,txn10046452,unusual_amount,2023-03-03 2:32:35,TRUE,2023-03-04 14:32:35,Or politics assume company final.,VALID
alert165545,txn10065545,unusual_amount,2024-06-22 10:48:58,TRUE,2024-06-24 00:48:58,Whole glass matter measure else.,VALID
alert159756,txn10059756,suspicious_login,2024-12-07 21:37:22,TRUE,2024-12-09 05:37:22,Floor long shoulder prove every foreign stock.,VALID
alert129608,txn10029608,frequent_failure,2025-02-24 15:51:06,TRUE,2025-02-25 20:51:06,Project risk hit role lay young top.,VALID
alert167836,txn10067836,unusual_amount,2025-08-03 3:49:15,TRUE,2025-08-04 05:49:15,Report buy risk pretty travel admit free leg.,VALID
alert111759,txn10011759,suspicious_login,2025-08-05 18:45:55,TRUE,2025-08-06 08:06:42,Everyone land choice environment drug approach dark.,VALID
alert190572,txn10090572,unusual_amount,2025-07-22 0:17:00,TRUE,2025-07-22 21:17:00,Read people shake close whether ten.,VALID
alert155057,txn10055057,frequent_failure,2025-07-25 17:58:32,TRUE,2025-07-28 13:58:32,Little table off cost state resource.,VALID
alert137364,txn10037364,unusual_amount,2025-06-19 23:15:50,TRUE,2025-06-20 04:15:50,Thing station husband site whole report seek drug.,VALID
alert182560,txn10082560,unusual_time,2024-11-10 17:37:51,TRUE,2024-11-11 19:37:51,Magazine full my quite others seat let.,VALID
alert195259,txn10095259,suspicious_login,2025-07-21 15:17:35,TRUE,2025-07-22 07:17:35,Late huge top game you feeling beyond.,VALID
alert189786,txn10089786,suspicious_login,2024-09-08 14:22:11,TRUE,2024-09-09 17:22:11,Range detail inside difficult method especially.,VALID
alert171613,txn10071613,frequent_failure,2025-06-07 4:34:20,FALSE,,Admit Republican rate traditional human political.,VALID
alert164908,txn10064908,frequent_failure,2024-05-16 5:47:00,TRUE,2024-05-16 13:47:00,Here arm work short evidence close face.,VALID
alert132261,txn10032261,frequent_failure,2024-11-02 11:13:47,TRUE,2024-11-04 05:13:47,Draw professor thus medical.,VALID
alert158776,txn10058776,unusual_time,2025-06-10 10:34:49,TRUE,2025-06-11 11:34:49,Painting use decision later company lawyer.,VALID
alert130103,txn10030103,unusual_amount,2024-12-01 18:20:04,TRUE,2024-12-03 07:20:04,Hit somebody join born recognize computer.,VALID
alert115584,txn10015584,unusual_time,2024-12-01 20:07:30,FALSE,,Today threat against goal hit whom require.,VALID
alert146667,txn10046667,frequent_failure,2025-04-21 16:49:30,TRUE,2025-04-21 22:49:30,Work purpose trade center movement rock ask author.,VALID
alert107870,txn10007870,suspicious_login,2025-03-23 7:05:44,TRUE,2025-03-25 04:05:44,Right financial stay two eye themselves people arrive.,VALID
alert168446,txn10068446,suspicious_login,2025-03-05 4:47:47,TRUE,2025-03-07 07:47:47,Despite film head outside.,VALID
alert169524,txn10069524,unusual_time,2022-04-30 16:27:32,TRUE,2022-05-02 10:27:32,Whatever provide walk scene.,VALID
alert164675,txn10064675,unusual_amount,2024-09-10 9:35:16,TRUE,2024-09-13 08:35:16,Yes yourself growth suddenly quality camera strong.,VALID
alert157023,txn10057023,suspicious_login,2023-09-12 12:51:16,TRUE,2023-09-13 13:51:16,War else marriage dinner image student.,VALID
alert149538,txn10049538,suspicious_login,2025-01-16 21:35:33,TRUE,2025-01-18 22:35:33,Admit tonight center huge.,VALID
alert185893,txn10085893,unusual_time,2025-06-17 13:04:53,TRUE,2025-06-18 19:04:53,Thought maybe buy happy man.,VALID
alert189782,txn10089782,frequent_failure,2025-05-22 20:51:08,TRUE,2025-05-23 05:51:08,Main voice system production else meeting their.,VALID
alert151823,txn10051823,unusual_time,2025-08-02 20:15:02,TRUE,2025-08-03 16:15:02,Decide training how media heart explain course.,VALID
alert180247,txn10080247,unusual_amount,2025-06-16 18:45:53,TRUE,2025-06-18 08:45:53,Save within career environment only call trip myself.,VALID
alert183525,txn10083525,suspicious_login,2024-03-30 17:38:53,TRUE,2024-03-30 22:38:53,Partner value a natural.,VALID
alert164830,txn10064830,unusual_amount,2025-07-03 9:14:17,TRUE,2025-07-04 20:14:17,Right actually your reveal save share size.,VALID
alert173499,txn10073499,suspicious_login,2025-03-31 22:33:04,TRUE,2025-04-02 18:33:04,Visit school away place.,VALID
alert187522,txn10087522,suspicious_login,2025-01-02 14:20:00,TRUE,2025-01-04 17:20:00,After world son respond baby.,VALID
alert169088,txn10069088,frequent_failure,2023-07-01 1:50:08,TRUE,2023-07-01 20:50:08,Conference argue her suddenly else cover.,VALID
alert101466,txn10001466,suspicious_login,2024-04-10 7:45:36,TRUE,2024-04-12 03:45:36,Themselves move lose table water major edge.,VALID
alert109459,txn10009459,unusual_time,2025-04-03 20:41:08,TRUE,2025-04-06 17:41:08,Easy always base course form.,VALID
alert153977,txn10053977,unusual_amount,2023-08-18 5:57:16,TRUE,2023-08-20 20:57:16,Notice other after anyone.,VALID
alert100760,txn10000760,suspicious_login,2024-08-14 14:51:13,TRUE,2024-08-15 19:51:13,Late today for even beat.,VALID
alert173282,txn10073282,unusual_time,2025-02-24 8:02:32,TRUE,2025-02-24 14:02:32,Challenge check accept practice appear financial.,VALID
alert165292,txn10065292,unusual_amount,2025-03-17 0:05:20,TRUE,2025-03-18 04:05:20,Professor leg off throw rate pull.,VALID
alert144134,txn10044134,frequent_failure,2022-03-01 11:53:38,TRUE,2022-03-03 07:53:38,North program people operation prevent worry.,VALID
alert131083,txn10031083,frequent_failure,2025-07-18 1:00:59,TRUE,2025-07-20 16:00:59,Our character market mission picture among.,VALID
alert167270,txn10067270,suspicious_login,2025-08-04 11:42:57,TRUE,2025-08-04 14:42:57,Dog personal relate head teacher account.,VALID
alert191975,txn10091975,unusual_time,2025-07-25 5:59:27,TRUE,2025-07-25 22:59:27,Boy defense remember represent per.,VALID
alert152053,txn10052053,unusual_amount,2024-03-27 0:13:01,TRUE,2024-03-29 16:13:01,Room turn begin nature.,VALID
alert178801,txn10078801,unusual_amount,2025-05-25 19:30:03,TRUE,2025-05-28 16:30:03,New security both computer present event line story.,VALID
alert153009,txn10053009,unusual_time,2025-07-20 17:26:50,TRUE,2025-07-21 19:26:50,Media detail short small bed growth enter foreign.,VALID
alert124547,txn10024547,unusual_time,2025-05-05 5:46:08,TRUE,2025-05-05 22:46:08,Here hard first recent.,VALID
alert139631,txn10039631,suspicious_login,2025-07-14 12:03:35,TRUE,2025-07-15 16:03:35,Energy fly blood pattern operation.,VALID
alert148274,txn10048274,unusual_time,2025-02-04 8:52:21,TRUE,2025-02-06 18:52:21,Even decision begin similar scientist.,VALID
alert125755,txn10025755,unusual_time,2025-03-26 18:14:06,TRUE,2025-03-28 09:14:06,Tv open sense fly.,VALID
alert197526,txn10097526,suspicious_login,2023-10-28 4:08:05,TRUE,2023-10-28 07:08:05,Year whether music look.,VALID
alert177780,txn10077780,unusual_time,2024-12-02 8:48:10,TRUE,2024-12-02 22:48:10,Maintain floor child.,VALID
alert172878,txn10072878,frequent_failure,2025-06-21 9:00:18,TRUE,2025-06-23 14:00:18,Nice leave business without.,VALID
alert169934,txn10069934,unusual_time,2024-03-12 3:28:25,TRUE,2024-03-13 19:28:25,We radio drop character.,VALID
alert154305,txn10054305,frequent_failure,2024-06-13 18:07:33,TRUE,2024-06-16 13:07:33,Today leader dark position.,VALID
alert127276,txn10027276,frequent_failure,2025-04-18 3:09:18,TRUE,2025-04-18 07:09:18,Teach past if available.,VALID
alert122653,txn10022653,unusual_time,2025-08-05 1:08:31,TRUE,2025-08-06 08:06:42,Four few kitchen.,VALID
alert131644,txn10031644,frequent_failure,2025-07-19 11:57:45,FALSE,,Own although major rest sort address.,VALID
alert121427,txn10021427,unusual_time,2025-02-22 19:21:46,TRUE,2025-02-24 11:21:46,From law best during under everyone red.,VALID
alert131481,txn10031481,suspicious_login,2025-06-19 12:23:35,TRUE,2025-06-20 12:23:35,Decade poor capital scene community.,VALID
alert182537,txn10082537,unusual_time,2024-02-18 16:45:26,TRUE,2024-02-21 10:45:26,Then blue anything recognize hear summer.,VALID
alert136419,txn10036419,frequent_failure,2025-05-22 18:33:41,TRUE,2025-05-23 03:33:41,Least life worker financial.,VALID
alert163601,txn10063601,unusual_time,2025-03-29 16:06:13,FALSE,,Magazine week build reach recent.,VALID
alert110168,txn10010168,frequent_failure,2025-06-20 21:39:37,TRUE,2025-06-22 02:39:37,Tonight day hair recently east join future.,VALID
alert115835,txn10015835,unusual_time,2025-03-08 10:44:21,TRUE,2025-03-08 17:44:21,Foot with blood political meeting administration.,VALID
alert195676,txn10095676,unusual_amount,2025-07-22 9:04:25,TRUE,2025-07-22 21:04:25,Away decade reduce base down us wrong.,VALID
alert125651,txn10025651,unusual_amount,2021-05-25 19:22:20,TRUE,2021-05-26 11:22:20,High simple lead affect fill Mrs task.,VALID
alert165991,txn10065991,unusual_amount,2025-06-11 9:54:08,TRUE,2025-06-11 12:54:08,Hold model model no team.,VALID
alert176325,txn10076325,frequent_failure,2022-11-22 11:36:50,FALSE,,Save drop scene history least both.,VALID
alert141537,txn10041537,suspicious_login,2025-07-24 12:32:34,TRUE,2025-07-24 16:32:34,Store event among.,VALID
alert116033,txn10016033,frequent_failure,2024-12-29 2:00:29,TRUE,2024-12-30 04:00:29,Write administration evidence.,VALID
alert150963,txn10050963,suspicious_login,2025-02-11 3:32:09,TRUE,2025-02-13 12:32:09,Work plan unit notice heart light ten.,VALID
alert170245,txn10070245,unusual_time,2024-06-29 22:52:20,TRUE,2024-07-02 01:52:20,Recent me plant that force threat toward.,VALID
alert107200,txn10007200,unusual_time,2024-08-22 7:17:11,TRUE,2024-08-22 21:17:11,Investment while watch including.,VALID
alert154990,txn10054990,unusual_time,2025-03-26 16:12:42,TRUE,2025-03-27 08:12:42,Door trial off hand.,VALID
alert194172,txn10094172,unusual_time,2025-07-01 14:46:10,TRUE,2025-07-02 01:46:10,Present couple support because fact red mention nature.,VALID
alert174033,txn10074033,unusual_time,2025-03-14 3:14:49,TRUE,2025-03-14 04:14:49,Discussion market wonder response them.,VALID
alert174887,txn10074887,unusual_amount,2024-02-24 6:59:02,TRUE,2024-02-25 22:59:02,Sort write out drop including.,VALID
alert137405,txn10037405,unusual_amount,2025-05-31 14:25:24,TRUE,2025-06-01 16:25:24,Drive soon material court or style technology.,VALID
alert149600,txn10049600,unusual_time,2024-12-06 6:05:47,TRUE,2024-12-08 07:05:47,Always church community exist.,VALID
alert160767,txn10060767,unusual_time,2024-09-08 21:50:20,TRUE,2024-09-10 21:50:20,Make wish game employee tax.,VALID
alert129306,txn10029306,unusual_time,2025-07-30 7:13:17,TRUE,2025-07-30 15:13:17,Stay success shake realize.,VALID
alert128270,txn10028270,unusual_time,2024-03-03 1:38:56,TRUE,2024-03-05 13:38:56,People question because nothing.,VALID
alert119734,txn10019734,frequent_failure,2024-11-20 17:20:42,TRUE,2024-11-23 01:20:42,Range become form trial.,VALID
alert197052,txn10097052,unusual_amount,2023-11-12 16:26:15,TRUE,2023-11-14 17:26:15,Room economy in enjoy resource run check.,VALID
alert133743,txn10033743,suspicious_login,2025-05-21 20:12:58,TRUE,2025-05-24 13:12:58,International rise safe.,VALID
alert174376,txn10074376,unusual_time,2025-07-24 14:26:57,TRUE,2025-07-24 16:26:57,No individual camera prepare section debate.,VALID
alert112317,txn10012317,suspicious_login,2022-04-29 16:58:36,TRUE,2022-04-29 22:58:36,Respond allow detail Congress husband.,VALID
alert145380,txn10045380,unusual_time,2025-06-02 23:50:45,TRUE,2025-06-05 20:50:45,Person during try buy new put data.,VALID
alert123099,txn10023099,unusual_time,2025-04-02 8:28:45,TRUE,2025-04-03 12:28:45,Guy international up even hear.,VALID
alert145622,txn10045622,frequent_failure,2025-08-06 0:10:24,TRUE,2025-08-06 08:06:42,Everything push decade nothing.,VALID
alert117602,txn10017602,suspicious_login,2025-06-26 6:33:53,TRUE,2025-06-28 14:33:53,Area final traditional here process fish.,VALID
alert163178,txn10063178,unusual_amount,2024-02-15 8:03:59,TRUE,2024-02-17 15:03:59,Left discussion still knowledge media too west.,VALID
alert164403,txn10064403,unusual_time,2025-07-29 11:05:50,TRUE,2025-07-29 22:05:50,Training hand use alone.,VALID
alert159080,txn10059080,unusual_amount,2025-02-23 20:32:13,TRUE,2025-02-23 22:32:13,Attorney company in especially later.,VALID
alert164829,txn10064829,suspicious_login,2024-11-19 6:41:38,TRUE,2024-11-20 13:41:38,Security mouth this program sure.,VALID
alert170050,txn10070050,unusual_time,2025-03-16 14:56:52,TRUE,2025-03-18 23:56:52,Those never standard occur.,VALID
alert125132,txn10025132,frequent_failure,2025-02-23 13:05:26,TRUE,2025-02-26 07:05:26,Scientist difference really mouth travel sometimes.,VALID
alert137229,txn10037229,suspicious_login,2023-09-02 4:00:31,TRUE,2023-09-03 09:00:31,Contain meet ever.,VALID
alert178619,txn10078619,suspicious_login,2025-06-27 7:21:37,TRUE,2025-06-29 21:21:37,Mind notice too reality sound.,VALID
alert106697,txn10006697,frequent_failure,2025-04-07 22:44:47,TRUE,2025-04-09 21:44:47,Evidence difference bar capital claim.,VALID
alert107331,txn10007331,suspicious_login,2023-09-08 19:56:59,FALSE,,Experience perform idea benefit six.,VALID
alert148061,txn10048061,unusual_amount,2023-04-24 21:01:46,TRUE,2023-04-27 21:01:46,Little control executive likely window nature.,VALID
alert142399,txn10042399,unusual_time,2025-08-03 15:58:56,TRUE,2025-08-04 07:58:56,High deep above kid station toward camera.,VALID
alert182079,txn10082079,unusual_time,2025-06-24 5:54:48,TRUE,2025-06-26 05:54:48,Certainly else avoid throw.,VALID
alert135922,txn10035922,suspicious_login,2024-01-17 22:13:15,TRUE,2024-01-19 01:13:15,Color job affect laugh hot better.,VALID
alert145186,txn10045186,frequent_failure,2025-07-14 12:06:17,TRUE,2025-07-15 01:06:17,Their nearly sister return.,VALID
alert189253,txn10089253,unusual_time,2025-07-26 19:00:51,FALSE,,Top race its memory.,VALID
alert154409,txn10054409,suspicious_login,2024-09-12 5:44:23,TRUE,2024-09-12 19:44:23,New lay particularly mother investment trial customer also.,VALID
alert196205,txn10096205,suspicious_login,2023-04-24 3:31:23,TRUE,2023-04-25 21:31:23,Read ago contain night statement.,VALID
alert111575,txn10011575,unusual_amount,2023-11-26 13:26:21,TRUE,2023-11-29 08:26:21,Certain to area always game.,VALID
alert152615,txn10052615,unusual_time,2024-04-13 22:35:35,TRUE,2024-04-15 11:35:35,Current believe spend but.,VALID