upi_id,customer_id,bank_name,account_type,date_added,status,Customer_id_validation_status
elizabeth4408@upi,cust106759,sbi,current,2022-02-22,active,VALID
daniel5127@upi,cust104765,hdfc,savings,2022-04-02,active,VALID
heidi2675@upi,cust102710,axis,savings,2023-12-19,active,VALID
dr.3519@upi,cust107076,axis,credit_card_linked,2025-01-23,active,VALID
jeremy9552@upi,cust102202,sbi,current,2025-07-18,active,VALID
michael1769@upi,cust108834,hdfc,savings,2024-04-21,active,VALID
dennis4906@upi,cust106735,pnb,current,2021-06-13,active,VALID
omar6644@upi,cust106890,pnb,current,2024-09-10,active,VALID
rachael7253@upi,cust100697,axis,credit_card_linked,2024-01-11,active,VALID
ashley3227@upi,cust109510,axis,savings,2023-02-08,active,VALID
brooke9375@upi,cust101306,sbi,current,2023-11-19,active,VALID
kayla1379@upi,cust109780,icici,credit_card_linked,2025-03-03,active,VALID
susan1668@upi,cust106234,hdfc,current,2025-01-17,active,VALID
kathleen6696@upi,cust102667,icici,credit_card_linked,2025-01-30,active,VALID
laurie7296@upi,cust104084,pnb,credit_card_linked,2021-01-29,active,VALID
tyler3680@upi,cust107871,kotak,savings,2024-12-20,active,VALID
francisco4261@upi,cust104904,pnb,credit_card_linked,2023-11-28,active,VALID
christina3163@upi,cust107719,icici,savings,2024-01-14,active,VALID
carla8324@upi,cust100480,icici,savings,2025-07-01,active,VALID
holly6443@upi,cust109268,hdfc,current,2025-02-12,active,VALID
laura3343@upi,cust107141,sbi,credit_card_linked,2025-01-06,active,VALID
nichole5977@upi,cust108526,hdfc,current,2024-05-20,active,VALID
howard8214@upi,cust109891,kotak,credit_card_linked,2022-12-07,active,VALID
walter5491@upi,cust105686,sbi,credit_card_linked,2025-02-18,active,VALID
angela8577@upi,cust108864,icici,current,2022-04-21,active,VALID
mrs.8483@upi,cust106621,axis,credit_card_linked,2024-02-02,active,VALID
daniel8497@upi,cust102046,axis,savings,2023-11-29,active,VALID
margaret5324@upi,cust109685,icici,current,2025-04-20,active,VALID
robert2919@upi,cust101252,hdfc,credit_card_linked,2022-09-28,blocked,VALID
michael9931@upi,cust109580,kotak,current,2023-02-24,active,VALID
karen3250@upi,cust100144,axis,savings,2025-04-23,blocked,VALID
jesse7774@upi,cust104949,icici,savings,2025-02-04,active,VALID
kathryn6686@upi,cust103099,hdfc,savings,2024-10-27,active,VALID
andrew7688@upi,cust100155,hdfc,credit_card_linked,2023-12-24,active,VALID
charles8327@upi,cust107704,icici,current,2025-02-13,active,VALID
sarah4174@upi,cust101778,sbi,credit_card_linked,2023-04-06,active,VALID
terri7990@upi,cust100358,icici,current,2024-10-14,active,VALID
richard6307@upi,cust100142,pnb,current,2024-01-18,active,VALID
marcus4564@upi,cust109279,hdfc,savings,2022-10-06,active,VALID
crystal1462@upi,cust102087,kotak,current,2022-05-24,active,VALID
jonathon3300@upi,cust107247,kotak,current,2023-06-04,active,VALID
adam4804@upi,cust101281,hdfc,credit_card_linked,2024-09-16,active,VALID
melissa8609@upi,cust105310,axis,credit_card_linked,2023-04-05,active,VALID
karen5304@upi,cust100144,sbi,current,2025-03-13,active,VALID
andrea5124@upi,cust103725,kotak,credit_card_linked,2025-07-29,active,VALID
sharon1859@upi,cust105652,pnb,savings,2025-02-11,active,VALID
angela4871@upi,cust107334,icici,savings,2024-10-17,active,VALID
meghan4963@upi,cust103059,icici,current,2023-01-26,active,VALID
sarah4593@upi,cust108482,icici,savings,2025-04-15,active,VALID
valerie9489@upi,cust107853,hdfc,current,2022-11-08,active,VALID
diane2875@upi,cust104105,axis,credit_card_linked,2021-10-31,active,VALID
jonathan6452@upi,cust106320,axis,savings,2024-05-23,active,VALID
michelle4180@upi,cust103165,icici,current,2025-02-12,active,VALID
tony5102@upi,cust104198,icici,current,2025-04-19,active,VALID
teresa7665@upi,cust102382,axis,current,2024-05-23,active,VALID
angela4788@upi,cust101208,kotak,credit_card_linked,2025-01-31,active,VALID
julie7874@upi,cust106131,kotak,savings,2022-08-16,active,VALID
christy8914@upi,cust109248,pnb,savings,2023-10-08,active,VALID
lauren2212@upi,cust109265,kotak,savings,2024-12-25,active,VALID
kenneth8317@upi,cust105028,axis,current,2023-03-27,active,VALID
ethan7081@upi,cust106357,pnb,savings,2025-06-06,active,VALID
paul6671@upi,cust100525,kotak,credit_card_linked,2025-06-18,active,VALID
joseph4837@upi,cust102377,sbi,current,2025-07-17,active,VALID
darlene9360@upi,cust101120,hdfc,savings,2024-08-23,active,VALID
dean8320@upi,cust104951,icici,credit_card_linked,2025-05-23,active,VALID
jerome8423@upi,cust106476,kotak,current,2021-06-19,active,VALID
karen3242@upi,cust101167,axis,savings,2024-06-20,active,VALID
jerry9883@upi,cust101918,axis,savings,2025-08-01,active,VALID
lisa1791@upi,cust101933,axis,savings,2024-09-19,active,VALID
stephen3742@upi,cust103385,kotak,current,2022-01-10,suspended,VALID
sabrina6797@upi,cust103531,kotak,credit_card_linked,2025-04-02,active,VALID
joseph3140@upi,cust103930,pnb,savings,2021-07-06,active,VALID
brenda1770@upi,cust107293,icici,savings,2024-01-15,active,VALID
mrs.4449@upi,cust109997,kotak,current,2024-05-11,active,VALID
tammy5187@upi,cust106605,kotak,current,2025-06-23,active,VALID
christopher4915@upi,cust104853,sbi,savings,2024-04-16,active,VALID
francisco1470@upi,cust109579,pnb,current,2024-06-28,active,VALID
lori4637@upi,cust104928,axis,credit_card_linked,2023-07-05,active,VALID
alexis7507@upi,cust109156,axis,current,2025-04-04,active,VALID
alexis6197@upi,cust102442,sbi,current,2022-04-27,active,VALID
brianna5091@upi,cust101384,axis,credit_card_linked,2025-06-25,active,VALID
steven8346@upi,cust107169,kotak,current,2024-11-14,active,VALID
jennifer2797@upi,cust106718,hdfc,current,2022-12-03,active,VALID
keith7268@upi,cust100031,sbi,credit_card_linked,2024-11-28,active,VALID
kevin2223@upi,cust105129,icici,savings,2024-05-09,active,VALID
james9118@upi,cust100281,sbi,credit_card_linked,2022-09-11,active,VALID
nicole3622@upi,cust101767,hdfc,current,2024-02-06,active,VALID
jacob6608@upi,cust103641,icici,current,2025-07-07,active,VALID
michelle6814@upi,cust103946,kotak,current,2025-07-20,active,VALID
ryan8192@upi,cust105879,hdfc,credit_card_linked,2023-09-28,active,VALID
warren6820@upi,cust103835,sbi,credit_card_linked,2021-08-27,active,VALID
jamie6435@upi,cust107143,sbi,current,2024-12-28,active,VALID
ryan4135@upi,cust102593,axis,credit_card_linked,2021-04-13,active,VALID
james5037@upi,cust100290,hdfc,savings,2024-10-07,active,VALID
brenda7634@upi,cust100259,pnb,current,2023-03-31,suspended,VALID
kimberly1052@upi,cust109371,hdfc,savings,2025-07-19,active,VALID
lisa8260@upi,cust100240,pnb,savings,2024-05-24,active,VALID
jonathan4913@upi,cust101130,pnb,credit_card_linked,2024-12-02,active,VALID
terry3130@upi,cust102842,axis,savings,2023-04-10,active,VALID
jennifer2213@upi,cust100926,kotak,current,2024-01-28,active,VALID
michael4713@upi,cust107040,hdfc,savings,2022-03-18,active,VALID
david3597@upi,cust101901,hdfc,current,2025-06-20,active,VALID
cynthia3591@upi,cust107718,sbi,credit_card_linked,2023-12-10,active,VALID
maria5404@upi,cust107096,hdfc,credit_card_linked,2023-08-13,active,VALID
amanda9729@upi,cust106816,sbi,savings,2022-03-24,active,VALID
mia5926@upi,cust104817,pnb,savings,2024-11-01,active,VALID
maria2573@upi,cust108676,sbi,credit_card_linked,2024-12-16,active,VALID
ashley1906@upi,cust100131,sbi,current,2022-11-28,active,VALID
april5639@upi,cust107924,kotak,current,2024-05-31,blocked,VALID
sherry4305@upi,cust109934,axis,credit_card_linked,2024-02-08,active,VALID
shelley2250@upi,cust101819,pnb,savings,2025-07-22,active,VALID
amber8426@upi,cust102694,pnb,credit_card_linked,2023-01-01,active,VALID
ashley3971@upi,cust101722,axis,credit_card_linked,2024-01-15,active,VALID
gregory2983@upi,cust104175,pnb,current,2021-08-31,active,VALID
bridget6639@upi,cust109499,axis,savings,2022-10-03,active,VALID
mrs.1963@upi,cust109224,kotak,current,2024-12-30,blocked,VALID
robert9231@upi,cust104897,icici,savings,2023-01-08,active,VALID
jacqueline2141@upi,cust107222,sbi,savings,2025-03-28,active,VALID
brett1705@upi,cust106024,icici,savings,2025-07-16,active,VALID
stacy5537@upi,cust103333,pnb,savings,2022-03-06,active,VALID
keith4767@upi,cust100031,icici,current,2024-04-04,active,VALID
luis3236@upi,cust107698,axis,credit_card_linked,2024-05-02,active,VALID
daniel6417@upi,cust106441,axis,savings,2024-04-14,active,VALID
michelle2626@upi,cust107223,hdfc,savings,2022-08-17,active,VALID
hannah9596@upi,cust103906,pnb,current,2025-03-20,active,VALID
brandon6078@upi,cust102485,axis,savings,2024-09-24,active,VALID
james8149@upi,cust102536,axis,credit_card_linked,2025-06-04,active,VALID
maria6225@upi,cust102930,hdfc,credit_card_linked,2025-05-01,active,VALID
craig2518@upi,cust104840,axis,current,2025-03-30,active,VALID
george4150@upi,cust100065,hdfc,current,2023-08-27,active,VALID
michael1192@upi,cust109844,kotak,credit_card_linked,2024-03-03,active,VALID
christine9385@upi,cust103638,axis,current,2023-08-22,active,VALID
cheryl5686@upi,cust104377,sbi,credit_card_linked,2024-01-30,active,VALID
justin2553@upi,cust108478,hdfc,savings,2023-01-04,active,VALID
beverly6533@upi,cust103651,pnb,savings,2025-05-18,active,VALID
mark8295@upi,cust106806,hdfc,savings,2024-12-22,active,VALID
vincent6746@upi,cust108840,kotak,savings,2025-08-02,active,VALID
ray1548@upi,cust104964,hdfc,current,2025-03-07,active,VALID
nicholas6970@upi,cust103041,icici,current,2025-07-14,active,VALID
elijah7647@upi,cust100463,pnb,credit_card_linked,2023-02-09,active,VALID
steven5032@upi,cust100407,kotak,savings,2025-07-22,active,VALID
jonathan7242@upi,cust106340,hdfc,credit_card_linked,2025-06-12,suspended,VALID
mary1212@upi,cust107319,hdfc,savings,2024-06-26,active,VALID
gregory1398@upi,cust104952,axis,credit_card_linked,2024-12-26,active,VALID
andrea2210@upi,cust100709,kotak,current,2024-10-27,active,VALID
mike7608@upi,cust106723,axis,credit_card_linked,2024-04-03,active,VALID
thomas4612@upi,cust104322,icici,credit_card_linked,2023-08-12,active,VALID
sherri4455@upi,cust100805,sbi,current,2024-04-28,active,VALID
john6877@upi,cust101773,hdfc,credit_card_linked,2024-01-13,active,VALID
randy7985@upi,cust109389,axis,current,2025-04-04,active,VALID
kerry3272@upi,cust105287,sbi,credit_card_linked,2025-04-06,blocked,VALID
carl7330@upi,cust101273,axis,current,2025-05-24,active,VALID
christopher2535@upi,cust104905,kotak,savings,2023-10-02,active,VALID
samuel2595@upi,cust107612,sbi,credit_card_linked,2024-12-02,active,VALID
teresa3194@upi,cust107005,sbi,credit_card_linked,2023-10-11,active,VALID
amanda5500@upi,cust106535,hdfc,credit_card_linked,2024-04-02,active,VALID
john5834@upi,cust104831,pnb,savings,2025-07-09,active,VALID
michele4162@upi,cust106844,kotak,credit_card_linked,2025-06-24,active,VALID
mr.7424@upi,cust102338,sbi,current,2024-06-09,active,VALID
jessica1945@upi,cust105381,axis,current,2023-09-13,active,VALID
timothy1126@upi,cust106077,sbi,credit_card_linked,2024-07-27,active,VALID
anthony3024@upi,cust103078,hdfc,current,2021-10-08,active,VALID
william5545@upi,cust101362,hdfc,credit_card_linked,2025-03-28,active,VALID
brian2068@upi,cust102282,kotak,credit_card_linked,2024-03-28,active,VALID
stephanie7776@upi,cust107084,sbi,credit_card_linked,2023-01-14,active,VALID
claudia1706@upi,cust107449,sbi,savings,2025-04-04,suspended,VALID
jason6693@upi,cust108183,axis,current,2025-07-19,active,VALID
dr.1177@upi,cust107050,sbi,credit_card_linked,2023-06-17,active,VALID
brian6811@upi,cust100942,kotak,savings,2025-05-30,active,VALID
lindsey2898@upi,cust107174,sbi,savings,2024-08-17,suspended,VALID
chris4482@upi,cust106623,kotak,current,2025-04-19,active,VALID
laura4443@upi,cust100871,icici,credit_card_linked,2025-07-12,suspended,VALID
ryan2091@upi,cust104114,sbi,savings,2023-09-07,active,VALID
cindy4216@upi,cust105913,pnb,current,2025-05-27,active,VALID
blake4746@upi,cust107948,pnb,credit_card_linked,2025-03-24,active,VALID
logan3144@upi,cust106653,icici,current,2025-03-18,active,VALID
stephanie9834@upi,cust106862,hdfc,current,2025-05-22,active,VALID
ryan5086@upi,cust100834,hdfc,credit_card_linked,2024-02-09,active,VALID
amber5834@upi,cust100833,kotak,credit_card_linked,2024-11-24,active,VALID
sandra8178@upi,cust103056,axis,savings,2023-06-29,active,VALID
keith3863@upi,cust105514,axis,current,2025-06-17,active,VALID
joseph8583@upi,cust107502,icici,savings,2024-11-28,active,VALID
james3247@upi,cust103483,kotak,savings,2023-01-28,blocked,VALID
laurie9271@upi,cust106894,icici,current,2023-08-30,active,VALID
jennifer3560@upi,cust104330,axis,savings,2024-02-08,active,VALID
cynthia3008@upi,cust107411,sbi,credit_card_linked,2023-09-04,active,VALID
hunter4060@upi,cust106302,pnb,savings,2024-08-07,active,VALID
andrew6258@upi,cust107747,icici,current,2025-02-13,active,VALID
theresa7108@upi,cust109539,kotak,credit_card_linked,2023-06-14,active,VALID
paul4277@upi,cust102013,sbi,savings,2025-08-03,active,VALID
vanessa9570@upi,cust106644,axis,savings,2025-05-05,active,VALID
claudia9312@upi,cust104441,sbi,credit_card_linked,2024-08-08,active,VALID
cindy3644@upi,cust109695,pnb,current,2024-06-26,active,VALID
stephanie4859@upi,cust105323,hdfc,savings,2023-06-28,active,VALID
leslie7682@upi,cust100139,sbi,current,2023-02-09,active,VALID
catherine4267@upi,cust100232,icici,current,2025-02-25,active,VALID
joseph8488@upi,cust102914,axis,current,2025-03-30,active,VALID
destiny5198@upi,cust102668,icici,current,2024-05-23,blocked,VALID
michael7795@upi,cust105592,icici,current,2025-01-20,active,VALID
kevin4638@upi,cust102007,hdfc,credit_card_linked,2024-06-24,suspended,VALID
michael6653@upi,cust102097,pnb,current,2024-06-28,active,VALID
gloria2918@upi,cust101221,kotak,credit_card_linked,2025-01-30,active,VALID
evelyn7796@upi,cust106998,axis,credit_card_linked,2023-10-23,active,VALID
carl3453@upi,cust105181,sbi,savings,2025-03-18,active,VALID
mary6418@upi,cust106803,axis,credit_card_linked,2024-07-04,active,VALID
mr.1812@upi,cust107793,hdfc,credit_card_linked,2025-08-05,active,VALID
david8982@upi,cust107093,hdfc,current,2023-12-01,active,VALID
steven1927@upi,cust109919,axis,current,2025-06-29,active,VALID
jennifer1596@upi,cust105600,icici,savings,2025-07-06,active,VALID
jennifer4895@upi,cust102912,kotak,savings,2024-07-09,active,VALID
michael3159@upi,cust106324,icici,current,2022-09-25,active,VALID
jimmy9385@upi,cust100482,pnb,current,2023-05-30,active,VALID
ricardo3773@upi,cust107443,pnb,credit_card_linked,2024-12-04,active,VALID
patricia1733@upi,cust106814,icici,credit_card_linked,2023-10-07,active,VALID
frank8281@upi,cust100870,kotak,credit_card_linked,2025-02-28,active,VALID
kimberly8590@upi,cust100621,sbi,current,2025-03-22,active,VALID
cindy8446@upi,cust104632,axis,savings,2024-09-23,active,VALID
cameron6160@upi,cust109251,pnb,savings,2025-06-26,active,VALID
joshua3293@upi,cust106948,sbi,credit_card_linked,2025-02-15,active,VALID
jessica2450@upi,cust102799,sbi,credit_card_linked,2024-08-16,active,VALID
jeffery4732@upi,cust100901,sbi,current,2025-08-01,active,VALID
kevin9252@upi,cust107543,kotak,savings,2025-03-10,active,VALID
jason1226@upi,cust102654,icici,credit_card_linked,2023-02-27,active,VALID
brent7076@upi,cust108929,hdfc,current,2025-06-29,active,VALID
hannah8864@upi,cust106771,pnb,credit_card_linked,2022-12-28,active,VALID
cameron1382@upi,cust100726,axis,current,2025-08-04,active,VALID
barbara2683@upi,cust101683,pnb,savings,2024-01-16,active,VALID
amanda1747@upi,cust108657,axis,current,2022-04-07,active,VALID
angela7559@upi,cust103264,icici,savings,2022-04-29,active,VALID
mary2994@upi,cust100620,kotak,credit_card_linked,2025-06-24,active,VALID
mrs.5858@upi,cust102292,sbi,current,2025-08-04,active,VALID
gabriela4396@upi,cust106202,icici,credit_card_linked,2021-08-26,active,VALID
paula6674@upi,cust109376,pnb,current,2024-04-09,active,VALID
erika9509@upi,cust100226,icici,current,2023-03-15,active,VALID
elizabeth5648@upi,cust100560,kotak,credit_card_linked,2024-06-08,active,VALID
karen6201@upi,cust108602,pnb,savings,2025-03-22,active,VALID
susan2185@upi,cust106205,pnb,credit_card_linked,2023-11-07,active,VALID
zachary7358@upi,cust101349,pnb,credit_card_linked,2025-02-07,active,VALID
dr.5431@upi,cust100307,pnb,savings,2023-07-16,active,VALID
colton8307@upi,cust108947,hdfc,credit_card_linked,2024-04-14,active,VALID
emily9877@upi,cust107407,icici,savings,2025-08-04,active,VALID
crystal4706@upi,cust108485,kotak,savings,2024-08-13,active,VALID
kyle3609@upi,cust104884,axis,savings,2025-04-11,active,VALID
brianna7190@upi,cust101904,icici,savings,2021-04-04,active,VALID
albert3658@upi,cust104640,axis,savings,2024-09-28,active,VALID
linda6980@upi,cust107048,sbi,current,2025-05-14,active,VALID
michele1534@upi,cust104548,hdfc,current,2021-08-11,active,VALID
william8998@upi,cust102162,sbi,credit_card_linked,2022-04-05,active,VALID
natalie7362@upi,cust101684,axis,savings,2025-07-19,active,VALID
jade3222@upi,cust107732,hdfc,savings,2024-09-15,active,VALID
gregory7012@upi,cust102290,icici,savings,2024-10-01,active,VALID
theresa3589@upi,cust100696,kotak,current,2025-05-14,active,VALID
gregory6907@upi,cust102107,axis,credit_card_linked,2024-06-02,active,VALID
katrina6737@upi,cust103204,icici,current,2025-07-19,active,VALID
william7862@upi,cust102086,axis,current,2025-01-18,blocked,VALID
nicholas1419@upi,cust106338,kotak,savings,2021-03-12,active,VALID
edward9999@upi,cust108154,kotak,savings,2025-05-27,active,VALID
daniel5557@upi,cust104398,pnb,current,2022-01-24,active,VALID
jane9931@upi,cust102572,kotak,savings,2023-07-19,active,VALID
kelli8188@upi,cust109114,hdfc,current,2021-11-22,active,VALID
richard7140@upi,cust101143,hdfc,savings,2025-01-31,active,VALID
john3258@upi,cust104719,kotak,credit_card_linked,2022-06-06,active,VALID
janet1834@upi,cust100613,pnb,credit_card_linked,2024-04-26,active,VALID
miranda7342@upi,cust109751,sbi,current,2024-03-19,active,VALID
cynthia7179@upi,cust108208,sbi,current,2025-05-11,active,VALID
thomas5185@upi,cust103752,hdfc,savings,2022-08-17,active,VALID
steven5452@upi,cust105465,kotak,savings,2024-11-16,active,VALID
adrian8230@upi,cust104386,sbi,savings,2025-02-03,active,VALID
kayla7458@upi,cust108861,hdfc,savings,2024-12-04,active,VALID
david2226@upi,cust102634,axis,credit_card_linked,2023-03-23,active,VALID
dawn6073@upi,cust105812,icici,savings,2025-08-05,active,VALID
wendy7774@upi,cust106009,kotak,current,2024-08-09,suspended,VALID
pamela1045@upi,cust107012,hdfc,savings,2025-05-15,active,VALID
wendy4843@upi,cust104096,sbi,savings,2023-09-21,active,VALID
tracie8291@upi,cust102862,kotak,savings,2025-05-21,active,VALID
briana9267@upi,cust100068,icici,savings,2025-04-17,active,VALID
aaron1337@upi,cust106141,kotak,current,2025-03-28,active,VALID
rachel1419@upi,cust107572,hdfc,current,2025-07-28,active,VALID
patricia5568@upi,cust105649,hdfc,credit_card_linked,2023-12-28,active,VALID
harry7131@upi,cust107115,hdfc,current,2025-01-26,active,VALID
michael1612@upi,cust101884,icici,savings,2025-04-22,active,VALID
yvonne9061@upi,cust103519,hdfc,credit_card_linked,2024-10-05,active,VALID
michelle6214@upi,cust102952,axis,current,2021-04-25,active,VALID
theresa6822@upi,cust100239,kotak,savings,2025-06-28,active,VALID
jessica4310@upi,cust101894,axis,savings,2022-12-28,active,VALID
keith1154@upi,cust106736,hdfc,current,2024-04-06,suspended,VALID
jennifer7917@upi,cust108394,pnb,current,2025-08-03,blocked,VALID
barbara8561@upi,cust108160,sbi,current,2024-06-18,active,VALID
allison9010@upi,cust105366,sbi,savings,2024-04-03,active,VALID
mario2023@upi,cust107176,sbi,savings,2025-05-24,active,VALID
barbara6778@upi,cust108925,axis,savings,2021-12-17,blocked,VALID
samantha2438@upi,cust104543,hdfc,current,2023-02-09,active,VALID
tiffany6070@upi,cust104313,axis,credit_card_linked,2023-12-14,active,VALID
casey6187@upi,cust107127,hdfc,credit_card_linked,2022-10-02,active,VALID
lisa4198@upi,cust100749,axis,current,2025-05-12,active,VALID
vincent8178@upi,cust105524,kotak,current,2022-04-17,active,VALID
mary7045@upi,cust101900,pnb,credit_card_linked,2025-06-03,active,VALID
emily5221@upi,cust109902,kotak,current,2023-03-22,active,VALID
jennifer4289@upi,cust102444,pnb,current,2025-04-15,active,VALID
charles5242@upi,cust102685,hdfc,savings,2024-02-28,active,VALID
sharon7195@upi,cust101517,pnb,current,2024-01-10,suspended,VALID
jacqueline1256@upi,cust100860,hdfc,credit_card_linked,2022-08-28,active,VALID
beth1800@upi,cust101084,axis,savings,2025-04-27,active,VALID
frank7477@upi,cust103517,icici,savings,2023-08-28,active,VALID
anthony5213@upi,cust109952,hdfc,savings,2023-09-01,active,VALID
seth3997@upi,cust102605,icici,current,2023-04-09,active,VALID
caleb4416@upi,cust108563,pnb,current,2024-08-04,active,VALID
deborah4003@upi,cust109641,sbi,credit_card_linked,2025-08-02,active,VALID
pamela8540@upi,cust105912,icici,credit_card_linked,2025-06-11,active,VALID
mr.7691@upi,cust105334,pnb,credit_card_linked,2025-04-01,suspended,VALID
mark8817@upi,cust102330,sbi,savings,2025-03-22,active,VALID
emma1773@upi,cust102539,sbi,credit_card_linked,2022-12-01,active,VALID
stephen3850@upi,cust109789,sbi,credit_card_linked,2024-09-29,active,VALID
frank5758@upi,cust107250,pnb,savings,2024-12-15,active,VALID
samuel8031@upi,cust107671,icici,savings,2023-01-30,active,VALID
crystal2675@upi,cust108581,sbi,savings,2025-05-08,active,VALID
brendan4666@upi,cust102938,sbi,current,2021-09-12,active,VALID
erin7165@upi,cust107589,hdfc,current,2025-03-09,active,VALID
shane9779@upi,cust103783,axis,credit_card_linked,2023-12-07,active,VALID
andrea9611@upi,cust106456,pnb,current,2024-12-05,active,VALID
roy4193@upi,cust106138,sbi,current,2025-02-20,suspended,VALID
christine1957@upi,cust107539,kotak,credit_card_linked,2025-06-20,active,VALID
michael5804@upi,cust102463,sbi,current,2024-11-24,active,VALID
julie5273@upi,cust102538,sbi,savings,2024-07-31,active,VALID
mario2904@upi,cust101831,sbi,credit_card_linked,2023-04-30,active,VALID
mark3405@upi,cust107498,sbi,savings,2021-11-23,suspended,VALID
christopher4407@upi,cust100036,axis,savings,2024-09-17,active,VALID
jay1709@upi,cust108464,pnb,savings,2025-06-25,active,VALID
arthur9330@upi,cust105351,kotak,credit_card_linked,2022-01-01,active,VALID
roberta4681@upi,cust107233,icici,credit_card_linked,2024-08-12,active,VALID
isaac4117@upi,cust101180,kotak,savings,2025-04-29,active,VALID
diana8885@upi,cust108729,axis,savings,2025-06-01,active,VALID
jesse3596@upi,cust101913,axis,savings,2023-03-06,active,VALID
kim2527@upi,cust104823,pnb,credit_card_linked,2024-05-25,active,VALID
stephanie9199@upi,cust104152,kotak,current,2025-06-19,active,VALID
shannon1805@upi,cust107164,sbi,savings,2024-03-31,suspended,VALID
victoria5300@upi,cust100127,kotak,credit_card_linked,2023-08-01,active,VALID
tara6441@upi,cust106321,hdfc,savings,2025-02-02,active,VALID
amy2448@upi,cust102433,axis,current,2022-02-08,active,VALID
andrew2694@upi,cust105016,axis,current,2024-04-30,active,VALID
michael6721@upi,cust106659,icici,current,2023-07-11,active,VALID
shawn8485@upi,cust106398,kotak,credit_card_linked,2024-03-21,active,VALID
matthew5129@upi,cust109330,sbi,credit_card_linked,2024-01-14,active,VALID
diana1563@upi,cust105058,axis,current,2024-05-01,active,VALID
evan2879@upi,cust104325,icici,current,2025-05-14,active,VALID
kathleen1146@upi,cust105372,icici,credit_card_linked,2023-12-09,active,VALID
darlene9186@upi,cust101120,pnb,savings,2024-10-24,active,VALID
mrs.1598@upi,cust102900,kotak,credit_card_linked,2024-09-30,active,VALID
chad9677@upi,cust105331,pnb,savings,2023-01-17,active,VALID
hannah7820@upi,cust105966,pnb,current,2024-09-30,active,VALID
charles5985@upi,cust102814,hdfc,current,2024-10-04,active,VALID
gloria4891@upi,cust101221,kotak,current,2025-05-21,active,VALID
adam8068@upi,cust108979,pnb,current,2025-07-28,active,VALID
cindy7827@upi,cust100298,pnb,current,2023-09-22,active,VALID
christopher6441@upi,cust101476,sbi,credit_card_linked,2025-07-11,suspended,VALID
mrs.7319@upi,cust109893,kotak,current,2023-11-29,suspended,VALID
kevin5099@upi,cust101557,sbi,credit_card_linked,2023-11-20,active,VALID
jessica8701@upi,cust106812,axis,credit_card_linked,2024-06-01,active,VALID
christopher4132@upi,cust102608,hdfc,savings,2023-12-26,active,VALID
emily8624@upi,cust103318,sbi,credit_card_linked,2023-04-06,active,VALID
adam8336@upi,cust105292,hdfc,current,2025-08-04,active,VALID
sarah7228@upi,cust102887,sbi,current,2025-05-13,active,VALID
victoria7329@upi,cust109019,hdfc,savings,2025-01-23,active,VALID
brandon7266@upi,cust100413,kotak,current,2023-11-30,active,VALID
anita9708@upi,cust104867,icici,current,2022-09-05,active,VALID
jennifer1451@upi,cust103805,kotak,credit_card_linked,2024-07-04,blocked,VALID
rachel3118@upi,cust104808,sbi,savings,2024-02-28,active,VALID
jimmy6523@upi,cust100534,pnb,savings,2025-02-01,active,VALID
jennifer6650@upi,cust107879,pnb,credit_card_linked,2024-08-08,active,VALID
patrick5507@upi,cust105839,icici,savings,2023-01-26,active,VALID
elizabeth1135@upi,cust109566,icici,savings,2024-03-10,active,VALID
maria2353@upi,cust109203,hdfc,current,2024-12-19,active,VALID
jason9594@upi,cust102017,sbi,current,2022-10-09,active,VALID
daniel2066@upi,cust101153,kotak,credit_card_linked,2024-10-03,active,VALID
steve8106@upi,cust109764,sbi,savings,2023-08-26,active,VALID
kristine2257@upi,cust101627,kotak,current,2024-10-07,suspended,VALID
terry6121@upi,cust109943,hdfc,current,2025-05-05,active,VALID
kenneth2744@upi,cust100275,kotak,savings,2022-10-09,active,VALID
alex3151@upi,cust108429,sbi,savings,2025-07-09,active,VALID
michael1089@upi,cust104720,axis,savings,2023-09-12,active,VALID
linda6589@upi,cust103085,axis,current,2024-06-08,active,VALID
jessica3549@upi,cust100318,kotak,savings,2024-06-11,active,VALID
christopher2417@upi,cust106606,kotak,current,2024-06-27,active,VALID
andrew3942@upi,cust109654,pnb,current,2024-10-26,active,VALID
anita4841@upi,cust105162,kotak,credit_card_linked,2022-12-28,active,VALID
lisa4070@upi,cust108665,icici,current,2025-08-03,active,VALID
kristen8215@upi,cust103003,sbi,savings,2022-04-24,suspended,VALID
eric2040@upi,cust106799,pnb,savings,2023-11-15,blocked,VALID
melissa5149@upi,cust102403,hdfc,savings,2025-03-01,active,VALID
dominique4217@upi,cust104490,sbi,current,2022-11-15,active,VALID
melissa5226@upi,cust101138,axis,savings,2024-08-12,active,VALID
michael5151@upi,cust102267,kotak,savings,2024-12-01,active,VALID
timothy5280@upi,cust109079,pnb,credit_card_linked,2024-09-02,active,VALID
emily8123@upi,cust107407,axis,current,2023-03-18,active,VALID
kayla9906@upi,cust109036,icici,savings,2022-06-13,active,VALID
nathaniel4273@upi,cust102111,icici,credit_card_linked,2024-11-26,active,VALID
brian1360@upi,cust104799,pnb,savings,2023-11-04,active,VALID
joe3644@upi,cust108883,axis,current,2024-12-28,active,VALID
leah9216@upi,cust107778,sbi,credit_card_linked,2024-12-23,active,VALID
robert2394@upi,cust104478,pnb,current,2025-07-01,active,VALID
garrett2935@upi,cust100310,sbi,current,2025-05-04,active,VALID
brian9559@upi,cust108444,hdfc,savings,2024-08-23,active,VALID
jacob6982@upi,cust103963,sbi,savings,2025-05-16,active,VALID
mark1762@upi,cust109599,pnb,savings,2022-06-11,active,VALID
allison8224@upi,cust102102,hdfc,credit_card_linked,2025-02-27,active,VALID
anthony9181@upi,cust106463,sbi,current,2024-12-02,suspended,VALID
jeremy9447@upi,cust102202,sbi,credit_card_linked,2025-07-20,active,VALID
william4114@upi,cust106461,kotak,savings,2025-04-19,active,VALID
eric1418@upi,cust108685,pnb,current,2023-07-05,active,VALID
lori5673@upi,cust109534,kotak,current,2022-02-10,active,VALID
michael8888@upi,cust105971,pnb,current,2024-02-07,active,VALID
edward5468@upi,cust102567,hdfc,savings,2025-04-09,active,VALID
anthony3998@upi,cust105572,sbi,savings,2024-01-24,active,VALID
brandi8812@upi,cust109626,axis,savings,2025-06-02,active,VALID
jessica9688@upi,cust107538,axis,current,2024-05-23,active,VALID
patrick4009@upi,cust102304,axis,credit_card_linked,2025-04-27,active,VALID
rita8823@upi,cust103410,sbi,savings,2024-03-13,active,VALID
charles7583@upi,cust100228,icici,current,2025-01-31,active,VALID
joshua5572@upi,cust102596,sbi,current,2024-07-06,active,VALID
darrell3507@upi,cust104771,icici,savings,2025-06-18,active,VALID
mary6268@upi,cust106083,axis,savings,2025-01-30,active,VALID
lisa8558@upi,cust100749,sbi,credit_card_linked,2025-07-12,active,VALID
donna7396@upi,cust108789,icici,current,2025-07-12,active,VALID
jessica9760@upi,cust100977,pnb,savings,2025-08-03,active,VALID
austin3551@upi,cust106745,kotak,current,2025-06-02,active,VALID
thomas3029@upi,cust108499,pnb,credit_card_linked,2023-04-05,active,VALID
amber5457@upi,cust102614,pnb,credit_card_linked,2024-06-05,active,VALID
christopher9695@upi,cust107282,kotak,savings,2023-05-15,active,VALID
matthew4653@upi,cust104172,sbi,savings,2024-07-30,active,VALID
benjamin1705@upi,cust105388,axis,credit_card_linked,2025-08-03,active,VALID
ricky8784@upi,cust105920,sbi,current,2023-09-14,active,VALID
leon1949@upi,cust101852,pnb,savings,2024-10-12,active,VALID
taylor6876@upi,cust102624,icici,current,2025-07-15,blocked,VALID
travis4752@upi,cust105740,kotak,savings,2024-12-25,active,VALID
shannon1781@upi,cust100634,icici,current,2024-12-10,active,VALID
kurt1029@upi,cust104671,icici,savings,2025-05-07,active,VALID
darren6107@upi,cust108279,icici,savings,2024-07-23,active,VALID
cynthia4987@upi,cust108558,pnb,credit_card_linked,2023-04-12,active,VALID
ruben9839@upi,cust106510,kotak,current,2022-09-10,active,VALID
michael6252@upi,cust107602,kotak,savings,2024-11-24,active,VALID
patricia2815@upi,cust109256,pnb,current,2023-12-16,active,VALID
robin2063@upi,cust105958,icici,savings,2025-05-28,active,VALID
mrs.9681@upi,cust104063,kotak,credit_card_linked,2025-04-24,blocked,VALID
brianna2941@upi,cust102692,icici,credit_card_linked,2024-03-28,active,VALID
derrick8412@upi,cust106389,kotak,savings,2021-11-18,active,VALID
frank9407@upi,cust100870,kotak,savings,2023-05-13,active,VALID
connor5570@upi,cust100675,kotak,savings,2024-05-11,active,VALID
ashley4102@upi,cust102882,pnb,credit_card_linked,2024-04-01,active,VALID
abigail7624@upi,cust104789,pnb,savings,2022-10-19,active,VALID
kenneth9465@upi,cust109873,hdfc,current,2024-10-04,active,VALID
helen4770@upi,cust108074,sbi,savings,2025-01-26,active,VALID
ms.3339@upi,cust102305,icici,current,2022-12-17,active,VALID
zachary7039@upi,cust109690,pnb,credit_card_linked,2022-03-17,active,VALID
jeremy1446@upi,cust101260,axis,savings,2022-03-13,active,VALID
kristen8972@upi,cust102847,pnb,savings,2023-05-26,active,VALID
elizabeth5851@upi,cust102795,pnb,current,2023-03-13,active,VALID
david2063@upi,cust106429,pnb,credit_card_linked,2021-04-08,active,VALID
ryan5042@upi,cust107054,sbi,current,2024-01-26,active,VALID
heather1506@upi,cust104251,pnb,credit_card_linked,2025-05-11,active,VALID
michael8026@upi,cust108695,icici,current,2025-03-10,blocked,VALID
adam2499@upi,cust108255,icici,credit_card_linked,2022-05-05,active,VALID
james7186@upi,cust107016,sbi,credit_card_linked,2023-09-22,active,VALID
olivia8279@upi,cust106695,icici,credit_card_linked,2025-02-05,active,VALID
mark9320@upi,cust107825,icici,credit_card_linked,2024-05-16,active,VALID
michelle4002@upi,cust103433,hdfc,credit_card_linked,2024-06-14,active,VALID
tony6198@upi,cust109101,kotak,current,2025-08-05,active,VALID
bobby1098@upi,cust101388,pnb,savings,2025-01-23,active,VALID
adam5298@upi,cust108540,sbi,current,2025-06-19,active,VALID
sarah5290@upi,cust109230,icici,current,2025-06-12,active,VALID
john4225@upi,cust104319,pnb,current,2021-01-05,active,VALID
carolyn4559@upi,cust109631,icici,savings,2022-05-13,active,VALID
jacob4920@upi,cust107272,pnb,current,2025-01-20,active,VALID
michael5657@upi,cust104202,pnb,credit_card_linked,2025-06-11,active,VALID
ann8914@upi,cust109319,kotak,current,2021-12-20,active,VALID
sarah5873@upi,cust107650,hdfc,savings,2022-03-17,active,VALID
nicholas1338@upi,cust108590,pnb,savings,2023-12-19,active,VALID
tiffany8356@upi,cust109568,icici,current,2025-01-16,active,VALID
laurie5528@upi,cust109533,sbi,credit_card_linked,2023-06-22,active,VALID
tyler7347@upi,cust101238,icici,savings,2025-06-01,active,VALID
vanessa4155@upi,cust104281,axis,current,2025-01-15,active,VALID
angela4760@upi,cust104620,sbi,credit_card_linked,2023-11-20,active,VALID
gloria4580@upi,cust102180,sbi,savings,2023-01-28,suspended,VALID
amber6901@upi,cust108009,kotak,current,2023-03-29,active,VALID
nicole5880@upi,cust106337,axis,current,2025-08-02,active,VALID
tara5143@upi,cust108669,pnb,savings,2025-07-19,active,VALID
mr.5823@upi,cust101068,kotak,credit_card_linked,2024-02-20,blocked,VALID
christopher5570@upi,cust106606,axis,savings,2024-12-21,active,VALID
kathleen4746@upi,cust107906,pnb,current,2025-05-30,active,VALID
dr.9534@upi,cust101815,sbi,credit_card_linked,2025-03-20,blocked,VALID
stephen7966@upi,cust106524,icici,current,2024-11-30,active,VALID
patrick1254@upi,cust109706,hdfc,current,2025-05-31,active,VALID
courtney2969@upi,cust103695,sbi,savings,2024-09-24,active,VALID
amanda4997@upi,cust105469,icici,savings,2024-01-31,active,VALID
gwendolyn2908@upi,cust107971,pnb,credit_card_linked,2024-11-08,active,VALID
ariana8384@upi,cust100722,sbi,current,2024-02-01,active,VALID
jennifer6798@upi,cust102041,sbi,savings,2025-04-24,active,VALID
wesley7691@upi,cust104850,axis,savings,2024-12-07,active,VALID
regina2491@upi,cust105798,icici,credit_card_linked,2024-03-05,active,VALID
kimberly4745@upi,cust109794,sbi,credit_card_linked,2025-04-24,active,VALID
andre7874@upi,cust109104,sbi,current,2025-07-17,active,VALID
jamie9268@upi,cust103238,icici,current,2022-07-31,active,VALID
catherine2878@upi,cust100232,pnb,savings,2023-02-09,active,VALID
patricia1713@upi,cust103344,pnb,credit_card_linked,2025-07-30,active,VALID
jennifer9542@upi,cust104644,axis,savings,2024-06-02,active,VALID
kimberly1429@upi,cust109462,kotak,credit_card_linked,2024-01-09,active,VALID
david7782@upi,cust105714,axis,savings,2024-08-28,active,VALID
jeffrey4334@upi,cust101282,icici,credit_card_linked,2025-07-08,active,VALID
heather9300@upi,cust100241,hdfc,current,2025-06-22,active,VALID
jesus2975@upi,cust101726,pnb,savings,2024-08-29,suspended,VALID
chad3808@upi,cust100745,hdfc,savings,2024-05-27,active,VALID
william8553@upi,cust104970,kotak,current,2025-02-15,active,VALID
patricia4754@upi,cust104861,kotak,savings,2022-10-25,active,VALID
andrew7132@upi,cust109654,sbi,credit_card_linked,2025-07-03,active,VALID
christian9329@upi,cust103198,sbi,current,2024-10-09,active,VALID
david2993@upi,cust100296,kotak,current,2025-05-18,active,VALID
brandy7054@upi,cust108933,pnb,current,2023-04-28,active,VALID
laura8854@upi,cust104978,pnb,savings,2023-09-10,active,VALID
dr.9903@upi,cust103663,pnb,credit_card_linked,2024-07-28,blocked,VALID
amber5183@upi,cust101947,kotak,credit_card_linked,2024-10-22,active,VALID
jennifer2680@upi,cust105236,pnb,savings,2025-08-01,blocked,VALID
brandon3709@upi,cust100838,sbi,savings,2023-05-27,active,VALID
anthony9912@upi,cust107898,hdfc,credit_card_linked,2025-03-12,suspended,VALID
jeffrey1908@upi,cust102374,kotak,current,2022-12-04,active,VALID
robert2447@upi,cust107939,sbi,savings,2025-01-24,blocked,VALID
kimberly1790@upi,cust102829,sbi,current,2024-07-19,active,VALID
kaitlyn4462@upi,cust106113,axis,current,2025-03-11,active,VALID
ronald2928@upi,cust108214,icici,current,2024-10-22,active,VALID
theresa6704@upi,cust104997,icici,credit_card_linked,2025-05-23,suspended,VALID
todd2317@upi,cust103529,icici,savings,2024-05-19,active,VALID
christine1763@upi,cust101064,pnb,credit_card_linked,2023-08-05,active,VALID
deanna5842@upi,cust100385,axis,credit_card_linked,2025-06-15,active,VALID
justin8640@upi,cust100919,sbi,savings,2025-02-01,active,VALID
tracy1533@upi,cust107792,sbi,current,2024-09-12,active,VALID
michael1146@upi,cust104900,sbi,savings,2022-12-23,active,VALID
jason7846@upi,cust102961,kotak,current,2025-07-30,active,VALID
zachary8731@upi,cust104018,axis,credit_card_linked,2023-11-12,active,VALID
mary2909@upi,cust100336,axis,savings,2025-07-21,active,VALID
mark3445@upi,cust103995,sbi,current,2023-03-16,active,VALID
robert4460@upi,cust104392,axis,credit_card_linked,2025-06-09,active,VALID
nancy1601@upi,cust105346,axis,credit_card_linked,2024-04-16,active,VALID
samantha2317@upi,cust104543,sbi,credit_card_linked,2024-04-28,active,VALID
douglas9439@upi,cust104462,axis,credit_card_linked,2025-04-09,active,VALID
andres5480@upi,cust109274,icici,savings,2024-04-01,active,VALID
michele7107@upi,cust107684,axis,savings,2025-08-04,active,VALID
jared3963@upi,cust106845,pnb,credit_card_linked,2023-06-13,active,VALID
tamara3570@upi,cust104131,sbi,savings,2023-11-08,active,VALID
stacey4290@upi,cust104351,kotak,credit_card_linked,2024-11-29,active,VALID
courtney3010@upi,cust108020,icici,current,2025-05-26,active,VALID
diana7378@upi,cust108842,hdfc,savings,2025-07-23,active,VALID
ariana2871@upi,cust102476,icici,credit_card_linked,2024-04-13,blocked,VALID
robert7256@upi,cust104897,axis,current,2023-10-21,active,VALID
mrs.6641@upi,cust104535,icici,savings,2025-01-05,active,VALID
allison1682@upi,cust102240,hdfc,credit_card_linked,2023-10-21,active,VALID
rodney1020@upi,cust103564,pnb,savings,2022-12-10,active,VALID
john4985@upi,cust105458,icici,savings,2023-04-24,active,VALID
robert3463@upi,cust103644,icici,savings,2024-03-08,active,VALID
carolyn3983@upi,cust104444,kotak,current,2023-08-20,active,VALID
howard8635@upi,cust104276,hdfc,savings,2025-03-24,active,VALID
pamela6448@upi,cust106240,pnb,credit_card_linked,2025-05-07,active,VALID
tammy1262@upi,cust106972,icici,credit_card_linked,2025-06-09,active,VALID
beverly9408@upi,cust103779,hdfc,credit_card_linked,2024-10-08,active,VALID
dustin5830@upi,cust104270,hdfc,credit_card_linked,2024-09-22,active,VALID
gregory2232@upi,cust108091,axis,savings,2023-10-06,active,VALID
monique5238@upi,cust105771,kotak,savings,2022-05-27,active,VALID
amy8471@upi,cust108765,sbi,credit_card_linked,2025-03-25,suspended,VALID
yvette5051@upi,cust100690,icici,savings,2024-05-24,active,VALID
todd9082@upi,cust101202,icici,savings,2023-11-24,active,VALID
grant6371@upi,cust106212,pnb,savings,2025-07-29,active,VALID
vincent1264@upi,cust101171,kotak,credit_card_linked,2024-07-06,active,VALID
ariana1028@upi,cust100722,kotak,current,2024-04-25,active,VALID
shane9235@upi,cust105142,sbi,credit_card_linked,2025-03-01,active,VALID
brittney4433@upi,cust103864,kotak,current,2025-06-27,active,VALID
amanda8804@upi,cust109038,kotak,current,2024-01-20,active,VALID
mark3694@upi,cust105952,sbi,current,2024-11-04,blocked,VALID
douglas8985@upi,cust104269,pnb,current,2024-08-07,active,VALID
holly7180@upi,cust106583,pnb,current,2023-09-27,active,VALID
grant8794@upi,cust106212,icici,savings,2025-07-27,suspended,VALID
mr.8643@upi,cust107454,icici,current,2025-05-15,active,VALID
veronica3797@upi,cust103646,axis,savings,2025-04-12,active,VALID
jonathon1674@upi,cust107247,axis,savings,2021-06-05,active,VALID
ashley5507@upi,cust109179,axis,current,2025-04-26,active,VALID
erika4769@upi,cust108423,pnb,credit_card_linked,2024-01-27,active,VALID
stephanie1280@upi,cust105844,sbi,current,2024-06-12,active,VALID
heather2697@upi,cust100235,axis,current,2022-11-30,active,VALID
melissa8972@upi,cust109440,pnb,credit_card_linked,2024-02-19,active,VALID
rhonda8704@upi,cust105706,pnb,savings,2024-04-26,active,VALID
mr.6696@upi,cust106968,sbi,current,2022-02-19,blocked,VALID
sandra6480@upi,cust105942,sbi,current,2025-02-13,active,VALID
emily8218@upi,cust109937,icici,current,2025-06-11,active,VALID
jessica7302@upi,cust100429,pnb,current,2023-09-26,active,VALID
melissa3635@upi,cust102995,pnb,current,2023-06-09,active,VALID
deanna6136@upi,cust101043,pnb,current,2024-10-06,active,VALID
angela2396@upi,cust107298,hdfc,credit_card_linked,2025-06-04,active,VALID
angela2073@upi,cust109177,sbi,current,2025-04-28,active,VALID
travis3498@upi,cust108209,pnb,current,2023-07-22,active,VALID
rachel4668@upi,cust100370,pnb,current,2024-01-30,active,VALID
mary4631@upi,cust108455,kotak,current,2025-03-13,active,VALID
carl9899@upi,cust109653,pnb,savings,2024-10-11,active,VALID
michael6436@upi,cust102537,sbi,credit_card_linked,2024-04-15,active,VALID
angela7152@upi,cust103924,hdfc,current,2024-08-18,active,VALID
katherine3605@upi,cust109836,axis,savings,2025-07-23,active,VALID
carrie9040@upi,cust106608,icici,savings,2024-01-12,active,VALID
laura3476@upi,cust101560,sbi,savings,2025-06-03,active,VALID
olivia2179@upi,cust102090,kotak,current,2023-07-03,active,VALID
alex8378@upi,cust104402,pnb,savings,2024-10-22,active,VALID
nathaniel1046@upi,cust100332,axis,current,2025-04-29,active,VALID
kenneth2622@upi,cust102193,kotak,credit_card_linked,2024-09-18,active,VALID
barbara6409@upi,cust100785,icici,credit_card_linked,2025-03-29,active,VALID
daniel5393@upi,cust107844,pnb,credit_card_linked,2024-04-11,active,VALID
amanda1291@upi,cust106229,kotak,credit_card_linked,2023-08-25,active,VALID
gary6522@upi,cust101761,pnb,savings,2024-05-26,active,VALID
paige9136@upi,cust104559,hdfc,credit_card_linked,2025-08-03,active,VALID
bryan1257@upi,cust100441,hdfc,savings,2023-10-28,active,VALID
charles2885@upi,cust100503,kotak,savings,2025-05-14,active,VALID
kenneth1717@upi,cust109090,icici,savings,2024-12-21,active,VALID
john8937@upi,cust100577,hdfc,credit_card_linked,2023-06-29,active,VALID
austin1680@upi,cust106726,hdfc,savings,2024-10-16,active,VALID
ryan8732@upi,cust100000,axis,savings,2024-03-04,active,VALID
connie3118@upi,cust101662,kotak,credit_card_linked,2025-08-05,active,VALID
tara5220@upi,cust109306,axis,savings,2025-05-20,active,VALID
whitney7339@upi,cust109195,hdfc,current,2023-12-15,active,VALID
juan8204@upi,cust106102,pnb,credit_card_linked,2024-01-24,active,VALID
michael1692@upi,cust100727,hdfc,credit_card_linked,2023-07-16,active,VALID
morgan1216@upi,cust107448,axis,current,2023-09-22,active,VALID
tracy5550@upi,cust104073,hdfc,savings,2023-08-26,active,VALID
gary2965@upi,cust106864,pnb,current,2024-11-30,active,VALID
christy2890@upi,cust104948,sbi,credit_card_linked,2025-06-09,active,VALID
larry6446@upi,cust102615,kotak,current,2020-10-24,active,VALID
jack1521@upi,cust109911,kotak,credit_card_linked,2025-05-17,active,VALID
taylor6216@upi,cust102229,sbi,current,2024-09-15,active,VALID
daniel9574@upi,cust102208,axis,current,2023-03-23,active,VALID
cindy7722@upi,cust105627,icici,credit_card_linked,2022-08-13,blocked,VALID
craig8685@upi,cust106856,sbi,current,2023-10-14,active,VALID
carl5972@upi,cust107860,hdfc,credit_card_linked,2023-09-30,active,VALID
mr.7829@upi,cust104625,icici,current,2025-07-16,active,VALID
richard4174@upi,cust100929,sbi,savings,2023-08-29,active,VALID
summer3449@upi,cust101471,hdfc,current,2023-02-19,active,VALID
christopher1096@upi,cust109456,hdfc,current,2025-07-25,active,VALID
deanna8107@upi,cust101454,hdfc,current,2024-09-08,active,VALID
mitchell7178@upi,cust101057,hdfc,savings,2023-04-24,active,VALID
henry8679@upi,cust108036,icici,savings,2021-08-09,active,VALID
matthew1291@upi,cust104372,hdfc,current,2021-06-04,active,VALID
veronica9001@upi,cust104331,hdfc,current,2025-05-08,active,VALID
jonathan3456@upi,cust101315,icici,credit_card_linked,2021-11-25,active,VALID
james8589@upi,cust106722,kotak,savings,2023-09-05,active,VALID
joe1972@upi,cust105102,kotak,credit_card_linked,2022-10-08,active,VALID
david2519@upi,cust103455,hdfc,credit_card_linked,2024-02-25,active,VALID
james7217@upi,cust101729,pnb,current,2024-11-12,active,VALID
juan6852@upi,cust107316,sbi,savings,2024-09-07,active,VALID
cheryl5328@upi,cust102889,sbi,credit_card_linked,2023-01-08,active,VALID
david6368@upi,cust106733,hdfc,current,2025-04-01,active,VALID
rhonda6823@upi,cust109854,kotak,current,2025-06-28,active,VALID
matthew4282@upi,cust104030,icici,current,2022-12-07,active,VALID
tommy9747@upi,cust105173,hdfc,credit_card_linked,2022-08-17,active,VALID
zachary6670@upi,cust108941,hdfc,current,2023-12-24,active,VALID
william8870@upi,cust101881,axis,credit_card_linked,2025-01-31,active,VALID
cheryl3971@upi,cust101373,kotak,current,2025-06-28,active,VALID
andrea1806@upi,cust105611,kotak,credit_card_linked,2021-12-01,active,VALID
christine1522@upi,cust100787,hdfc,credit_card_linked,2021-11-10,active,VALID
vincent5869@upi,cust106906,axis,savings,2025-08-02,active,VALID
michael6164@upi,cust103686,sbi,current,2022-04-15,active,VALID
emily6875@upi,cust105563,hdfc,credit_card_linked,2025-07-13,active,VALID
christopher9154@upi,cust103013,axis,savings,2023-10-28,active,VALID
kathryn9058@upi,cust101372,icici,savings,2024-09-10,active,VALID
crystal4795@upi,cust101475,sbi,savings,2025-03-15,active,VALID
vanessa8978@upi,cust101583,sbi,savings,2023-12-05,active,VALID
jason6705@upi,cust108640,icici,current,2024-03-21,active,VALID
maria2725@upi,cust103580,pnb,current,2022-04-23,blocked,VALID
edward8784@upi,cust104747,hdfc,current,2024-06-03,active,VALID
kara4160@upi,cust106424,kotak,current,2025-03-28,active,VALID
douglas5762@upi,cust106020,sbi,credit_card_linked,2023-10-05,active,VALID
rodney2815@upi,cust105711,hdfc,savings,2024-05-18,active,VALID
stephen1491@upi,cust105392,pnb,savings,2025-07-04,active,VALID
morgan3921@upi,cust102641,kotak,credit_card_linked,2025-06-02,active,VALID
morgan1199@upi,cust100888,sbi,current,2025-05-02,active,VALID
luis6604@upi,cust107061,kotak,credit_card_linked,2024-06-24,active,VALID
robert8796@upi,cust107456,pnb,credit_card_linked,2023-11-02,active,VALID
jordan7296@upi,cust100604,sbi,current,2025-06-09,active,VALID
alex5036@upi,cust104324,sbi,current,2025-07-15,active,VALID
oscar6728@upi,cust102142,icici,credit_card_linked,2025-07-27,active,VALID
benjamin7537@upi,cust101868,sbi,current,2025-03-26,active,VALID
renee7567@upi,cust106406,hdfc,current,2024-08-20,active,VALID
rebecca7954@upi,cust103754,icici,credit_card_linked,2022-07-25,active,VALID
danielle5648@upi,cust100945,axis,current,2024-11-13,active,VALID
yesenia5184@upi,cust105335,axis,credit_card_linked,2023-12-12,active,VALID
michelle1504@upi,cust104268,sbi,credit_card_linked,2024-11-10,active,VALID
sergio1848@upi,cust108028,pnb,current,2024-08-03,active,VALID
miss5908@upi,cust102821,pnb,savings,2025-06-12,active,VALID
david8154@upi,cust106169,axis,credit_card_linked,2023-10-31,active,VALID
angel8049@upi,cust102636,sbi,savings,2024-09-26,suspended,VALID
jeremy9237@upi,cust101646,kotak,savings,2023-09-18,active,VALID
darryl9886@upi,cust101433,icici,savings,2022-06-04,active,VALID
mrs.7744@upi,cust106269,sbi,current,2025-02-20,active,VALID
shannon8382@upi,cust102127,kotak,savings,2024-07-29,active,VALID
laurie1756@upi,cust102957,icici,credit_card_linked,2025-06-10,active,VALID
bryan2642@upi,cust102547,icici,credit_card_linked,2022-09-07,blocked,VALID
jacob8208@upi,cust103526,icici,current,2022-12-06,active,VALID
andrea8980@upi,cust108267,hdfc,savings,2024-09-26,active,VALID
nicholas9942@upi,cust103041,pnb,current,2024-10-26,active,VALID
joanne1416@upi,cust102408,sbi,current,2025-03-31,active,VALID
antonio2639@upi,cust100268,axis,savings,2023-08-17,active,VALID
monica4723@upi,cust104544,sbi,credit_card_linked,2023-07-14,active,VALID
robert2355@upi,cust108232,axis,savings,2025-04-22,active,VALID
alicia1417@upi,cust106048,hdfc,current,2021-09-21,active,VALID
andrew2514@upi,cust107999,hdfc,current,2021-09-27,active,VALID
danielle3396@upi,cust103511,icici,savings,2024-06-07,blocked,VALID
eric6887@upi,cust101368,hdfc,savings,2025-06-30,active,VALID
lynn3091@upi,cust107349,pnb,credit_card_linked,2025-05-22,blocked,VALID
jonathan1850@upi,cust100855,icici,current,2025-06-22,active,VALID
jonathan7967@upi,cust108251,icici,current,2022-10-23,active,VALID
jody5728@upi,cust109234,hdfc,current,2024-04-01,active,VALID
luke7879@upi,cust101005,hdfc,current,2023-04-04,active,VALID
elizabeth1964@upi,cust105987,sbi,current,2024-10-14,blocked,VALID
richard3733@upi,cust108041,sbi,savings,2024-09-14,active,VALID
gina5564@upi,cust103978,kotak,current,2022-11-26,active,VALID
randall4527@upi,cust106292,axis,savings,2025-06-25,active,VALID
ashley5143@upi,cust101286,axis,current,2025-02-16,active,VALID
claudia9787@upi,cust100809,kotak,current,2022-11-23,active,VALID
eric5344@upi,cust102973,icici,savings,2024-04-16,active,VALID
shawn4447@upi,cust107997,sbi,savings,2023-05-05,active,VALID
kayla4660@upi,cust104545,kotak,savings,2024-08-11,active,VALID
brent8056@upi,cust108929,hdfc,current,2025-05-06,blocked,VALID
vanessa8972@upi,cust109608,pnb,current,2025-04-24,active,VALID
beverly7668@upi,cust103651,sbi,savings,2024-02-11,active,VALID
melanie5577@upi,cust109787,kotak,credit_card_linked,2025-02-03,active,VALID
amber6219@upi,cust103714,hdfc,savings,2024-08-14,active,VALID
victoria1025@upi,cust104508,hdfc,credit_card_linked,2022-11-01,active,VALID
donald2541@upi,cust102763,icici,savings,2024-11-11,active,VALID
david6930@upi,cust101837,sbi,current,2024-05-01,active,VALID
victoria2250@upi,cust100859,icici,savings,2025-06-10,active,VALID
maria1310@upi,cust102660,axis,current,2024-10-05,active,VALID
carrie1822@upi,cust103935,kotak,current,2025-05-08,active,VALID
christina4321@upi,cust100902,kotak,savings,2023-11-02,active,VALID
patrick7959@upi,cust104554,sbi,credit_card_linked,2024-10-04,active,VALID
sarah2940@upi,cust102656,sbi,credit_card_linked,2021-10-04,active,VALID
tyler8180@upi,cust109286,axis,savings,2024-10-26,active,VALID
joe3442@upi,cust108152,icici,current,2021-02-22,active,VALID
christopher9992@upi,cust104853,icici,current,2025-07-08,active,VALID
tyler7434@upi,cust103980,icici,savings,2025-04-15,active,VALID
marcus3622@upi,cust103307,pnb,savings,2025-05-09,active,VALID
shane8931@upi,cust106801,icici,savings,2024-01-11,active,VALID
angela9005@upi,cust104648,hdfc,credit_card_linked,2024-04-17,active,VALID
jaime7801@upi,cust106820,sbi,credit_card_linked,2024-01-20,active,VALID
corey2297@upi,cust109688,axis,savings,2024-06-22,active,VALID
eric2172@upi,cust103988,pnb,current,2024-12-02,active,VALID
kelsey1175@upi,cust104483,pnb,savings,2022-09-27,active,VALID
casey5325@upi,cust100995,hdfc,current,2024-07-14,active,VALID
connor4505@upi,cust107545,pnb,current,2022-07-27,active,VALID
margaret3935@upi,cust106859,hdfc,credit_card_linked,2024-10-27,active,VALID
bianca2543@upi,cust102716,kotak,savings,2024-12-13,active,VALID
david3474@upi,cust108405,hdfc,savings,2022-07-08,active,VALID
don7079@upi,cust105718,axis,savings,2023-07-15,active,VALID
nicole5342@upi,cust102702,hdfc,savings,2023-04-18,active,VALID
edward7612@upi,cust108477,icici,current,2025-05-26,active,VALID
tyler7584@upi,cust106123,hdfc,credit_card_linked,2022-12-29,active,VALID
jessica7714@upi,cust106992,icici,credit_card_linked,2024-04-26,active,VALID
scott8292@upi,cust103327,icici,credit_card_linked,2024-12-30,active,VALID
kelsey7289@upi,cust100325,kotak,savings,2023-03-15,active,VALID
brian5194@upi,cust103550,icici,savings,2025-02-05,active,VALID
pamela2542@upi,cust106232,hdfc,savings,2024-12-12,suspended,VALID
benjamin2100@upi,cust103062,kotak,current,2024-07-29,active,VALID
andrew7817@upi,cust102067,sbi,credit_card_linked,2024-01-13,active,VALID
kenneth1611@upi,cust105561,icici,credit_card_linked,2024-07-23,active,VALID
anna1867@upi,cust109475,pnb,savings,2023-09-16,active,VALID
allison9147@upi,cust105012,kotak,credit_card_linked,2025-04-13,active,VALID
michael9785@upi,cust102198,sbi,credit_card_linked,2024-07-18,active,VALID
joann6748@upi,cust107475,hdfc,current,2024-03-18,active,VALID
paul2494@upi,cust102391,kotak,credit_card_linked,2023-08-18,active,VALID
julian7465@upi,cust104365,kotak,savings,2024-09-06,active,VALID
jessica9994@upi,cust105461,axis,credit_card_linked,2022-03-31,active,VALID
pamela4568@upi,cust105912,hdfc,savings,2023-10-03,active,VALID
jeremy1595@upi,cust102202,icici,savings,2025-07-27,active,VALID
raymond4938@upi,cust106936,sbi,current,2025-04-01,active,VALID
valerie4192@upi,cust106425,axis,current,2025-04-27,active,VALID
kimberly3021@upi,cust101804,kotak,savings,2025-08-05,active,VALID
joseph4873@upi,cust103672,icici,credit_card_linked,2025-04-19,active,VALID
joann7774@upi,cust105638,pnb,savings,2023-05-01,active,VALID
gary1982@upi,cust107622,sbi,current,2025-06-19,active,VALID
jeanette2593@upi,cust105462,sbi,current,2025-04-22,active,VALID
eric3710@upi,cust109443,kotak,credit_card_linked,2025-05-24,active,VALID
jessica5229@upi,cust102169,icici,savings,2025-08-04,active,VALID
lisa6702@upi,cust102601,pnb,savings,2024-09-11,suspended,VALID
debra8905@upi,cust106573,hdfc,savings,2022-02-24,active,VALID
charles8625@upi,cust100651,axis,credit_card_linked,2025-02-11,active,VALID
mitchell9044@upi,cust106753,sbi,current,2024-08-10,active,VALID
robert3736@upi,cust101650,pnb,savings,2025-02-23,active,VALID
phillip4223@upi,cust103882,kotak,savings,2022-05-20,active,VALID
deborah6243@upi,cust101553,pnb,current,2023-02-12,active,VALID
eddie8274@upi,cust101715,pnb,current,2024-02-21,active,VALID
brandon9650@upi,cust108027,icici,savings,2025-03-22,active,VALID
eric7505@upi,cust108734,pnb,credit_card_linked,2021-10-21,active,VALID
zachary4198@upi,cust102859,icici,credit_card_linked,2024-11-09,blocked,VALID
mackenzie1301@upi,cust107110,sbi,credit_card_linked,2025-06-30,active,VALID
rachel2139@upi,cust108537,pnb,current,2024-09-22,suspended,VALID
kendra8328@upi,cust107970,kotak,savings,2024-02-14,active,VALID
carrie7750@upi,cust106608,hdfc,current,2023-04-26,active,VALID
richard3362@upi,cust108509,kotak,current,2025-06-03,active,VALID
jennifer8419@upi,cust101165,axis,credit_card_linked,2024-08-27,active,VALID
rhonda7674@upi,cust101379,hdfc,current,2024-08-06,active,VALID
nicholas7637@upi,cust104477,icici,savings,2025-05-09,active,VALID
theresa4611@upi,cust104016,hdfc,savings,2024-08-21,active,VALID
nichole6677@upi,cust102008,hdfc,credit_card_linked,2025-07-01,active,VALID
jenna8428@upi,cust109486,kotak,current,2022-04-02,active,VALID
sonya7749@upi,cust109616,axis,current,2025-06-02,active,VALID
natalie6618@upi,cust104914,pnb,current,2023-08-24,active,VALID
jacob7389@upi,cust106391,hdfc,credit_card_linked,2025-02-07,active,VALID
kathy7539@upi,cust103270,pnb,savings,2025-01-14,active,VALID
jennifer3147@upi,cust106942,hdfc,savings,2021-07-11,active,VALID
vanessa5142@upi,cust109765,axis,savings,2025-07-10,active,VALID
mark7419@upi,cust106025,icici,savings,2025-06-04,active,VALID
robert5137@upi,cust101660,pnb,savings,2024-05-24,active,VALID
maria1766@upi,cust100882,icici,credit_card_linked,2025-02-04,active,VALID
jay3916@upi,cust109813,axis,credit_card_linked,2023-02-22,active,VALID
amber8837@upi,cust109557,hdfc,credit_card_linked,2025-05-28,active,VALID
james9347@upi,cust108791,sbi,savings,2025-06-23,blocked,VALID
maria3007@upi,cust100052,sbi,savings,2024-07-22,active,VALID
randall4085@upi,cust100877,icici,credit_card_linked,2024-04-14,active,VALID
deanna4832@upi,cust104283,icici,current,2025-04-30,active,VALID
melissa2271@upi,cust103546,icici,savings,2023-08-29,active,VALID
james8718@upi,cust105646,axis,current,2024-12-16,active,VALID
michael9180@upi,cust101884,sbi,current,2024-02-10,blocked,VALID
ronald8994@upi,cust102203,sbi,current,2023-10-09,active,VALID
gary8354@upi,cust103760,hdfc,savings,2025-06-20,active,VALID
jennifer4600@upi,cust103755,axis,current,2025-03-25,active,VALID
alyssa4693@upi,cust106216,hdfc,current,2025-07-05,active,VALID
kimberly4861@upi,cust102705,pnb,savings,2025-05-04,active,VALID
jon1458@upi,cust106210,sbi,current,2024-02-01,active,VALID
kimberly8597@upi,cust104123,pnb,credit_card_linked,2024-12-26,active,VALID
kevin7936@upi,cust105094,hdfc,current,2025-06-17,active,VALID
aaron3656@upi,cust107152,sbi,current,2023-07-13,active,VALID
samuel8369@upi,cust103382,hdfc,credit_card_linked,2025-07-30,active,VALID
margaret4267@upi,cust109685,hdfc,current,2025-07-06,active,VALID
jacqueline7709@upi,cust100644,hdfc,savings,2024-08-26,active,VALID
rachael1901@upi,cust105127,sbi,savings,2023-02-11,active,VALID
timothy4571@upi,cust102670,kotak,credit_card_linked,2025-01-10,active,VALID
felicia6203@upi,cust105200,hdfc,current,2024-12-16,active,VALID
lindsay3509@upi,cust100999,hdfc,savings,2024-10-03,active,VALID
emily6180@upi,cust106379,pnb,current,2025-02-02,active,VALID
haley2092@upi,cust100002,icici,credit_card_linked,2025-05-05,active,VALID
misty9927@upi,cust107177,kotak,current,2025-05-18,active,VALID
christopher3629@upi,cust109456,pnb,credit_card_linked,2025-05-20,active,VALID
justin7406@upi,cust103774,hdfc,credit_card_linked,2025-04-13,active,VALID
mrs.4540@upi,cust108188,kotak,credit_card_linked,2024-09-09,active,VALID
sydney5493@upi,cust107529,axis,current,2024-02-21,active,VALID
timothy3730@upi,cust108289,sbi,credit_card_linked,2023-05-29,active,VALID
stephanie6521@upi,cust109523,hdfc,credit_card_linked,2024-04-28,active,VALID
jessica2679@upi,cust100746,icici,credit_card_linked,2022-09-28,active,VALID
jared3795@upi,cust103084,hdfc,current,2023-11-04,active,VALID
elizabeth1783@upi,cust107547,pnb,current,2021-12-20,active,VALID
richard6383@upi,cust101257,kotak,current,2023-02-13,active,VALID
evan8916@upi,cust100018,hdfc,current,2025-06-06,suspended,VALID
kevin5488@upi,cust101892,hdfc,credit_card_linked,2024-08-29,active,VALID
ms.7161@upi,cust102305,icici,current,2024-06-28,active,VALID
matthew5144@upi,cust101639,axis,current,2025-07-07,active,VALID
gary8247@upi,cust100954,sbi,current,2024-10-31,suspended,VALID
robert2470@upi,cust107935,icici,credit_card_linked,2023-03-29,active,VALID
tracy6615@upi,cust100943,axis,current,2025-02-04,active,VALID
daniel6809@upi,cust107171,sbi,savings,2025-07-28,active,VALID
gabriel6211@upi,cust101984,icici,current,2024-12-27,active,VALID
justin8705@upi,cust103966,sbi,credit_card_linked,2022-10-25,active,VALID
william5308@upi,cust102566,kotak,credit_card_linked,2025-03-09,active,VALID
parker2551@upi,cust104318,axis,credit_card_linked,2025-04-16,active,VALID
kimberly6895@upi,cust108275,axis,savings,2025-06-04,active,VALID
jonathan9084@upi,cust102771,sbi,savings,2024-10-25,active,VALID
carla1457@upi,cust105116,hdfc,savings,2022-04-28,active,VALID
mark1819@upi,cust106025,hdfc,credit_card_linked,2025-05-20,active,VALID
james7640@upi,cust102834,sbi,current,2023-07-09,active,VALID
emily2281@upi,cust108880,pnb,savings,2023-06-12,suspended,VALID
katherine1441@upi,cust105661,hdfc,credit_card_linked,2025-04-08,active,VALID
donna6107@upi,cust107432,pnb,savings,2022-05-20,active,VALID
robert9964@upi,cust101660,icici,credit_card_linked,2024-12-04,blocked,VALID
melissa5340@upi,cust109715,sbi,savings,2024-03-23,active,VALID
darlene7285@upi,cust101120,axis,current,2024-08-20,active,VALID
lawrence6245@upi,cust106488,hdfc,savings,2025-05-14,active,VALID
david5854@upi,cust103326,hdfc,current,2025-03-17,active,VALID
jason1665@upi,cust102569,pnb,savings,2025-06-14,active,VALID
michael8157@upi,cust109942,kotak,current,2023-11-18,active,VALID
justin3479@upi,cust108258,axis,credit_card_linked,2021-08-16,active,VALID
chase8161@upi,cust100201,axis,current,2025-01-05,active,VALID
brett5967@upi,cust101166,sbi,current,2024-10-16,active,VALID
brenda7359@upi,cust102927,icici,current,2025-02-15,active,VALID
joseph9819@upi,cust101385,sbi,current,2024-05-17,active,VALID
mitchell4205@upi,cust104194,axis,current,2024-10-04,active,VALID
alexander3068@upi,cust109481,axis,savings,2024-01-08,active,VALID
kimberly9222@upi,cust101813,icici,savings,2025-02-25,active,VALID
ricardo1799@upi,cust102172,sbi,current,2023-05-11,active,VALID
matthew1743@upi,cust109330,sbi,credit_card_linked,2021-06-20,active,VALID
sabrina5292@upi,cust105022,sbi,current,2024-02-24,active,VALID
david2264@upi,cust103854,kotak,credit_card_linked,2024-08-10,active,VALID
cynthia2736@upi,cust105468,hdfc,savings,2025-01-07,active,VALID
david1908@upi,cust102181,icici,savings,2025-01-07,active,VALID
rebekah3537@upi,cust104499,pnb,current,2024-06-23,active,VALID
joseph5200@upi,cust100093,icici,credit_card_linked,2025-07-05,suspended,VALID
jennifer5671@upi,cust104205,sbi,credit_card_linked,2025-05-06,active,VALID
katie4447@upi,cust109768,pnb,credit_card_linked,2025-07-28,active,VALID
patrick2408@upi,cust106217,pnb,savings,2025-01-14,blocked,VALID
shannon1468@upi,cust109729,icici,credit_card_linked,2023-11-18,active,VALID
eric7262@upi,cust101906,sbi,credit_card_linked,2024-02-09,active,VALID
christopher5855@upi,cust105703,kotak,current,2025-04-30,active,VALID
justin5005@upi,cust108418,sbi,savings,2024-12-25,active,VALID
ian2357@upi,cust101802,axis,credit_card_linked,2025-07-07,active,VALID
brandon2275@upi,cust109796,kotak,credit_card_linked,2025-08-05,active,VALID
alison4695@upi,cust102613,hdfc,savings,2024-09-08,active,VALID
donna9338@upi,cust107432,pnb,credit_card_linked,2024-04-17,active,VALID
sabrina5922@upi,cust103852,hdfc,current,2025-07-09,active,VALID
john1677@upi,cust103228,kotak,credit_card_linked,2025-01-03,blocked,VALID
brian5866@upi,cust108444,sbi,current,2023-07-06,suspended,VALID
michele4699@upi,cust104548,hdfc,current,2023-06-28,active,VALID
heather3813@upi,cust106111,icici,current,2025-02-24,active,VALID
kara8784@upi,cust104136,kotak,credit_card_linked,2022-06-17,active,VALID
april2905@upi,cust106328,pnb,credit_card_linked,2024-06-11,active,VALID
charles3524@upi,cust102685,pnb,credit_card_linked,2024-10-28,active,VALID
barry2815@upi,cust104139,pnb,current,2025-07-25,active,VALID
ryan8438@upi,cust109642,icici,current,2025-01-11,active,VALID
tommy8914@upi,cust103409,pnb,current,2022-10-25,active,VALID
terri9401@upi,cust100358,kotak,savings,2025-01-26,active,VALID
dennis4357@upi,cust102841,kotak,savings,2023-02-20,active,VALID
jeffrey9012@upi,cust102715,axis,savings,2025-05-27,active,VALID
regina8007@upi,cust102974,sbi,current,2025-03-22,active,VALID
john7242@upi,cust101610,hdfc,savings,2024-07-13,active,VALID
teresa2190@upi,cust102382,axis,savings,2023-12-27,active,VALID
kathryn6485@upi,cust100523,axis,current,2025-02-16,suspended,VALID
rachel2748@upi,cust108733,icici,credit_card_linked,2024-09-18,active,VALID
pamela1212@upi,cust108632,axis,savings,2025-06-08,active,VALID
brian2505@upi,cust104423,axis,savings,2025-02-20,active,VALID
keith6283@upi,cust105993,sbi,current,2024-09-01,active,VALID
mr.1042@upi,cust107454,sbi,current,2024-02-12,active,VALID
patricia1091@upi,cust109705,pnb,current,2024-06-22,active,VALID
timothy8129@upi,cust107830,sbi,savings,2025-05-25,active,VALID
paul3102@upi,cust102013,sbi,savings,2022-11-27,active,VALID
tyler8469@upi,cust109109,kotak,savings,2024-04-20,active,VALID
michael1366@upi,cust106207,kotak,current,2022-11-22,active,VALID
ruben5835@upi,cust100262,hdfc,credit_card_linked,2025-07-10,active,VALID
charlotte5892@upi,cust100708,icici,credit_card_linked,2024-06-14,active,VALID
james2863@upi,cust102542,icici,current,2025-07-27,active,VALID
kristen2583@upi,cust103003,hdfc,credit_card_linked,2024-04-02,active,VALID
nicole1082@upi,cust100227,icici,savings,2021-05-25,active,VALID
richard5952@upi,cust108797,axis,current,2025-06-15,active,VALID
beverly7227@upi,cust103243,axis,savings,2021-09-23,active,VALID
michelle3777@upi,cust103165,kotak,savings,2025-02-21,active,VALID
carlos6020@upi,cust104023,icici,current,2025-07-25,active,VALID
lisa8823@upi,cust109312,axis,credit_card_linked,2024-04-28,active,VALID
brian7556@upi,cust107095,icici,credit_card_linked,2025-06-29,active,VALID
jessica6657@upi,cust102136,pnb,current,2025-01-10,active,VALID
nancy4066@upi,cust106381,pnb,current,2024-05-31,active,VALID
audrey5549@upi,cust102415,icici,credit_card_linked,2024-05-21,suspended,VALID
margaret6568@upi,cust106884,icici,current,2023-06-16,active,VALID
megan9321@upi,cust102956,icici,savings,2025-07-09,active,VALID
cassandra2805@upi,cust100595,icici,current,2025-01-06,active,VALID
ronald4628@upi,cust102649,pnb,current,2024-06-15,active,VALID
michael3216@upi,cust107892,sbi,savings,2025-04-11,active,VALID
cheryl4362@upi,cust106586,icici,savings,2022-04-22,active,VALID
joanne9789@upi,cust101651,kotak,current,2023-12-27,active,VALID
taylor6294@upi,cust108374,icici,credit_card_linked,2025-02-16,active,VALID
aaron2386@upi,cust108237,icici,current,2022-04-28,active,VALID
jimmy5497@upi,cust106261,axis,savings,2021-09-28,active,VALID
douglas9927@upi,cust107817,icici,credit_card_linked,2023-10-15,active,VALID
daniel8127@upi,cust104523,axis,savings,2024-01-06,active,VALID
joseph3203@upi,cust103380,axis,current,2024-01-29,active,VALID
christine4431@upi,cust104341,pnb,current,2024-10-01,active,VALID
rickey9632@upi,cust102520,kotak,savings,2025-06-16,active,VALID
andrea4064@upi,cust107560,sbi,current,2024-05-30,active,VALID
april7658@upi,cust106568,pnb,current,2024-08-26,active,VALID
robin8404@upi,cust103008,hdfc,credit_card_linked,2025-01-26,active,VALID
timothy8862@upi,cust102387,pnb,credit_card_linked,2025-07-17,active,VALID
jenna4222@upi,cust105227,axis,savings,2024-06-21,active,VALID
donna1441@upi,cust101618,pnb,credit_card_linked,2025-01-05,active,VALID
jeremiah4832@upi,cust106194,pnb,credit_card_linked,2022-07-09,active,VALID
joseph4352@upi,cust107132,sbi,credit_card_linked,2025-07-24,active,VALID
angela8706@upi,cust107298,kotak,current,2024-02-13,active,VALID
jennifer8717@upi,cust105377,icici,credit_card_linked,2024-10-16,active,VALID
sarah3337@upi,cust105903,hdfc,savings,2024-12-24,active,VALID
kevin9984@upi,cust107775,kotak,current,2024-09-26,active,VALID
ashley7038@upi,cust105145,sbi,savings,2025-02-26,active,VALID
brandon3010@upi,cust105916,icici,savings,2025-03-02,active,VALID
william2342@upi,cust103226,hdfc,savings,2024-06-20,active,VALID
sara2318@upi,cust105841,hdfc,current,2025-03-10,active,VALID
diane5076@upi,cust103190,pnb,current,2024-08-18,active,VALID
william4577@upi,cust101242,hdfc,savings,2025-03-25,active,VALID
james9672@upi,cust101367,icici,current,2025-06-23,active,VALID
lauren9620@upi,cust107154,icici,savings,2025-03-12,active,VALID
todd9475@upi,cust104250,sbi,savings,2023-12-26,active,VALID
bonnie5518@upi,cust100862,pnb,savings,2024-05-02,suspended,VALID
dorothy5776@upi,cust105179,axis,savings,2023-12-04,active,VALID
kristi3719@upi,cust100653,sbi,credit_card_linked,2022-05-23,active,VALID
david5983@upi,cust105848,axis,credit_card_linked,2022-10-27,active,VALID
sabrina9941@upi,cust100017,hdfc,credit_card_linked,2024-03-28,active,VALID
leslie1424@upi,cust100085,kotak,credit_card_linked,2023-06-04,active,VALID
billy4876@upi,cust108702,axis,current,2024-07-15,active,VALID
stacy6601@upi,cust109498,axis,current,2025-07-14,active,VALID
christopher9073@upi,cust109444,kotak,credit_card_linked,2025-07-11,active,VALID
wesley8522@upi,cust108859,hdfc,current,2025-02-12,active,VALID
renee6668@upi,cust103485,hdfc,credit_card_linked,2025-03-24,active,VALID
george6191@upi,cust107952,icici,credit_card_linked,2025-03-08,active,VALID
valerie3575@upi,cust106474,hdfc,savings,2025-03-23,active,VALID
nicholas7854@upi,cust105444,pnb,savings,2025-06-05,active,VALID
vanessa1841@upi,cust101909,sbi,credit_card_linked,2025-05-25,active,VALID
mr.5862@upi,cust106832,kotak,current,2024-09-26,active,VALID
john3318@upi,cust108812,icici,credit_card_linked,2024-12-12,active,VALID
sandra2284@upi,cust108593,hdfc,savings,2025-08-04,active,VALID
deborah8641@upi,cust102121,axis,credit_card_linked,2025-02-22,active,VALID
mrs.6894@upi,cust100622,icici,savings,2024-12-30,active,VALID
brandon3091@upi,cust106614,icici,current,2024-09-19,active,VALID
timothy3881@upi,cust107957,sbi,current,2024-08-11,active,VALID
anthony7820@upi,cust107232,sbi,credit_card_linked,2025-01-23,active,VALID
reginald9374@upi,cust105881,icici,current,2024-06-04,active,VALID
benjamin6733@upi,cust101265,axis,current,2024-07-16,active,VALID
jon2951@upi,cust106887,hdfc,credit_card_linked,2025-01-28,active,VALID
lisa2278@upi,cust100879,sbi,savings,2025-06-19,active,VALID
adrienne7231@upi,cust106686,sbi,savings,2023-08-14,active,VALID
rachel9392@upi,cust102498,hdfc,savings,2025-06-11,active,VALID
brandon5942@upi,cust109190,kotak,credit_card_linked,2021-11-25,active,VALID
charles7290@upi,cust108830,axis,credit_card_linked,2025-05-22,active,VALID
carrie3257@upi,cust109710,kotak,current,2024-03-26,suspended,VALID
richard4008@upi,cust108509,sbi,savings,2024-02-22,active,VALID
william5387@upi,cust103439,hdfc,savings,2023-06-09,active,VALID
elizabeth8874@upi,cust109577,kotak,savings,2025-07-09,active,VALID
john4936@upi,cust105748,icici,current,2023-04-07,active,VALID
joel5025@upi,cust104742,hdfc,credit_card_linked,2024-07-27,active,VALID
david7938@upi,cust109621,axis,savings,2024-03-26,blocked,VALID
allison4362@upi,cust100637,hdfc,savings,2024-12-30,active,VALID
jack5420@upi,cust109210,kotak,savings,2024-08-23,active,VALID
jacob2398@upi,cust107492,axis,current,2025-05-18,active,VALID
kayla7761@upi,cust102765,sbi,savings,2025-02-07,active,VALID
nicholas8107@upi,cust103041,icici,current,2025-04-13,active,VALID
cindy2931@upi,cust107094,kotak,credit_card_linked,2023-09-28,active,VALID
jennifer7485@upi,cust104005,icici,credit_card_linked,2023-12-28,active,VALID
jennifer1530@upi,cust105867,axis,current,2025-02-22,active,VALID
brittany8398@upi,cust104856,pnb,credit_card_linked,2025-03-24,active,VALID
jennifer9251@upi,cust101629,sbi,credit_card_linked,2021-01-20,active,VALID
daniel7010@upi,cust109524,axis,savings,2025-07-26,active,VALID
karen6072@upi,cust106305,hdfc,current,2024-02-08,active,VALID
charles2530@upi,cust103874,hdfc,savings,2024-07-14,active,VALID
mario8028@upi,cust107047,kotak,current,2023-09-17,active,VALID
marissa5758@upi,cust102824,sbi,current,2024-01-06,active,VALID
robert7715@upi,cust108382,hdfc,savings,2025-05-02,active,VALID
cynthia6176@upi,cust104111,kotak,savings,2024-03-18,active,VALID
george7019@upi,cust103910,hdfc,credit_card_linked,2024-05-29,active,VALID
michael5904@upi,cust101628,pnb,credit_card_linked,2025-06-07,active,VALID
karen1189@upi,cust106541,kotak,savings,2025-03-14,active,VALID
william5641@upi,cust102698,hdfc,savings,2025-07-20,active,VALID
danny8621@upi,cust101091,icici,credit_card_linked,2023-04-24,active,VALID
ariana4417@upi,cust101587,axis,current,2024-06-23,active,VALID
tonya1326@upi,cust107979,hdfc,current,2024-05-19,active,VALID
briana2290@upi,cust100068,hdfc,current,2025-06-17,active,VALID
monica8216@upi,cust100814,hdfc,savings,2025-07-16,active,VALID
peter8823@upi,cust105860,pnb,current,2025-07-07,active,VALID
eric9059@upi,cust103359,pnb,savings,2025-03-23,active,VALID
brett8280@upi,cust103353,pnb,credit_card_linked,2021-05-25,active,VALID
daniel5801@upi,cust107279,hdfc,current,2024-03-30,active,VALID
angela6067@upi,cust103058,kotak,credit_card_linked,2025-01-16,active,VALID
timothy1237@upi,cust107830,axis,credit_card_linked,2025-07-08,active,VALID
todd8118@upi,cust107813,axis,savings,2024-09-21,active,VALID
amber7583@upi,cust103915,kotak,credit_card_linked,2024-04-08,active,VALID
joan6126@upi,cust108269,icici,savings,2025-03-15,active,VALID
jeffrey5239@upi,cust101888,sbi,savings,2021-01-09,active,VALID
charles8427@upi,cust107930,kotak,credit_card_linked,2025-06-30,active,VALID
cameron9864@upi,cust107004,hdfc,current,2025-07-16,active,VALID
ashley6817@upi,cust101044,axis,credit_card_linked,2022-09-06,active,VALID
julia2168@upi,cust102299,hdfc,credit_card_linked,2024-05-29,active,VALID
katelyn8102@upi,cust106101,pnb,credit_card_linked,2023-03-30,active,VALID
brooke9779@upi,cust102530,pnb,savings,2024-08-20,active,VALID
robert5849@upi,cust107160,hdfc,credit_card_linked,2025-03-06,active,VALID
michelle3892@upi,cust101518,pnb,savings,2025-07-06,active,VALID
daniel3664@upi,cust109500,axis,savings,2025-07-27,active,VALID
john4556@upi,cust101240,icici,credit_card_linked,2025-07-30,active,VALID
jacob1451@upi,cust109169,icici,credit_card_linked,2025-02-01,active,VALID
april1343@upi,cust102928,kotak,savings,2025-07-04,active,VALID
john6045@upi,cust103118,kotak,savings,2025-01-03,active,VALID
shirley6568@upi,cust100203,kotak,credit_card_linked,2025-08-05,active,VALID
victoria6970@upi,cust100859,sbi,current,2025-08-05,suspended,VALID
anthony4527@upi,cust100752,icici,savings,2024-01-18,active,VALID
colin7027@upi,cust102446,pnb,credit_card_linked,2025-04-29,active,VALID
travis1764@upi,cust105740,icici,current,2024-11-23,active,VALID
jennifer1540@upi,cust100264,pnb,credit_card_linked,2025-05-29,active,VALID
christy4130@upi,cust104882,kotak,credit_card_linked,2024-11-10,active,VALID
melanie7883@upi,cust105934,hdfc,current,2025-03-11,active,VALID
jennifer5460@upi,cust100492,axis,current,2023-02-03,active,VALID
michael9707@upi,cust109555,hdfc,credit_card_linked,2025-03-13,active,VALID
denise3846@upi,cust103681,kotak,savings,2025-03-02,active,VALID
samantha1392@upi,cust100591,sbi,savings,2024-03-16,active,VALID
valerie2940@upi,cust108848,icici,credit_card_linked,2025-06-14,active,VALID
stephanie2144@upi,cust102616,icici,current,2024-02-14,active,VALID
debra5003@upi,cust106265,axis,credit_card_linked,2025-03-13,active,VALID
michael1021@upi,cust107436,pnb,credit_card_linked,2024-02-01,active,VALID
jeffrey6674@upi,cust109046,axis,credit_card_linked,2024-12-08,active,VALID
melissa7832@upi,cust104925,hdfc,credit_card_linked,2024-06-15,active,VALID
kenneth2935@upi,cust106200,axis,credit_card_linked,2022-06-08,active,VALID
justin3762@upi,cust100011,pnb,savings,2024-09-15,active,VALID
jeremy2912@upi,cust101432,sbi,credit_card_linked,2025-06-16,active,VALID
jeffrey7172@upi,cust103507,sbi,current,2025-01-06,active,VALID
alexander3541@upi,cust107131,kotak,savings,2021-08-02,active,VALID
vincent4610@upi,cust105524,hdfc,current,2022-11-28,active,VALID
reginald1387@upi,cust107210,kotak,credit_card_linked,2024-07-20,active,VALID
christopher2764@upi,cust104701,sbi,credit_card_linked,2024-10-09,active,VALID
michael5953@upi,cust103486,icici,credit_card_linked,2025-01-30,active,VALID
dana8224@upi,cust103467,hdfc,credit_card_linked,2023-11-27,active,VALID
ryan4075@upi,cust106011,hdfc,savings,2021-06-15,active,VALID
melissa3974@upi,cust105280,pnb,current,2025-02-22,active,VALID
mark5985@upi,cust102445,icici,savings,2024-01-01,active,VALID
kayla7048@upi,cust107315,sbi,savings,2025-01-21,active,VALID
kristine3863@upi,cust101627,hdfc,savings,2023-03-25,suspended,VALID
linda1152@upi,cust101160,pnb,credit_card_linked,2024-05-23,active,VALID
tyler4010@upi,cust107994,kotak,credit_card_linked,2025-07-12,active,VALID
todd2481@upi,cust102721,kotak,credit_card_linked,2022-04-24,suspended,VALID
jennifer4010@upi,cust105804,sbi,credit_card_linked,2025-07-02,active,VALID
william3376@upi,cust100257,kotak,savings,2023-12-05,active,VALID
jonathon6651@upi,cust107247,kotak,savings,2022-02-06,active,VALID
jennifer1497@upi,cust102041,sbi,savings,2024-07-01,active,VALID
kristin5685@upi,cust103067,hdfc,credit_card_linked,2025-07-14,active,VALID
william2067@upi,cust101119,hdfc,savings,2024-02-01,active,VALID
deanna1779@upi,cust104283,hdfc,savings,2025-01-01,active,VALID
shawn8096@upi,cust100419,icici,current,2023-06-14,active,VALID
carolyn9983@upi,cust104887,pnb,current,2025-02-03,active,VALID
wesley3341@upi,cust100247,icici,credit_card_linked,2025-06-16,active,VALID
sarah6079@upi,cust103000,kotak,current,2025-08-05,active,VALID
ms.1537@upi,cust102305,icici,credit_card_linked,2024-02-26,active,VALID
steven1259@upi,cust107516,axis,savings,2025-05-15,active,VALID
billy5009@upi,cust103821,kotak,savings,2024-09-07,active,VALID
paige8260@upi,cust101403,hdfc,current,2024-10-11,active,VALID
amber4325@upi,cust106335,sbi,credit_card_linked,2025-07-04,active,VALID
adam8227@upi,cust108140,hdfc,current,2025-06-09,active,VALID
deanna2792@upi,cust101454,kotak,credit_card_linked,2025-02-05,active,VALID
billy2646@upi,cust105330,pnb,current,2024-01-26,active,VALID
natalie3588@upi,cust104914,hdfc,savings,2022-10-02,active,VALID
amanda9817@upi,cust104344,hdfc,current,2024-05-24,active,VALID
heather9275@upi,cust103424,sbi,savings,2024-12-23,active,VALID
robert8340@upi,cust109628,axis,current,2025-01-01,active,VALID
cynthia8121@upi,cust108097,hdfc,current,2025-04-28,active,VALID
nancy3857@upi,cust109801,icici,credit_card_linked,2025-06-19,active,VALID
frank9625@upi,cust103517,sbi,credit_card_linked,2025-04-10,active,VALID
nicole5653@upi,cust104310,kotak,credit_card_linked,2025-05-09,active,VALID
daniel9054@upi,cust107279,hdfc,credit_card_linked,2022-09-06,active,VALID
kelsey5234@upi,cust104697,axis,savings,2024-10-31,active,VALID
matthew5266@upi,cust103303,pnb,current,2024-07-10,active,VALID
michael5578@upi,cust108846,icici,current,2022-12-16,active,VALID
chase7565@upi,cust104560,axis,credit_card_linked,2025-07-08,active,VALID
evan1627@upi,cust100387,hdfc,savings,2021-07-01,active,VALID
erica6516@upi,cust106432,icici,savings,2025-08-02,active,VALID
eric5388@upi,cust108685,hdfc,current,2024-04-13,active,VALID
patricia3367@upi,cust108636,hdfc,savings,2025-04-10,active,VALID
jordan1051@upi,cust107063,hdfc,credit_card_linked,2023-02-26,suspended,VALID
meghan9881@upi,cust102083,hdfc,current,2024-01-14,active,VALID
timothy1040@upi,cust107830,kotak,savings,2025-02-18,active,VALID
nancy4219@upi,cust103357,icici,current,2021-01-01,active,VALID
tiffany3321@upi,cust100932,icici,current,2025-03-07,active,VALID
christopher9985@upi,cust104731,kotak,credit_card_linked,2024-11-18,active,VALID
michael6787@upi,cust109452,pnb,current,2024-08-17,active,VALID
john2586@upi,cust108069,icici,current,2025-05-05,active,VALID
amy9786@upi,cust104181,icici,savings,2022-03-23,active,VALID
mark8065@upi,cust105170,hdfc,savings,2024-08-30,active,VALID
rachel4194@upi,cust107676,sbi,current,2023-01-30,active,VALID
derrick1394@upi,cust106389,sbi,savings,2022-01-28,active,VALID
jennifer3892@upi,cust109193,icici,savings,2024-04-01,active,VALID
richard6509@upi,cust102968,sbi,credit_card_linked,2023-08-07,active,VALID
philip9025@upi,cust104193,kotak,savings,2025-08-03,suspended,VALID
sara3832@upi,cust105853,axis,current,2021-07-26,active,VALID
dr.2251@upi,cust102264,icici,savings,2021-10-20,active,VALID
rebecca5846@upi,cust108764,pnb,current,2024-11-12,blocked,VALID
rachel8329@upi,cust103340,sbi,credit_card_linked,2024-09-27,active,VALID
carl3281@upi,cust105108,axis,current,2021-12-08,active,VALID
lisa6411@upi,cust107877,pnb,credit_card_linked,2023-01-27,active,VALID
christina8583@upi,cust100902,hdfc,current,2024-01-31,active,VALID
david2547@upi,cust108387,icici,savings,2024-03-22,active,VALID
kristina6287@upi,cust102188,icici,credit_card_linked,2024-12-01,active,VALID
mr.2153@upi,cust101836,pnb,credit_card_linked,2024-03-16,active,VALID
stephanie8018@upi,cust105401,hdfc,current,2023-12-25,active,VALID
kyle6619@upi,cust109903,sbi,current,2022-04-20,active,VALID
lawrence7722@upi,cust104348,sbi,savings,2024-02-23,active,VALID
tina1763@upi,cust109129,kotak,credit_card_linked,2024-11-20,active,VALID
david1058@upi,cust104292,sbi,credit_card_linked,2022-03-02,active,VALID
amanda8859@upi,cust100880,axis,credit_card_linked,2025-05-13,active,VALID
harry8097@upi,cust102712,pnb,credit_card_linked,2025-04-26,blocked,VALID
amanda2679@upi,cust109200,hdfc,current,2025-03-03,active,VALID
rodney3408@upi,cust103564,sbi,current,2024-07-07,active,VALID
tiffany3479@upi,cust100906,sbi,savings,2025-08-03,active,VALID
tammy7307@upi,cust106001,pnb,credit_card_linked,2023-06-30,active,VALID
tracy1876@upi,cust106706,sbi,credit_card_linked,2024-04-01,active,VALID
nicholas7474@upi,cust107410,pnb,credit_card_linked,2025-01-02,active,VALID
jay9132@upi,cust108464,icici,current,2025-05-22,active,VALID
jordan8907@upi,cust100326,axis,credit_card_linked,2024-05-26,active,VALID
sara4812@upi,cust104500,icici,savings,2024-09-05,active,VALID
danny9977@upi,cust108914,pnb,credit_card_linked,2023-10-12,active,VALID
heather2990@upi,cust101370,hdfc,credit_card_linked,2023-10-20,active,VALID
jeffrey4285@upi,cust102715,hdfc,savings,2024-05-16,active,VALID
eric3021@upi,cust107829,kotak,savings,2023-01-14,active,VALID
jessica4074@upi,cust104827,hdfc,current,2025-07-30,active,VALID
walter5755@upi,cust102594,pnb,savings,2022-11-23,active,VALID
cynthia7919@upi,cust107295,icici,savings,2021-02-05,active,VALID
natasha6472@upi,cust108116,hdfc,credit_card_linked,2022-11-07,active,VALID
megan9591@upi,cust107182,hdfc,credit_card_linked,2023-02-01,active,VALID
justin1254@upi,cust101648,hdfc,savings,2021-11-27,active,VALID
sara1939@upi,cust104166,icici,current,2022-08-23,active,VALID
john1562@upi,cust108812,axis,credit_card_linked,2022-06-24,active,VALID
paul2377@upi,cust106714,sbi,current,2025-04-19,active,VALID
matthew8560@upi,cust102643,hdfc,current,2024-08-24,active,VALID
sandy4775@upi,cust103176,icici,savings,2022-12-07,active,VALID
angela2519@upi,cust102709,sbi,credit_card_linked,2023-11-23,active,VALID
cody2525@upi,cust101765,kotak,credit_card_linked,2025-05-15,blocked,VALID
nicholas3810@upi,cust104091,icici,credit_card_linked,2024-06-02,active,VALID
jose9403@upi,cust104694,hdfc,current,2022-06-21,active,VALID
dean1598@upi,cust106416,kotak,savings,2025-04-06,active,VALID
david2911@upi,cust105107,pnb,current,2025-07-13,active,VALID
billy7004@upi,cust101707,sbi,savings,2025-07-29,active,VALID
daniel5860@upi,cust102884,axis,savings,2025-04-10,active,VALID
kelly6240@upi,cust100295,hdfc,credit_card_linked,2022-09-22,active,VALID
kelly6491@upi,cust104099,icici,current,2025-05-07,active,VALID
crystal2041@upi,cust104915,kotak,credit_card_linked,2025-04-06,active,VALID
sharon4307@upi,cust102756,kotak,credit_card_linked,2023-01-19,active,VALID
benjamin6541@upi,cust101988,icici,savings,2025-04-17,active,VALID
roy3286@upi,cust107991,pnb,current,2023-06-05,active,VALID
lee8745@upi,cust104612,pnb,savings,2024-08-18,active,VALID
sarah9709@upi,cust106769,sbi,credit_card_linked,2025-04-11,active,VALID
debra7750@upi,cust108329,sbi,credit_card_linked,2024-06-12,active,VALID
amy5786@upi,cust105838,kotak,savings,2024-05-18,active,VALID
leonard5083@upi,cust107401,axis,savings,2022-08-07,active,VALID
paul7918@upi,cust109180,axis,current,2025-06-23,active,VALID
danielle3872@upi,cust103511,icici,credit_card_linked,2024-03-01,blocked,VALID
christina8317@upi,cust100902,hdfc,current,2024-11-21,active,VALID
caleb1797@upi,cust105797,kotak,credit_card_linked,2022-12-04,active,VALID
daniel6528@upi,cust109229,axis,current,2024-07-06,active,VALID
daniel2822@upi,cust107404,sbi,savings,2024-03-18,active,VALID
rebecca8169@upi,cust109094,axis,current,2021-03-12,active,VALID
deanna9732@upi,cust101989,axis,current,2024-05-29,active,VALID
michael9062@upi,cust105298,axis,current,2025-02-01,active,VALID
marcus4529@upi,cust108762,axis,credit_card_linked,2022-01-07,active,VALID
shawn4594@upi,cust102345,kotak,credit_card_linked,2025-03-25,active,VALID
thomas7608@upi,cust109284,sbi,credit_card_linked,2025-07-27,active,VALID
amanda9643@upi,cust105642,kotak,savings,2024-01-30,active,VALID
felicia7417@upi,cust108143,icici,savings,2025-04-30,active,VALID
daniel6848@upi,cust101638,sbi,savings,2024-11-18,active,VALID
michelle9166@upi,cust100319,pnb,savings,2025-04-17,active,VALID
terry9103@upi,cust108851,sbi,current,2024-07-08,active,VALID
billy9142@upi,cust105498,hdfc,savings,2023-02-22,active,VALID
steve6114@upi,cust109889,icici,current,2023-06-03,active,VALID
robin8742@upi,cust109137,hdfc,current,2024-08-14,active,VALID
bryan7978@upi,cust102336,sbi,savings,2024-07-10,suspended,VALID
alisha5009@upi,cust101601,hdfc,current,2023-05-25,active,VALID
joel1722@upi,cust108514,sbi,current,2025-03-19,active,VALID
danielle1166@upi,cust107673,icici,savings,2024-09-20,active,VALID
briana3985@upi,cust105836,axis,savings,2022-08-26,active,VALID
timothy3653@upi,cust106793,pnb,current,2024-09-12,active,VALID
jasmine9408@upi,cust102875,pnb,current,2025-04-28,active,VALID
steven5580@upi,cust105999,pnb,savings,2025-04-29,active,VALID
tanner1173@upi,cust109697,pnb,credit_card_linked,2025-08-05,active,VALID
timothy6915@upi,cust100455,sbi,current,2023-08-19,active,VALID
tony2323@upi,cust102792,sbi,credit_card_linked,2024-10-30,active,VALID
joshua9688@upi,cust108144,axis,credit_card_linked,2023-08-26,active,VALID
renee8629@upi,cust106868,hdfc,current,2021-01-22,active,VALID
laura1467@upi,cust107630,axis,credit_card_linked,2023-11-11,active,VALID
debra5251@upi,cust104947,pnb,current,2023-09-18,active,VALID
heather7879@upi,cust102199,icici,credit_card_linked,2024-10-07,active,VALID
alison5289@upi,cust102448,sbi,savings,2022-01-25,active,VALID
karen4855@upi,cust101167,sbi,savings,2022-03-04,blocked,VALID
darrell6593@upi,cust101021,icici,credit_card_linked,2024-05-01,active,VALID
jesse6886@upi,cust103126,hdfc,credit_card_linked,2025-04-07,suspended,VALID
tonya7127@upi,cust105712,axis,credit_card_linked,2024-11-21,active,VALID
kevin4453@upi,cust103219,axis,credit_card_linked,2023-07-19,active,VALID
amanda9891@upi,cust103729,icici,current,2022-04-14,active,VALID
cassandra2264@upi,cust102320,axis,credit_card_linked,2024-12-12,active,VALID
deborah3627@upi,cust101549,sbi,credit_card_linked,2022-10-01,active,VALID
janice1892@upi,cust109303,sbi,credit_card_linked,2024-02-29,active,VALID
colton6004@upi,cust108947,axis,credit_card_linked,2024-08-29,active,VALID
jon8471@upi,cust105460,hdfc,current,2023-02-26,suspended,VALID
kelsey7797@upi,cust100835,sbi,credit_card_linked,2025-03-05,active,VALID
jennifer3220@upi,cust103290,pnb,savings,2025-03-02,active,VALID
mary4363@upi,cust102227,pnb,savings,2025-04-09,active,VALID
michele8367@upi,cust104522,axis,credit_card_linked,2025-05-21,active,VALID
joshua9309@upi,cust105252,hdfc,credit_card_linked,2025-03-17,active,VALID
alexis4406@upi,cust103462,axis,savings,2024-06-18,active,VALID
lawrence2440@upi,cust108957,axis,credit_card_linked,2024-03-20,active,VALID
ricardo9670@upi,cust101024,hdfc,savings,2024-04-06,active,VALID
tommy1916@upi,cust107175,pnb,current,2025-02-05,active,VALID
olivia7540@upi,cust103128,axis,current,2021-09-16,active,VALID
lori7530@upi,cust107066,hdfc,savings,2024-11-09,active,VALID
dylan9503@upi,cust108129,hdfc,savings,2024-01-08,suspended,VALID
gabriella3672@upi,cust100781,axis,credit_card_linked,2022-11-08,blocked,VALID
thomas9781@upi,cust105946,kotak,current,2024-08-23,active,VALID
johnny2903@upi,cust105618,icici,savings,2023-11-04,active,VALID
roger2932@upi,cust109861,kotak,credit_card_linked,2025-04-18,active,VALID
angela9334@upi,cust104164,kotak,savings,2023-07-16,active,VALID
karen8105@upi,cust106515,sbi,savings,2023-12-28,active,VALID
chad6139@upi,cust102494,pnb,savings,2023-05-01,active,VALID
natalie9307@upi,cust101113,sbi,current,2025-03-27,active,VALID
teresa6963@upi,cust109049,axis,current,2025-03-03,suspended,VALID
jennifer6222@upi,cust101774,sbi,current,2023-10-11,active,VALID
ashley3131@upi,cust108860,kotak,credit_card_linked,2022-04-18,active,VALID
diana5682@upi,cust108842,axis,current,2025-07-26,active,VALID
michele1106@upi,cust107374,kotak,current,2024-09-24,active,VALID
shari6700@upi,cust104067,pnb,current,2024-12-17,active,VALID
brian6813@upi,cust102099,hdfc,savings,2021-06-28,active,VALID
matthew2473@upi,cust104121,kotak,credit_card_linked,2025-03-25,active,VALID
justin2809@upi,cust100743,sbi,current,2025-02-17,active,VALID
natalie3219@upi,cust100587,sbi,savings,2025-01-30,active,VALID
jennifer6320@upi,cust106776,kotak,savings,2023-08-21,active,VALID
james8459@upi,cust108713,icici,current,2024-10-03,active,VALID
phillip4901@upi,cust100477,kotak,credit_card_linked,2022-12-19,active,VALID
daniel9115@upi,cust107983,sbi,current,2025-01-22,active,VALID
ashley9386@upi,cust102791,pnb,current,2025-02-12,active,VALID
mark7083@upi,cust104378,axis,credit_card_linked,2025-03-18,suspended,VALID
joshua9087@upi,cust104017,icici,savings,2025-05-20,active,VALID
matthew6738@upi,cust106137,sbi,current,2024-06-29,active,VALID
rachel1368@upi,cust105846,axis,credit_card_linked,2023-07-30,active,VALID
paul1649@upi,cust106714,icici,savings,2025-05-07,active,VALID
pamela7848@upi,cust109388,sbi,savings,2024-02-15,active,VALID
heather9359@upi,cust104396,kotak,credit_card_linked,2025-01-26,active,VALID
jimmy4847@upi,cust101930,hdfc,credit_card_linked,2024-10-03,active,VALID
amanda6585@upi,cust109200,kotak,credit_card_linked,2024-06-28,active,VALID
karen2718@upi,cust101167,kotak,current,2022-07-17,active,VALID
samuel6096@upi,cust102424,hdfc,savings,2024-11-15,active,VALID
connor1707@upi,cust107545,sbi,savings,2023-06-20,active,VALID
phillip5576@upi,cust102100,hdfc,credit_card_linked,2022-08-21,active,VALID
kimberly4269@upi,cust101066,pnb,credit_card_linked,2024-09-23,active,VALID
matthew8724@upi,cust102205,sbi,savings,2022-10-20,active,VALID
alyssa5925@upi,cust107726,axis,current,2025-06-11,suspended,VALID
lori5035@upi,cust104700,hdfc,current,2025-04-01,active,VALID
mr.2215@upi,cust104812,pnb,credit_card_linked,2023-12-27,active,VALID
deborah6143@upi,cust105069,pnb,credit_card_linked,2025-01-13,active,VALID
rebecca9570@upi,cust107540,pnb,savings,2025-03-27,active,VALID
brandon5817@upi,cust107251,icici,current,2024-02-07,active,VALID
jacqueline4908@upi,cust101336,pnb,current,2023-02-27,suspended,VALID
jane6937@upi,cust107850,sbi,savings,2025-07-10,active,VALID
ronald3887@upi,cust105907,pnb,current,2024-08-06,active,VALID
patricia8082@upi,cust105171,kotak,credit_card_linked,2022-08-17,active,VALID
andrew3540@upi,cust104984,pnb,savings,2025-04-17,active,VALID
james5325@upi,cust108713,kotak,current,2023-11-01,active,VALID
derek5876@upi,cust106382,icici,savings,2024-10-10,active,VALID
jacqueline1576@upi,cust100428,sbi,credit_card_linked,2022-02-02,active,VALID
michele6128@upi,cust103405,sbi,current,2024-01-31,active,VALID
amy4545@upi,cust108605,pnb,credit_card_linked,2024-08-16,active,VALID
jennifer6845@upi,cust107440,hdfc,savings,2023-03-11,active,VALID
joseph2336@upi,cust105832,axis,credit_card_linked,2025-06-02,active,VALID
kayla6187@upi,cust102072,axis,savings,2024-11-08,active,VALID
debbie1043@upi,cust103700,sbi,current,2024-10-23,active,VALID
mitchell8586@upi,cust108205,icici,current,2021-07-17,active,VALID
sandra3227@upi,cust103369,hdfc,current,2023-09-27,active,VALID
brian2512@upi,cust109738,pnb,current,2025-04-18,active,VALID
adrian3456@upi,cust104519,axis,current,2025-01-04,active,VALID
joann9075@upi,cust101606,kotak,credit_card_linked,2025-07-14,active,VALID
tina9498@upi,cust109237,icici,savings,2025-02-08,active,VALID
shannon7779@upi,cust101540,pnb,credit_card_linked,2024-11-21,active,VALID
jennifer7911@upi,cust107879,axis,credit_card_linked,2024-03-29,active,VALID
derrick3992@upi,cust107010,icici,current,2025-05-20,active,VALID
mr.5887@upi,cust106237,kotak,savings,2024-03-16,active,VALID
eric6748@upi,cust107462,sbi,current,2024-08-15,active,VALID
tina9207@upi,cust101422,sbi,savings,2024-08-10,active,VALID
diane5334@upi,cust105371,kotak,credit_card_linked,2022-12-28,active,VALID
mark6806@upi,cust102445,pnb,savings,2024-07-21,active,VALID
bruce6219@upi,cust109151,hdfc,savings,2025-02-20,active,VALID
robin8627@upi,cust102004,sbi,credit_card_linked,2023-10-19,active,VALID
donald3067@upi,cust101129,sbi,current,2023-07-18,active,VALID
roberto1944@upi,cust100658,kotak,current,2025-07-11,active,VALID
carol2229@upi,cust100402,sbi,current,2024-07-10,active,VALID
christina2362@upi,cust108953,kotak,credit_card_linked,2025-03-27,active,VALID
crystal9530@upi,cust108741,pnb,current,2025-07-20,active,VALID
karen1926@upi,cust106710,pnb,current,2024-04-04,active,VALID
patrick9524@upi,cust100811,hdfc,current,2023-12-13,active,VALID
william6040@upi,cust102755,hdfc,savings,2023-12-15,suspended,VALID
ms.3899@upi,cust106746,pnb,current,2025-03-26,active,VALID
eric5538@upi,cust109443,pnb,credit_card_linked,2025-06-04,active,VALID
kristin1775@upi,cust102159,pnb,savings,2025-06-08,active,VALID
robert9394@upi,cust103889,hdfc,credit_card_linked,2025-01-04,active,VALID
brandon1821@upi,cust107327,hdfc,current,2023-05-23,active,VALID
gabriel1119@upi,cust109289,sbi,current,2023-05-07,active,VALID
rachel8778@upi,cust102848,sbi,current,2024-12-24,active,VALID
justin4397@upi,cust105245,kotak,savings,2023-11-21,active,VALID
connor6492@upi,cust109213,pnb,current,2023-06-03,active,VALID
miss9642@upi,cust103177,kotak,savings,2022-04-18,active,VALID
christopher4881@upi,cust102989,axis,savings,2025-07-07,active,VALID
william3097@upi,cust102603,sbi,current,2022-08-03,active,VALID
mrs.7788@upi,cust104293,axis,savings,2024-07-08,active,VALID
susan2297@upi,cust105317,icici,credit_card_linked,2023-01-17,active,VALID
sara5158@upi,cust104219,axis,current,2023-08-20,active,VALID
judy4284@upi,cust103414,axis,credit_card_linked,2023-04-16,active,VALID
veronica6070@upi,cust101626,icici,credit_card_linked,2025-03-03,active,VALID
christopher2523@upi,cust107068,hdfc,savings,2025-08-05,active,VALID
michael1324@upi,cust109570,axis,credit_card_linked,2025-06-16,active,VALID
cathy1990@upi,cust109305,kotak,savings,2024-03-16,active,VALID
michael9974@upi,cust100458,axis,savings,2024-10-16,active,VALID
ms.7235@upi,cust109434,icici,credit_card_linked,2025-04-05,active,VALID
tiffany7923@upi,cust102369,kotak,current,2025-05-12,active,VALID
alexa2063@upi,cust107180,kotak,current,2025-03-24,active,VALID
brian8015@upi,cust108456,hdfc,current,2025-04-07,active,VALID
douglas2683@upi,cust101736,hdfc,credit_card_linked,2023-05-12,active,VALID
meghan5140@upi,cust105698,pnb,current,2020-11-09,active,VALID
barbara3976@upi,cust103524,pnb,credit_card_linked,2022-05-15,active,VALID
nancy8139@upi,cust107525,axis,credit_card_linked,2025-06-22,active,VALID
matthew8013@upi,cust108224,hdfc,current,2023-11-26,active,VALID
miguel1068@upi,cust103655,hdfc,savings,2021-09-28,active,VALID
lori7659@upi,cust106299,hdfc,savings,2025-07-17,active,VALID
donna2981@upi,cust102676,axis,current,2022-01-07,active,VALID
debbie8117@upi,cust106792,axis,savings,2025-03-31,active,VALID
scott5664@upi,cust103086,axis,savings,2025-08-02,active,VALID
michael2305@upi,cust105385,icici,current,2022-08-31,active,VALID
adam8534@upi,cust108140,pnb,credit_card_linked,2025-01-30,active,VALID
kristina4199@upi,cust104976,pnb,current,2023-07-04,suspended,VALID
jamie8530@upi,cust101377,pnb,savings,2025-04-04,active,VALID
kerri6908@upi,cust101309,sbi,current,2023-10-12,suspended,VALID
jason3072@upi,cust106228,hdfc,savings,2025-07-20,active,VALID
audrey8468@upi,cust108012,sbi,savings,2025-05-12,active,VALID
gregory6213@upi,cust106829,sbi,savings,2025-07-16,active,VALID
crystal2583@upi,cust103959,sbi,savings,2024-09-16,active,VALID
tara5085@upi,cust101423,hdfc,credit_card_linked,2024-03-21,active,VALID
christopher6554@upi,cust100842,icici,current,2024-11-26,suspended,VALID
patricia8765@upi,cust108189,icici,savings,2025-05-29,active,VALID
christopher8933@upi,cust102175,hdfc,credit_card_linked,2024-12-27,active,VALID
david7161@upi,cust107546,axis,current,2023-08-17,active,VALID
david7164@upi,cust107113,kotak,credit_card_linked,2023-02-18,active,VALID
jacob2735@upi,cust109169,icici,credit_card_linked,2024-09-01,active,VALID
kelly5023@upi,cust100758,pnb,savings,2024-02-21,active,VALID
catherine6243@upi,cust104210,kotak,savings,2024-08-23,active,VALID
valerie8281@upi,cust106425,hdfc,current,2024-11-15,active,VALID
robert1166@upi,cust101752,axis,savings,2025-02-27,active,VALID
christina9835@upi,cust101192,icici,credit_card_linked,2023-06-13,active,VALID
kent2230@upi,cust105918,axis,savings,2024-09-08,active,VALID
michael2928@upi,cust103034,pnb,savings,2024-03-21,active,VALID
dr.7691@upi,cust104670,pnb,current,2023-07-22,active,VALID
jacob8341@upi,cust105571,icici,savings,2023-03-07,active,VALID
tiffany5123@upi,cust102400,kotak,savings,2024-01-20,active,VALID
rachel8963@upi,cust104012,sbi,credit_card_linked,2024-08-31,active,VALID
eric8421@upi,cust104265,hdfc,savings,2025-01-18,active,VALID
kristen6041@upi,cust109146,hdfc,current,2023-01-23,active,VALID
william6026@upi,cust102139,icici,credit_card_linked,2024-03-22,blocked,VALID
anthony4867@upi,cust105396,icici,current,2025-04-10,active,VALID
colin3217@upi,cust102446,pnb,savings,2025-06-22,active,VALID
alex5124@upi,cust103348,axis,credit_card_linked,2025-03-12,suspended,VALID
shawn9424@upi,cust102345,sbi,current,2022-09-11,active,VALID
glenn3549@upi,cust107288,pnb,savings,2024-10-02,active,VALID
mary2576@upi,cust107345,hdfc,credit_card_linked,2023-11-25,active,VALID
billy2433@upi,cust108702,kotak,savings,2024-09-20,active,VALID
katherine4931@upi,cust108268,pnb,current,2024-05-04,active,VALID
ana5219@upi,cust100900,axis,current,2024-01-10,active,VALID
andrew1098@upi,cust107938,axis,current,2025-01-02,active,VALID
jordan4803@upi,cust100996,axis,credit_card_linked,2025-08-05,active,VALID
joseph5526@upi,cust105728,sbi,savings,2023-07-17,active,VALID
david8413@upi,cust104039,pnb,credit_card_linked,2020-12-04,active,VALID
kevin8140@upi,cust103021,icici,credit_card_linked,2025-08-04,active,VALID
laura3391@upi,cust103628,sbi,credit_card_linked,2025-02-24,active,VALID
bill2210@upi,cust108122,kotak,savings,2024-09-22,active,VALID
jonathan9794@upi,cust106908,pnb,savings,2024-09-08,active,VALID
brian2893@upi,cust103836,pnb,current,2023-05-13,active,VALID
kara7484@upi,cust106424,pnb,current,2025-03-21,active,VALID
james9408@upi,cust100840,kotak,current,2024-08-22,active,VALID
lori9689@upi,cust105185,sbi,current,2025-05-09,active,VALID
amber7050@upi,cust101970,sbi,current,2025-06-18,suspended,VALID
douglas8034@upi,cust105155,hdfc,credit_card_linked,2025-03-16,active,VALID
amanda8234@upi,cust103608,icici,savings,2024-03-09,active,VALID
steven8502@upi,cust104584,kotak,credit_card_linked,2023-05-29,active,VALID
jack6986@upi,cust109911,pnb,savings,2025-06-20,active,VALID
pamela8132@upi,cust105713,axis,current,2022-11-06,active,VALID
steven7750@upi,cust107815,hdfc,current,2024-10-08,active,VALID
kayla1812@upi,cust102072,kotak,current,2025-02-26,active,VALID
jay1920@upi,cust108464,pnb,credit_card_linked,2025-06-14,active,VALID
thomas5919@upi,cust106092,icici,credit_card_linked,2023-03-14,active,VALID
neil5273@upi,cust104655,kotak,credit_card_linked,2024-10-20,active,VALID
bryan7880@upi,cust102336,sbi,current,2024-10-07,active,VALID
sandra7819@upi,cust104772,hdfc,savings,2025-07-29,active,VALID
jorge1664@upi,cust103322,pnb,current,2024-12-05,active,VALID
john3156@upi,cust109986,pnb,current,2025-03-26,active,VALID
regina3629@upi,cust108774,kotak,savings,2025-05-13,active,VALID
matthew2631@upi,cust108479,axis,savings,2024-02-28,active,VALID
cameron2394@upi,cust103782,axis,credit_card_linked,2024-09-05,active,VALID
james9640@upi,cust109315,axis,credit_card_linked,2023-09-10,active,VALID
scott9195@upi,cust109962,icici,current,2023-12-26,active,VALID
steven2540@upi,cust105999,sbi,credit_card_linked,2025-01-30,active,VALID
mr.7800@upi,cust104892,axis,credit_card_linked,2025-01-06,active,VALID
ray1251@upi,cust108368,pnb,current,2024-01-22,active,VALID
ryan3152@upi,cust106679,kotak,credit_card_linked,2025-03-15,active,VALID
madison9106@upi,cust102734,kotak,current,2023-01-08,active,VALID
kimberly3258@upi,cust102098,icici,current,2021-11-06,active,VALID
maria3700@upi,cust107337,sbi,current,2025-04-17,active,VALID
diana1317@upi,cust103181,sbi,savings,2025-02-25,active,VALID
courtney2081@upi,cust106506,kotak,credit_card_linked,2024-09-17,active,VALID
travis1067@upi,cust100434,hdfc,current,2022-01-30,active,VALID
brett5385@upi,cust107236,sbi,credit_card_linked,2025-07-15,active,VALID
tammy5519@upi,cust109005,hdfc,current,2025-06-09,active,VALID
robert5769@upi,cust102819,icici,credit_card_linked,2023-11-19,active,VALID
elijah4245@upi,cust103919,axis,savings,2023-07-23,active,VALID
rebecca2166@upi,cust107021,pnb,current,2024-03-23,active,VALID
michael7320@upi,cust107482,pnb,credit_card_linked,2025-06-08,active,VALID
shelby7652@upi,cust109827,kotak,credit_card_linked,2023-07-26,active,VALID
caitlin3725@upi,cust102200,hdfc,savings,2024-06-24,active,VALID
david2720@upi,cust106429,sbi,credit_card_linked,2022-12-14,active,VALID
michael3636@upi,cust109196,pnb,credit_card_linked,2021-10-05,active,VALID
aaron6119@upi,cust102464,icici,savings,2024-11-02,active,VALID
colleen2245@upi,cust105930,kotak,savings,2023-09-26,active,VALID
ashley4913@upi,cust100649,sbi,current,2023-10-18,active,VALID
eric9032@upi,cust109443,sbi,savings,2025-05-16,active,VALID
jennifer2041@upi,cust101955,hdfc,current,2022-10-03,active,VALID
tonya6935@upi,cust109503,axis,current,2025-07-28,active,VALID
billy6040@upi,cust102939,hdfc,credit_card_linked,2025-04-04,active,VALID
rachael2646@upi,cust100697,kotak,current,2021-02-17,suspended,VALID
gregory7049@upi,cust108091,sbi,current,2024-03-27,active,VALID
robert4529@upi,cust105809,sbi,current,2023-10-08,active,VALID
teresa9931@upi,cust109049,pnb,current,2025-02-25,active,VALID
alicia1823@upi,cust105656,axis,savings,2025-02-25,active,VALID
claudia5483@upi,cust103866,axis,current,2025-07-11,active,VALID
susan9866@upi,cust102120,hdfc,current,2024-06-24,active,VALID
emily8230@upi,cust101776,axis,credit_card_linked,2024-11-08,active,VALID
henry3370@upi,cust104571,icici,savings,2021-12-14,active,VALID
kathleen5851@upi,cust105281,hdfc,credit_card_linked,2024-03-19,active,VALID
andre1451@upi,cust104234,pnb,savings,2023-12-01,active,VALID
paula7274@upi,cust106750,icici,credit_card_linked,2024-09-03,active,VALID
timothy4010@upi,cust105021,axis,credit_card_linked,2025-02-03,active,VALID
jessica6327@upi,cust104876,axis,credit_card_linked,2022-04-12,active,VALID
william2970@upi,cust104970,sbi,savings,2022-08-19,active,VALID
william6168@upi,cust103439,sbi,current,2025-03-29,active,VALID
kevin3943@upi,cust100080,pnb,current,2024-04-22,active,VALID
brianna2984@upi,cust108299,sbi,savings,2025-05-30,active,VALID
ashley2876@upi,cust106542,icici,savings,2022-03-19,active,VALID
william6699@upi,cust106277,kotak,current,2022-06-06,active,VALID
kathleen1319@upi,cust107343,kotak,credit_card_linked,2024-12-16,active,VALID
dustin4617@upi,cust104774,kotak,current,2023-07-10,active,VALID
jessica1728@upi,cust100547,kotak,credit_card_linked,2021-11-12,active,VALID
matthew8621@upi,cust108347,kotak,credit_card_linked,2024-08-23,active,VALID
roberta8043@upi,cust107233,icici,current,2025-04-21,active,VALID
amanda3213@upi,cust106466,sbi,current,2024-03-10,active,VALID
alex9564@upi,cust108681,kotak,credit_card_linked,2025-07-11,active,VALID
justin2678@upi,cust106544,axis,current,2025-05-07,active,VALID
kimberly6800@upi,cust108777,kotak,credit_card_linked,2025-07-04,active,VALID
francisco5517@upi,cust104904,axis,current,2024-10-10,active,VALID
julie4802@upi,cust104800,pnb,savings,2023-07-08,blocked,VALID
brenda1341@upi,cust102109,axis,current,2023-11-14,active,VALID
jennifer1659@upi,cust105377,axis,savings,2024-01-07,active,VALID
ashley6499@upi,cust104257,axis,current,2024-04-22,active,VALID
mary2974@upi,cust109778,kotak,savings,2024-10-19,active,VALID
james3800@upi,cust104803,axis,credit_card_linked,2022-08-26,active,VALID
eric2793@upi,cust105354,axis,savings,2021-10-03,active,VALID
valerie6987@upi,cust104160,axis,credit_card_linked,2025-05-24,active,VALID
donna1168@upi,cust109430,icici,current,2025-06-29,active,VALID
amber7384@upi,cust107517,hdfc,current,2025-02-05,active,VALID
matthew9846@upi,cust105997,sbi,savings,2025-01-19,active,VALID
michael2846@upi,cust103538,pnb,current,2023-10-12,active,VALID
mr.2013@upi,cust107734,hdfc,credit_card_linked,2024-05-06,active,VALID
thomas8621@upi,cust108360,kotak,current,2025-06-26,active,VALID
alicia4202@upi,cust103693,hdfc,savings,2024-02-24,active,VALID
michelle7269@upi,cust105988,kotak,savings,2025-04-10,active,VALID
michele4060@upi,cust107374,axis,current,2022-03-31,active,VALID
mrs.1058@upi,cust106247,kotak,credit_card_linked,2025-04-02,active,VALID
richard5777@upi,cust102793,icici,credit_card_linked,2025-06-23,active,VALID
eric5522@upi,cust107985,sbi,current,2025-07-05,active,VALID
alyssa6894@upi,cust102932,axis,current,2024-09-28,active,VALID
hannah7773@upi,cust109795,axis,credit_card_linked,2023-03-16,active,VALID
samuel9293@upi,cust105099,hdfc,current,2023-02-22,suspended,VALID
deanna7711@upi,cust107072,axis,current,2023-12-08,active,VALID
joseph5817@upi,cust108666,icici,current,2023-02-10,active,VALID
austin9866@upi,cust106666,icici,current,2022-10-25,active,VALID
justin9329@upi,cust102416,pnb,savings,2025-07-30,blocked,VALID
heather3448@upi,cust108207,sbi,credit_card_linked,2023-11-13,blocked,VALID
victoria2623@upi,cust105521,axis,savings,2023-05-22,active,VALID
ashlee2224@upi,cust105033,hdfc,current,2024-11-23,active,VALID
alexander9595@upi,cust106582,sbi,credit_card_linked,2024-08-11,active,VALID
dr.2988@upi,cust101155,hdfc,credit_card_linked,2023-10-15,active,VALID
elizabeth7230@upi,cust108944,pnb,savings,2025-08-04,active,VALID
lisa7448@upi,cust105965,kotak,current,2024-09-09,active,VALID
victoria8989@upi,cust102565,hdfc,credit_card_linked,2025-03-12,active,VALID
nancy3280@upi,cust102901,sbi,savings,2024-05-27,active,VALID
andrew2718@upi,cust101109,pnb,credit_card_linked,2025-06-26,active,VALID
rebecca1877@upi,cust105093,pnb,credit_card_linked,2024-09-17,active,VALID
billy9258@upi,cust101707,icici,current,2025-07-29,active,VALID
cynthia1443@upi,cust108926,axis,savings,2023-03-29,active,VALID
dylan7303@upi,cust100975,kotak,savings,2024-11-23,active,VALID
kenneth4416@upi,cust102497,kotak,savings,2021-07-03,active,VALID
shannon1848@upi,cust103014,pnb,savings,2025-01-21,active,VALID
jessica9317@upi,cust100547,sbi,current,2022-11-23,blocked,VALID
gina1191@upi,cust105104,kotak,current,2024-01-10,active,VALID
mark4728@upi,cust102271,hdfc,credit_card_linked,2025-06-14,active,VALID
jennifer2530@upi,cust106822,axis,savings,2025-02-11,active,VALID
thomas5222@upi,cust100338,kotak,current,2024-08-31,active,VALID
melissa3449@upi,cust103888,kotak,credit_card_linked,2025-07-01,active,VALID
paul3360@upi,cust109180,hdfc,credit_card_linked,2025-04-08,active,VALID
lori3059@upi,cust103938,hdfc,current,2023-01-28,active,VALID
jonathon3533@upi,cust103474,icici,current,2021-01-13,active,VALID
tanya7316@upi,cust100630,sbi,savings,2022-05-29,active,VALID
thomas6659@upi,cust101139,sbi,savings,2023-07-30,active,VALID
samuel6596@upi,cust107309,pnb,credit_card_linked,2023-07-30,suspended,VALID
samuel9333@upi,cust108692,axis,savings,2023-07-11,active,VALID
patricia8669@upi,cust101266,hdfc,savings,2024-10-29,active,VALID
renee8165@upi,cust102329,pnb,current,2025-08-04,suspended,VALID
catherine8915@upi,cust102356,pnb,savings,2025-07-25,active,VALID
mark3541@upi,cust106727,icici,credit_card_linked,2023-12-02,active,VALID
kimberly6596@upi,cust105816,icici,credit_card_linked,2025-07-28,active,VALID
edward9370@upi,cust108663,kotak,current,2023-04-24,active,VALID
teresa2707@upi,cust102679,kotak,current,2025-04-28,active,VALID
andrew1175@upi,cust103817,axis,current,2024-11-14,active,VALID
eric1204@upi,cust108734,hdfc,savings,2024-02-18,active,VALID
zachary7240@upi,cust100245,kotak,current,2024-07-19,active,VALID
stacy1430@upi,cust101555,axis,savings,2025-04-15,active,VALID
sarah7773@upi,cust100626,hdfc,credit_card_linked,2023-06-03,active,VALID
joseph9568@upi,cust106070,kotak,current,2025-06-30,active,VALID
kara1427@upi,cust107479,pnb,savings,2024-05-17,active,VALID
anthony5447@upi,cust105784,pnb,current,2024-09-27,active,VALID
diane3689@upi,cust108948,icici,credit_card_linked,2024-09-23,active,VALID
christopher5515@upi,cust109183,hdfc,credit_card_linked,2025-07-18,suspended,VALID
lisa6307@upi,cust104474,icici,credit_card_linked,2022-02-09,active,VALID
melissa4397@upi,cust103546,icici,credit_card_linked,2023-02-17,active,VALID
melinda3534@upi,cust101948,pnb,savings,2025-03-14,active,VALID
steven2495@upi,cust105999,axis,credit_card_linked,2024-09-04,blocked,VALID
melissa2274@upi,cust102642,sbi,savings,2023-05-29,active,VALID
joshua5462@upi,cust107706,pnb,current,2024-12-08,active,VALID
dr.2195@upi,cust101815,kotak,credit_card_linked,2025-07-04,active,VALID
thomas6715@upi,cust100022,sbi,current,2025-01-16,active,VALID
william6484@upi,cust109683,axis,savings,2024-07-27,active,VALID
kristen1154@upi,cust105220,hdfc,current,2024-04-18,active,VALID
erika8592@upi,cust108254,sbi,savings,2023-06-21,active,VALID
debra8878@upi,cust108329,kotak,savings,2024-02-08,active,VALID
alexa1039@upi,cust102154,axis,current,2023-07-23,active,VALID
belinda9088@upi,cust102943,sbi,savings,2024-08-01,active,VALID
robert7102@upi,cust101660,hdfc,savings,2025-03-12,active,VALID
zachary7328@upi,cust101349,sbi,current,2024-04-09,active,VALID
deborah5509@upi,cust103088,kotak,savings,2020-11-04,active,VALID
andrea2749@upi,cust106456,axis,credit_card_linked,2025-02-14,active,VALID
patrick5525@upi,cust102095,hdfc,current,2025-04-17,active,VALID
stacy9454@upi,cust106570,axis,current,2022-11-17,active,VALID
wendy5275@upi,cust106464,sbi,credit_card_linked,2025-06-08,active,VALID
michael4369@upi,cust104866,icici,current,2024-11-01,active,VALID
jessica8312@upi,cust100746,pnb,savings,2023-03-17,active,VALID
douglas6146@upi,cust102063,kotak,credit_card_linked,2024-12-01,active,VALID
martha8119@upi,cust105919,hdfc,current,2022-02-13,active,VALID
vanessa6000@upi,cust105178,hdfc,savings,2025-02-14,active,VALID
christopher8435@upi,cust106606,icici,savings,2023-04-29,active,VALID
jose3004@upi,cust101551,icici,savings,2023-11-23,active,VALID
william3425@upi,cust101690,sbi,savings,2023-10-22,active,VALID
richard6266@upi,cust102883,icici,savings,2025-07-28,active,VALID
ruben9356@upi,cust102078,pnb,savings,2025-07-22,active,VALID
kayla3383@upi,cust102072,axis,savings,2025-05-18,active,VALID
rachel4907@upi,cust101589,icici,current,2021-07-01,active,VALID
david7724@upi,cust100311,kotak,credit_card_linked,2024-11-06,blocked,VALID
christopher9946@upi,cust103806,kotak,credit_card_linked,2025-07-12,active,VALID
diane8969@upi,cust107614,kotak,current,2025-02-08,active,VALID
walter2721@upi,cust105686,sbi,savings,2025-07-22,active,VALID
lisa4866@upi,cust108051,icici,current,2025-07-23,active,VALID
nathaniel8611@upi,cust102935,icici,savings,2022-08-16,active,VALID
joel4333@upi,cust108802,hdfc,credit_card_linked,2025-02-25,active,VALID
richard9233@upi,cust109514,axis,current,2023-05-05,active,VALID
todd9080@upi,cust108326,axis,current,2023-04-04,active,VALID
kendra4529@upi,cust109939,axis,credit_card_linked,2024-08-13,active,VALID
russell8928@upi,cust103379,sbi,credit_card_linked,2023-09-30,active,VALID
melissa4042@upi,cust104925,icici,current,2023-08-18,active,VALID
jennifer2066@upi,cust101507,icici,credit_card_linked,2025-01-31,active,VALID
tyler6064@upi,cust103300,pnb,credit_card_linked,2024-11-22,active,VALID
amy5532@upi,cust103639,axis,savings,2024-09-21,active,VALID
michael3468@upi,cust106189,sbi,savings,2024-02-21,active,VALID
jesse1630@upi,cust107139,pnb,savings,2024-12-26,suspended,VALID
jason8422@upi,cust107106,hdfc,savings,2023-12-03,active,VALID
patricia9651@upi,cust108513,pnb,credit_card_linked,2025-06-15,active,VALID
william5636@upi,cust103590,hdfc,current,2021-07-13,active,VALID
andrew8892@upi,cust105566,icici,current,2024-11-16,active,VALID
marisa1855@upi,cust100872,kotak,credit_card_linked,2025-07-18,active,VALID
alexandria7036@upi,cust100388,axis,current,2025-06-25,active,VALID
john6160@upi,cust104442,icici,savings,2023-09-07,active,VALID
daniel9083@upi,cust106110,kotak,current,2024-05-17,active,VALID
francisco7123@upi,cust109579,hdfc,current,2024-11-08,active,VALID
megan3789@upi,cust109254,hdfc,credit_card_linked,2025-04-03,blocked,VALID
lauren1710@upi,cust105115,hdfc,savings,2024-08-04,active,VALID
robert6040@upi,cust103889,pnb,current,2025-01-05,active,VALID
benjamin6965@upi,cust106130,sbi,savings,2024-04-03,active,VALID
richard2453@upi,cust109961,sbi,credit_card_linked,2023-09-09,active,VALID
samantha8299@upi,cust108298,pnb,current,2025-05-26,active,VALID
matthew6764@upi,cust104289,axis,credit_card_linked,2025-06-18,blocked,VALID
matthew1659@upi,cust101674,axis,credit_card_linked,2025-03-12,active,VALID
stacey1662@upi,cust106548,sbi,savings,2023-04-29,active,VALID
lauren3047@upi,cust100689,icici,current,2022-04-06,active,VALID
todd8982@upi,cust102954,pnb,current,2024-05-23,active,VALID
philip4428@upi,cust104022,icici,current,2024-11-27,active,VALID
kimberly9570@upi,cust106896,axis,credit_card_linked,2024-09-15,active,VALID
elizabeth2288@upi,cust105615,hdfc,savings,2024-11-25,suspended,VALID
tyler3291@upi,cust102770,kotak,savings,2025-01-13,active,VALID
neil5944@upi,cust104655,hdfc,savings,2024-09-29,active,VALID
robin9386@upi,cust107310,axis,credit_card_linked,2024-09-14,active,VALID
stephanie1889@upi,cust104728,kotak,current,2025-05-29,active,VALID
michael1459@upi,cust106650,icici,current,2025-06-26,active,VALID
robin2446@upi,cust103008,sbi,savings,2025-07-17,active,VALID
michael2433@upi,cust101002,axis,savings,2025-06-28,active,VALID
david7095@upi,cust109966,kotak,credit_card_linked,2025-06-08,active,VALID
katherine4524@upi,cust101523,pnb,current,2025-07-25,suspended,VALID
preston7718@upi,cust108601,pnb,savings,2024-12-19,active,VALID
gloria6922@upi,cust107808,sbi,credit_card_linked,2024-03-16,active,VALID
marilyn6023@upi,cust100603,kotak,current,2024-12-25,active,VALID
jeremy2892@upi,cust101432,pnb,credit_card_linked,2025-05-13,active,VALID
morgan7749@upi,cust108962,axis,savings,2024-02-22,active,VALID
richard3977@upi,cust107636,axis,credit_card_linked,2024-07-15,active,VALID
kimberly9892@upi,cust101804,kotak,current,2025-07-16,active,VALID
rebecca1763@upi,cust107540,sbi,savings,2025-02-26,active,VALID
kevin2384@upi,cust100886,axis,current,2024-05-27,blocked,VALID
melanie4696@upi,cust108682,axis,savings,2025-05-03,active,VALID
carrie8739@upi,cust109181,sbi,credit_card_linked,2023-02-01,active,VALID
tina9543@upi,cust103018,axis,credit_card_linked,2022-07-07,active,VALID
stephanie2323@upi,cust102560,sbi,savings,2025-07-03,active,VALID
howard4180@upi,cust109891,sbi,savings,2021-11-04,active,VALID
michelle3722@upi,cust104691,icici,savings,2021-11-11,active,VALID
stephanie8404@upi,cust109250,pnb,current,2025-07-25,active,VALID
courtney3045@upi,cust100718,hdfc,current,2021-09-02,active,VALID
michelle8699@upi,cust100759,pnb,savings,2025-03-03,active,VALID
alvin5871@upi,cust106489,axis,credit_card_linked,2025-05-02,active,VALID
mrs.2842@upi,cust100643,pnb,credit_card_linked,2021-03-12,active,VALID
stephanie4165@upi,cust101452,pnb,savings,2021-07-11,active,VALID
katie5886@upi,cust102523,icici,current,2022-04-28,active,VALID
cindy5401@upi,cust100298,axis,credit_card_linked,2024-02-15,active,VALID
lauren5459@upi,cust102987,icici,current,2025-03-15,active,VALID
amy5371@upi,cust107894,axis,savings,2022-07-21,active,VALID
edward9686@upi,cust106615,hdfc,current,2023-04-06,active,VALID
troy2114@upi,cust107000,pnb,savings,2023-03-29,active,VALID
rebecca2889@upi,cust105154,kotak,savings,2024-05-13,active,VALID
michael8418@upi,cust109942,hdfc,current,2024-11-25,active,VALID
kevin6362@upi,cust105129,hdfc,savings,2025-04-09,active,VALID
kevin8577@upi,cust108008,pnb,current,2021-12-28,active,VALID
carla6695@upi,cust101333,axis,savings,2023-11-01,active,VALID
jeffrey4416@upi,cust101282,hdfc,current,2025-07-31,active,VALID
robert8097@upi,cust100279,pnb,savings,2022-05-25,active,VALID
daniel1996@upi,cust107844,icici,current,2023-03-31,active,VALID
kenneth1428@upi,cust106200,axis,savings,2022-09-09,active,VALID
joan2087@upi,cust107933,kotak,savings,2025-06-21,active,VALID
mario9065@upi,cust106494,axis,current,2025-02-24,active,VALID
scott5751@upi,cust103562,sbi,savings,2025-03-25,active,VALID
brandon8367@upi,cust105256,sbi,savings,2025-05-20,active,VALID
ana1492@upi,cust100900,pnb,current,2024-05-02,active,VALID
kimberly7260@upi,cust109339,icici,current,2022-03-07,active,VALID
amanda7353@upi,cust101961,sbi,current,2025-07-18,active,VALID
sabrina8429@upi,cust103125,hdfc,savings,2024-12-30,active,VALID
jillian4926@upi,cust104605,axis,savings,2025-02-02,active,VALID
devon8389@upi,cust106127,kotak,current,2021-09-28,active,VALID
frank3498@upi,cust100421,kotak,credit_card_linked,2025-06-06,active,VALID
wayne8925@upi,cust109985,kotak,credit_card_linked,2022-09-23,active,VALID
phillip7864@upi,cust107280,pnb,current,2025-04-01,active,VALID
michelle4521@upi,cust107922,hdfc,savings,2025-07-07,active,VALID
samantha7019@upi,cust109669,icici,current,2025-03-15,blocked,VALID
tammy4226@upi,cust106780,sbi,savings,2025-07-23,suspended,VALID
joseph6223@upi,cust109747,hdfc,savings,2021-12-25,active,VALID
christopher7661@upi,cust101858,icici,credit_card_linked,2025-01-07,active,VALID
angela9015@upi,cust104071,kotak,current,2021-07-07,active,VALID
caitlin3521@upi,cust108220,icici,credit_card_linked,2022-12-06,active,VALID
rebecca5920@upi,cust101199,icici,credit_card_linked,2024-10-30,active,VALID
russell7004@upi,cust104328,sbi,credit_card_linked,2024-06-26,active,VALID
joel7118@upi,cust102994,hdfc,current,2025-06-04,suspended,VALID
jane3305@upi,cust108163,axis,current,2024-03-26,active,VALID
teresa3111@upi,cust105090,icici,current,2025-05-02,active,VALID
jesse8135@upi,cust105596,icici,current,2024-07-03,active,VALID
chelsea8030@upi,cust103130,pnb,credit_card_linked,2023-01-26,active,VALID
shelly7592@upi,cust107608,sbi,credit_card_linked,2025-04-11,active,VALID
brian1992@upi,cust108742,axis,current,2021-09-10,active,VALID
amy6264@upi,cust101134,axis,current,2022-11-14,active,VALID
christian3195@upi,cust102137,icici,savings,2025-06-25,active,VALID
joshua8524@upi,cust106395,pnb,savings,2025-07-20,active,VALID
heather6107@upi,cust104396,pnb,savings,2025-03-20,active,VALID
sonya8503@upi,cust109616,sbi,credit_card_linked,2025-04-17,active,VALID
austin2467@upi,cust101334,icici,savings,2021-02-17,active,VALID
david6553@upi,cust107918,kotak,credit_card_linked,2022-08-31,suspended,VALID
cameron7744@upi,cust102750,sbi,current,2024-11-07,active,VALID
michael5879@upi,cust104124,kotak,credit_card_linked,2025-07-02,active,VALID
brett4978@upi,cust102323,axis,savings,2025-07-20,active,VALID
william1588@upi,cust104129,hdfc,current,2025-04-03,active,VALID
tracy6003@upi,cust102404,hdfc,current,2025-08-04,active,VALID
stephanie5444@upi,cust104464,pnb,credit_card_linked,2025-05-12,active,VALID
mrs.2655@upi,cust106330,hdfc,savings,2024-06-30,active,VALID
lindsey4880@upi,cust106154,pnb,savings,2023-06-18,active,VALID
nicole5034@upi,cust104310,icici,current,2025-04-01,active,VALID
mary5130@upi,cust107960,hdfc,current,2024-06-19,active,VALID
jennifer8924@upi,cust103843,sbi,current,2025-06-23,active,VALID
katrina9859@upi,cust104626,axis,current,2023-12-02,active,VALID
ian4053@upi,cust109995,icici,credit_card_linked,2025-03-06,active,VALID
traci7081@upi,cust101094,icici,savings,2023-03-04,active,VALID
amanda9696@upi,cust104465,axis,savings,2024-08-30,active,VALID
sheryl5773@upi,cust108092,axis,savings,2024-07-22,active,VALID
joseph2871@upi,cust109572,pnb,savings,2024-04-01,active,VALID
nicholas7832@upi,cust103778,hdfc,credit_card_linked,2023-01-14,active,VALID
rebecca8982@upi,cust103640,icici,savings,2023-06-21,active,VALID
eddie7942@upi,cust102737,pnb,savings,2025-01-06,active,VALID
jenna6959@upi,cust101055,kotak,savings,2024-01-19,active,VALID
jenny9558@upi,cust107399,icici,current,2022-06-23,active,VALID
john8232@upi,cust109541,pnb,credit_card_linked,2021-10-18,active,VALID
jennifer6983@upi,cust109191,sbi,current,2025-04-22,active,VALID
debbie7550@upi,cust103700,kotak,current,2022-09-07,active,VALID
marc8618@upi,cust106438,kotak,savings,2025-02-27,active,VALID
lucas2196@upi,cust105962,sbi,credit_card_linked,2024-10-29,active,VALID
mitchell9705@upi,cust106753,hdfc,current,2023-09-15,active,VALID
david9306@upi,cust105554,icici,current,2025-08-02,active,VALID
stephanie1164@upi,cust100034,icici,savings,2025-07-01,active,VALID
nancy3129@upi,cust109587,hdfc,savings,2024-04-20,active,VALID
christine4872@upi,cust108638,axis,current,2025-07-17,active,VALID
adam2139@upi,cust100392,hdfc,credit_card_linked,2022-07-15,active,VALID
lauren7576@upi,cust102316,sbi,savings,2024-11-22,active,VALID
travis1916@upi,cust101141,axis,credit_card_linked,2023-08-19,active,VALID
michelle3405@upi,cust105874,axis,credit_card_linked,2024-12-22,active,VALID
alyssa9335@upi,cust104725,icici,savings,2021-10-03,active,VALID
monica4230@upi,cust104544,icici,savings,2024-04-12,active,VALID
chase4375@upi,cust100201,hdfc,savings,2024-11-01,active,VALID
robert5538@upi,cust101201,kotak,credit_card_linked,2025-03-14,active,VALID
thomas4951@upi,cust104672,hdfc,savings,2023-12-11,active,VALID
monique2758@upi,cust100918,icici,credit_card_linked,2024-06-08,active,VALID
bianca7149@upi,cust107313,hdfc,current,2022-10-31,suspended,VALID
mary2517@upi,cust100221,sbi,current,2022-05-06,active,VALID
sarah9144@upi,cust109699,hdfc,current,2025-05-02,active,VALID
tyler4681@upi,cust103300,icici,current,2025-05-02,active,VALID
peggy9714@upi,cust102584,axis,credit_card_linked,2024-06-06,active,VALID
brandi7523@upi,cust102768,sbi,credit_card_linked,2023-01-24,active,VALID
andrea1850@upi,cust104153,sbi,current,2025-04-29,active,VALID
tara1474@upi,cust101423,kotak,savings,2025-02-19,active,VALID
timothy9119@upi,cust105976,sbi,credit_card_linked,2023-08-23,active,VALID
kimberly3877@upi,cust102705,hdfc,credit_card_linked,2023-03-04,active,VALID
barbara4145@upi,cust101191,axis,savings,2023-08-21,active,VALID
thomas9111@upi,cust107325,hdfc,credit_card_linked,2025-01-17,active,VALID
rebecca9988@upi,cust104622,hdfc,savings,2023-09-12,active,VALID
thomas4589@upi,cust109108,icici,current,2024-11-05,active,VALID
rachel8307@upi,cust106027,sbi,savings,2022-11-21,active,VALID
melanie3683@upi,cust102166,kotak,credit_card_linked,2024-03-24,active,VALID
robert9942@upi,cust100229,pnb,credit_card_linked,2024-03-22,active,VALID
wanda1793@upi,cust100959,kotak,credit_card_linked,2025-03-06,active,VALID
angela2329@upi,cust107179,pnb,credit_card_linked,2024-09-21,active,VALID
joseph1458@upi,cust104911,icici,credit_card_linked,2023-08-20,active,VALID
andrea2440@upi,cust101151,axis,savings,2025-03-17,active,VALID
jesse8929@upi,cust107139,axis,credit_card_linked,2021-12-11,active,VALID
shane4664@upi,cust103250,icici,current,2024-09-04,active,VALID
cindy2294@upi,cust107658,icici,current,2024-05-27,active,VALID
david1629@upi,cust106878,hdfc,savings,2023-08-07,active,VALID
katelyn1353@upi,cust104069,axis,credit_card_linked,2025-02-23,active,VALID
maria9785@upi,cust105082,axis,savings,2022-09-23,active,VALID
michelle1084@upi,cust102952,axis,credit_card_linked,2021-08-20,active,VALID
amy3897@upi,cust100230,kotak,credit_card_linked,2025-06-15,active,VALID
timothy8903@upi,cust100548,icici,credit_card_linked,2024-12-07,active,VALID
mark9521@upi,cust108506,axis,savings,2025-08-03,active,VALID
wanda7759@upi,cust107579,kotak,savings,2025-05-22,active,VALID
eric7294@upi,cust100537,hdfc,current,2024-07-21,active,VALID
jake6347@upi,cust102948,kotak,current,2024-05-20,active,VALID
jason6279@upi,cust102132,pnb,credit_card_linked,2025-07-01,active,VALID
casey3000@upi,cust109212,kotak,current,2025-03-21,active,VALID
heather6240@upi,cust100869,axis,savings,2025-07-14,active,VALID
michelle9405@upi,cust105023,icici,current,2025-07-28,active,VALID
carlos2678@upi,cust102714,kotak,savings,2020-09-26,active,VALID
steven2985@upi,cust106819,sbi,current,2025-05-28,active,VALID
crystal7005@upi,cust108741,pnb,credit_card_linked,2024-07-26,active,VALID
victoria2391@upi,cust106655,axis,savings,2024-08-12,active,VALID
robert3472@upi,cust106298,kotak,savings,2024-07-04,active,VALID
robert4804@upi,cust101660,icici,savings,2023-09-01,active,VALID
charles1990@upi,cust103874,sbi,credit_card_linked,2025-05-18,active,VALID
maria5485@upi,cust103006,hdfc,current,2025-07-20,active,VALID
shannon2185@upi,cust105238,pnb,savings,2024-12-22,active,VALID
dustin2670@upi,cust100978,icici,credit_card_linked,2025-03-13,active,VALID
levi3560@upi,cust100151,kotak,savings,2025-08-02,active,VALID
wendy6613@upi,cust106126,axis,credit_card_linked,2022-05-06,active,VALID
david3309@upi,cust106429,sbi,savings,2021-07-28,active,VALID
kara6350@upi,cust103781,sbi,savings,2025-03-04,active,VALID
james7519@upi,cust102130,kotak,savings,2025-05-11,active,VALID
aaron6446@upi,cust106511,pnb,credit_card_linked,2025-05-13,active,VALID
michael7220@upi,cust108385,pnb,current,2024-03-11,active,VALID
derrick2635@upi,cust103969,icici,credit_card_linked,2024-01-11,active,VALID
william7707@upi,cust101483,sbi,current,2025-07-09,active,VALID
michael9881@upi,cust103362,axis,credit_card_linked,2025-01-10,active,VALID
william5379@upi,cust101158,sbi,credit_card_linked,2025-05-26,active,VALID
timothy5242@upi,cust100754,pnb,current,2025-04-20,active,VALID
diane6469@upi,cust108948,sbi,credit_card_linked,2024-09-14,active,VALID
james3839@upi,cust109906,icici,current,2025-03-16,active,VALID
gregory3098@upi,cust107499,icici,savings,2021-11-20,active,VALID
courtney3705@upi,cust102864,kotak,savings,2025-08-05,active,VALID
manuel6472@upi,cust108212,hdfc,current,2024-10-30,active,VALID
amanda8137@upi,cust109696,axis,current,2025-03-27,active,VALID
jessica5300@upi,cust106812,icici,savings,2025-05-03,active,VALID
marissa4223@upi,cust103203,icici,current,2024-03-26,active,VALID
janet4700@upi,cust100613,icici,current,2024-05-05,active,VALID
mark1517@upi,cust106786,sbi,savings,2024-10-23,blocked,VALID
lisa5386@upi,cust105965,axis,savings,2023-02-26,active,VALID
anna3189@upi,cust103999,icici,savings,2025-06-02,active,VALID
daniel1083@upi,cust102208,hdfc,credit_card_linked,2024-09-27,active,VALID
heather6905@upi,cust101101,kotak,current,2023-10-15,active,VALID
kelsey2113@upi,cust109071,icici,current,2025-06-18,active,VALID
steven2769@upi,cust104729,icici,current,2022-03-25,active,VALID
carrie4052@upi,cust109710,icici,credit_card_linked,2024-08-23,active,VALID
erik7720@upi,cust105710,pnb,savings,2025-02-19,active,VALID
mark4022@upi,cust102271,axis,savings,2025-07-17,active,VALID
kristina8624@upi,cust105892,sbi,current,2025-06-22,active,VALID
tiffany5771@upi,cust108659,pnb,credit_card_linked,2025-02-19,active,VALID
charles9298@upi,cust100228,kotak,current,2024-08-11,active,VALID
john5134@upi,cust105095,hdfc,credit_card_linked,2023-02-18,active,VALID
courtney2187@upi,cust106585,hdfc,credit_card_linked,2023-07-08,active,VALID
terry7160@upi,cust105303,axis,savings,2023-09-10,active,VALID
vanessa1290@upi,cust105211,icici,savings,2024-12-27,active,VALID
richard7202@upi,cust105443,kotak,current,2024-03-21,suspended,VALID
tina8313@upi,cust106976,kotak,savings,2023-12-21,active,VALID
aaron9304@upi,cust101087,icici,current,2024-10-02,active,VALID
daniel3019@upi,cust107404,sbi,credit_card_linked,2025-05-29,active,VALID
ray3248@upi,cust104964,kotak,credit_card_linked,2025-03-07,active,VALID
alexis9172@upi,cust109417,axis,current,2024-06-23,active,VALID
sarah6996@upi,cust106471,hdfc,credit_card_linked,2023-07-25,active,VALID
john1331@upi,cust105434,kotak,savings,2021-10-11,active,VALID
lori5603@upi,cust107679,axis,current,2025-04-08,active,VALID
robert7775@upi,cust100279,icici,savings,2023-06-16,active,VALID
kelly4217@upi,cust105080,sbi,savings,2024-08-01,active,VALID
robert4093@upi,cust101821,axis,credit_card_linked,2023-03-28,blocked,VALID
amanda2216@upi,cust109158,axis,current,2023-12-14,active,VALID
jo9738@upi,cust105994,axis,credit_card_linked,2023-12-12,active,VALID
jay3937@upi,cust101877,sbi,credit_card_linked,2025-05-18,active,VALID
jaclyn6998@upi,cust104285,sbi,savings,2024-08-30,active,VALID
phyllis2176@upi,cust107846,hdfc,current,2022-07-09,active,VALID
natalie2662@upi,cust107558,sbi,savings,2024-06-14,active,VALID
margaret2028@upi,cust109685,axis,savings,2025-04-30,active,VALID
erin9351@upi,cust106594,kotak,savings,2023-10-18,active,VALID
gabriel5766@upi,cust108410,kotak,credit_card_linked,2024-11-07,active,VALID
dylan5683@upi,cust108587,kotak,credit_card_linked,2024-12-20,active,VALID
tracy5860@upi,cust105691,pnb,savings,2025-06-30,active,VALID
allison2005@upi,cust108994,pnb,credit_card_linked,2025-07-16,active,VALID
jason6808@upi,cust101960,kotak,savings,2025-07-07,active,VALID
rhonda8679@upi,cust104726,sbi,current,2024-05-16,active,VALID
brandon3207@upi,cust100893,sbi,credit_card_linked,2024-02-17,blocked,VALID
jonathan7819@upi,cust102771,axis,savings,2024-03-22,blocked,VALID
susan6934@upi,cust105440,pnb,credit_card_linked,2022-04-29,active,VALID
emily4458@upi,cust100607,kotak,credit_card_linked,2022-11-03,active,VALID
jennifer5229@upi,cust104205,icici,savings,2024-05-30,active,VALID
calvin7521@upi,cust108687,axis,credit_card_linked,2023-11-24,active,VALID
stephen3284@upi,cust109620,kotak,savings,2022-10-02,active,VALID
mrs.7531@upi,cust104293,sbi,savings,2024-12-05,active,VALID
yvonne1243@upi,cust103519,hdfc,savings,2025-06-30,active,VALID
carol6243@upi,cust100402,icici,credit_card_linked,2024-05-25,active,VALID
danny4044@upi,cust106522,hdfc,current,2024-09-26,active,VALID
ashley8870@upi,cust108032,kotak,savings,2024-02-15,active,VALID
sarah1047@upi,cust101853,kotak,current,2025-07-11,active,VALID
rachel7300@upi,cust102986,pnb,credit_card_linked,2024-11-30,active,VALID
robert4984@upi,cust105941,icici,credit_card_linked,2023-08-22,active,VALID
stephanie2210@upi,cust106124,pnb,savings,2025-03-30,active,VALID
alicia1174@upi,cust100092,hdfc,credit_card_linked,2023-11-22,active,VALID
emily3094@upi,cust106379,pnb,credit_card_linked,2025-02-07,active,VALID
heather4056@upi,cust103447,axis,current,2022-11-17,active,VALID
danielle4280@upi,cust105885,sbi,savings,2021-05-23,active,VALID
john9600@upi,cust109929,axis,credit_card_linked,2024-04-06,active,VALID
alejandro3413@upi,cust103151,sbi,savings,2024-12-21,active,VALID
kendra7468@upi,cust107970,hdfc,savings,2024-06-16,active,VALID
joshua5133@upi,cust107204,kotak,credit_card_linked,2025-04-08,blocked,VALID
jessica2706@upi,cust108836,pnb,current,2022-03-26,active,VALID
michael7575@upi,cust104866,sbi,credit_card_linked,2025-02-12,active,VALID
nicholas1900@upi,cust107410,hdfc,savings,2024-10-31,active,VALID
preston2809@upi,cust104311,sbi,savings,2025-05-16,blocked,VALID
benjamin7125@upi,cust106130,sbi,current,2023-08-08,active,VALID
desiree9703@upi,cust105667,pnb,current,2022-12-14,active,VALID
earl6178@upi,cust104760,hdfc,credit_card_linked,2023-05-28,active,VALID
taylor7183@upi,cust104180,sbi,current,2023-11-29,active,VALID
amanda8235@upi,cust105037,axis,savings,2024-12-31,active,VALID
heather3486@upi,cust103690,sbi,current,2023-03-22,active,VALID
raymond4203@upi,cust101369,pnb,credit_card_linked,2025-01-12,active,VALID
mario4026@upi,cust101133,axis,credit_card_linked,2022-08-08,active,VALID
amber8856@upi,cust100234,pnb,savings,2024-12-05,active,VALID
jack5811@upi,cust109911,hdfc,current,2025-07-04,active,VALID
anthony8493@upi,cust107917,kotak,current,2025-01-28,active,VALID
ryan4952@upi,cust100265,axis,savings,2025-07-05,active,VALID
michael2571@upi,cust102537,pnb,savings,2023-08-21,active,VALID
brent2998@upi,cust100430,sbi,current,2025-06-02,suspended,VALID
tricia5417@upi,cust103245,axis,savings,2024-06-22,active,VALID
elizabeth8610@upi,cust102600,sbi,current,2025-07-29,suspended,VALID
justin1813@upi,cust106057,sbi,credit_card_linked,2024-04-20,active,VALID
katherine2455@upi,cust109836,sbi,savings,2025-02-01,active,VALID
rhonda2010@upi,cust102561,sbi,current,2022-12-06,active,VALID
john1241@upi,cust102527,axis,credit_card_linked,2024-09-03,active,VALID
rebecca4205@upi,cust101199,kotak,current,2023-05-08,active,VALID
sabrina4140@upi,cust108703,kotak,savings,2024-08-30,active,VALID
kathryn8636@upi,cust101372,axis,current,2024-10-25,active,VALID
carla7974@upi,cust106902,hdfc,credit_card_linked,2025-04-06,active,VALID
destiny7499@upi,cust107773,icici,current,2024-08-13,active,VALID
travis8448@upi,cust106999,sbi,credit_card_linked,2025-07-18,active,VALID
terri1686@upi,cust107610,sbi,savings,2025-06-10,active,VALID
victoria2925@upi,cust105989,kotak,savings,2025-06-12,active,VALID
matthew4165@upi,cust105783,pnb,current,2023-06-22,active,VALID
brittany7804@upi,cust106501,axis,credit_card_linked,2024-09-13,suspended,VALID
christopher6655@upi,cust103555,pnb,credit_card_linked,2025-06-09,active,VALID
jennifer5590@upi,cust104336,sbi,credit_card_linked,2024-07-10,active,VALID
amanda9473@upi,cust108085,icici,current,2023-11-24,active,VALID
laura9992@upi,cust104978,icici,credit_card_linked,2024-04-08,active,VALID
alejandro6272@upi,cust106599,sbi,savings,2023-03-30,active,VALID
brooke5543@upi,cust101440,icici,credit_card_linked,2023-10-15,active,VALID
elaine7804@upi,cust103858,sbi,credit_card_linked,2021-06-10,active,VALID
anthony4116@upi,cust103209,kotak,current,2025-01-08,active,VALID
ashlee8102@upi,cust105033,icici,current,2023-12-01,active,VALID
stephanie6112@upi,cust109438,pnb,credit_card_linked,2025-07-14,suspended,VALID
michelle6105@upi,cust109615,sbi,savings,2023-09-21,active,VALID
alex9371@upi,cust107518,sbi,credit_card_linked,2023-04-06,active,VALID
julian7985@upi,cust100544,axis,credit_card_linked,2023-05-06,active,VALID
joseph4294@upi,cust103017,hdfc,credit_card_linked,2021-11-21,active,VALID
angela4368@upi,cust107080,sbi,current,2024-07-16,active,VALID
dr.7943@upi,cust107050,kotak,current,2024-05-10,active,VALID
tiffany7677@upi,cust103860,icici,credit_card_linked,2023-06-20,active,VALID
alexandra9152@upi,cust104376,icici,savings,2024-03-03,active,VALID
rodney4838@upi,cust100315,hdfc,credit_card_linked,2022-06-16,active,VALID
ashley1703@upi,cust105267,axis,credit_card_linked,2025-05-23,active,VALID
jessica4550@upi,cust101640,kotak,current,2024-01-19,active,VALID
wesley5623@upi,cust103315,pnb,credit_card_linked,2022-02-25,active,VALID
nicole9954@upi,cust103109,icici,savings,2025-05-20,active,VALID
danielle2486@upi,cust102510,pnb,credit_card_linked,2025-07-11,active,VALID
miguel2830@upi,cust109905,axis,savings,2025-03-30,active,VALID
daniel5462@upi,cust104607,hdfc,credit_card_linked,2025-07-26,active,VALID
mrs.3753@upi,cust105036,sbi,current,2023-10-31,active,VALID
michael6205@upi,cust107892,hdfc,savings,2025-05-28,active,VALID
christine7248@upi,cust101962,axis,credit_card_linked,2020-08-26,active,VALID
veronica6645@upi,cust104611,icici,savings,2024-09-26,active,VALID
kelli7891@upi,cust103373,kotak,credit_card_linked,2023-10-07,active,VALID
scott3728@upi,cust101600,sbi,credit_card_linked,2022-06-01,active,VALID
joseph9037@upi,cust101385,axis,current,2024-05-15,active,VALID
antonio2976@upi,cust104874,axis,credit_card_linked,2023-07-28,active,VALID
stacey2473@upi,cust107408,pnb,savings,2023-06-03,active,VALID
karen7969@upi,cust109838,axis,current,2023-11-24,active,VALID
andrea8681@upi,cust107646,hdfc,credit_card_linked,2024-12-17,active,VALID
mark4877@upi,cust106727,hdfc,credit_card_linked,2025-05-14,active,VALID
kimberly4813@upi,cust100056,icici,current,2022-12-22,active,VALID
jason5640@upi,cust103321,icici,current,2025-03-14,active,VALID
maria7099@upi,cust100882,kotak,savings,2024-11-22,active,VALID
laura5776@upi,cust103019,axis,current,2025-05-13,active,VALID
steven5380@upi,cust104680,icici,credit_card_linked,2025-06-29,active,VALID
christopher3549@upi,cust103051,kotak,credit_card_linked,2025-06-01,active,VALID
andrea8995@upi,cust100450,kotak,current,2023-03-18,active,VALID
ronald7445@upi,cust105907,icici,savings,2023-09-08,active,VALID
mary9446@upi,cust100336,hdfc,current,2025-07-26,active,VALID
ana3988@upi,cust101303,axis,current,2024-11-27,active,VALID
ashley2816@upi,cust102838,pnb,savings,2022-03-03,active,VALID
michael6820@upi,cust106761,hdfc,savings,2025-06-01,active,VALID
cindy7235@upi,cust100298,hdfc,current,2023-04-29,active,VALID
laura8254@upi,cust102379,sbi,credit_card_linked,2022-09-04,active,VALID
david3903@upi,cust106559,hdfc,credit_card_linked,2025-04-29,active,VALID
tammy7798@upi,cust108471,hdfc,credit_card_linked,2025-05-02,active,VALID
joy3084@upi,cust109405,icici,credit_card_linked,2025-07-02,active,VALID
misty1576@upi,cust105858,pnb,savings,2025-06-15,active,VALID
nicole7154@upi,cust103142,icici,savings,2022-04-09,active,VALID
brandon4383@upi,cust102967,pnb,savings,2022-09-16,blocked,VALID
amber3164@upi,cust107520,sbi,current,2024-05-20,active,VALID
stanley1161@upi,cust108650,hdfc,current,2024-12-08,active,VALID
raymond9456@upi,cust100254,pnb,credit_card_linked,2025-01-24,blocked,VALID
anthony5403@upi,cust101903,pnb,savings,2022-04-25,active,VALID
michael5711@upi,cust102813,axis,current,2023-06-04,active,VALID
karen2223@upi,cust103741,kotak,current,2023-06-23,active,VALID
rebecca7103@upi,cust104933,kotak,savings,2025-06-08,active,VALID
jeffrey5353@upi,cust103507,icici,current,2023-06-23,active,VALID
jennifer4725@upi,cust104586,axis,savings,2020-11-30,active,VALID
mark6921@upi,cust104431,sbi,savings,2024-07-08,active,VALID
jenny9604@upi,cust103164,icici,savings,2022-10-19,active,VALID
jennifer7048@upi,cust102041,icici,credit_card_linked,2024-05-04,active,VALID
james9043@upi,cust101006,pnb,credit_card_linked,2023-09-10,active,VALID
richard4715@upi,cust101174,hdfc,savings,2025-02-05,active,VALID
cynthia7912@upi,cust107295,sbi,credit_card_linked,2023-09-29,active,VALID
timothy9277@upi,cust107605,sbi,credit_card_linked,2025-02-12,active,VALID
michael9750@upi,cust100213,icici,savings,2025-04-15,active,VALID
diane9133@upi,cust106708,icici,current,2023-06-01,active,VALID
jeanne5539@upi,cust100973,kotak,savings,2024-11-14,active,VALID
christina4398@upi,cust107942,icici,credit_card_linked,2024-01-13,active,VALID
michael5358@upi,cust104124,icici,current,2024-11-02,active,VALID
david8294@upi,cust107731,sbi,current,2024-07-12,active,VALID
heather6491@upi,cust108207,axis,savings,2024-07-16,active,VALID
brian4167@upi,cust102586,kotak,credit_card_linked,2025-07-05,active,VALID
victoria1427@upi,cust102197,hdfc,savings,2024-09-05,active,VALID
abigail1001@upi,cust109017,sbi,current,2025-08-05,active,VALID
brianna5189@upi,cust105432,sbi,credit_card_linked,2024-10-13,suspended,VALID
diane4895@upi,cust100219,hdfc,credit_card_linked,2024-10-28,active,VALID
steven9782@upi,cust108202,hdfc,savings,2024-09-11,active,VALID
billy4232@upi,cust102939,axis,credit_card_linked,2025-05-11,active,VALID
joshua3722@upi,cust103418,hdfc,current,2021-10-24,active,VALID
jeffrey7577@upi,cust101270,kotak,savings,2023-09-02,active,VALID
james5431@upi,cust109573,pnb,current,2025-07-02,suspended,VALID
jill4769@upi,cust101541,axis,savings,2025-03-07,active,VALID
natasha2965@upi,cust106963,icici,current,2025-06-02,active,VALID
michael8232@upi,cust104089,icici,current,2025-02-26,active,VALID
kathleen8306@upi,cust102259,kotak,current,2024-04-25,active,VALID
cynthia2744@upi,cust108926,icici,savings,2024-04-26,active,VALID
joshua5912@upi,cust102521,kotak,credit_card_linked,2025-04-02,active,VALID
elizabeth8341@upi,cust103371,kotak,current,2024-03-27,active,VALID
amanda8570@upi,cust101961,hdfc,savings,2025-03-21,active,VALID
kelly3633@upi,cust102735,pnb,credit_card_linked,2024-04-28,active,VALID
mrs.7764@upi,cust104063,hdfc,credit_card_linked,2025-04-21,active,VALID
connor9511@upi,cust102412,pnb,savings,2022-04-29,active,VALID
michael9265@upi,cust104506,hdfc,current,2024-07-10,suspended,VALID
sharon5515@upi,cust101122,icici,savings,2024-04-24,active,VALID
samuel8216@upi,cust109459,axis,current,2024-03-03,active,VALID
kelly9761@upi,cust103683,sbi,savings,2024-10-30,active,VALID
michelle8731@upi,cust109373,kotak,credit_card_linked,2023-04-04,active,VALID
daniel4480@upi,cust108736,icici,current,2024-05-01,active,VALID
jennifer1289@upi,cust108266,pnb,savings,2025-01-16,active,VALID
bryan3958@upi,cust102336,axis,credit_card_linked,2024-05-20,active,VALID
kyle6561@upi,cust108297,kotak,current,2024-02-21,active,VALID
derrick3787@upi,cust107168,pnb,credit_card_linked,2024-02-12,active,VALID
mr.8508@upi,cust105909,axis,savings,2023-03-19,active,VALID
carrie5281@upi,cust104260,hdfc,savings,2025-06-26,active,VALID
eric2841@upi,cust109443,icici,credit_card_linked,2025-07-28,active,VALID
nicole7470@upi,cust107301,sbi,current,2025-06-28,active,VALID
heather2320@upi,cust105636,pnb,current,2025-06-29,active,VALID
thomas5165@upi,cust102500,hdfc,savings,2023-01-15,active,VALID
diana2912@upi,cust108842,kotak,current,2025-08-03,active,VALID
michael2502@upi,cust102981,sbi,credit_card_linked,2025-02-08,active,VALID
tina4388@upi,cust103018,axis,current,2025-05-10,active,VALID
gerald1236@upi,cust106926,icici,credit_card_linked,2024-07-21,active,VALID
jacqueline3683@upi,cust102423,sbi,credit_card_linked,2023-09-25,active,VALID
andrew5160@upi,cust100970,pnb,current,2023-12-13,active,VALID
lisa8661@upi,cust108578,sbi,credit_card_linked,2025-07-31,active,VALID
kerry7762@upi,cust105612,icici,current,2024-08-31,active,VALID
erik1809@upi,cust105710,kotak,credit_card_linked,2025-05-06,active,VALID
charles1758@upi,cust104567,hdfc,credit_card_linked,2022-03-19,active,VALID
penny3944@upi,cust101229,sbi,credit_card_linked,2024-10-04,active,VALID
kari5519@upi,cust101317,axis,credit_card_linked,2022-09-10,active,VALID
john5040@upi,cust100300,hdfc,credit_card_linked,2023-08-05,active,VALID
david6069@upi,cust106559,pnb,savings,2023-12-11,active,VALID
joseph7994@upi,cust102904,sbi,current,2023-11-13,active,VALID
deborah1962@upi,cust109719,icici,savings,2024-08-13,active,VALID
guy7259@upi,cust100181,pnb,credit_card_linked,2025-07-14,active,VALID
dr.1324@upi,cust103048,hdfc,savings,2024-01-27,active,VALID
rebecca3526@upi,cust103400,axis,credit_card_linked,2025-05-20,active,VALID
keith4054@upi,cust104364,kotak,savings,2022-09-20,active,VALID
joseph7763@upi,cust106840,hdfc,savings,2024-03-01,active,VALID
nathan8374@upi,cust105737,kotak,current,2025-07-27,active,VALID
cody8819@upi,cust108158,hdfc,current,2025-07-07,active,VALID
mark7336@upi,cust108654,icici,current,2025-08-02,active,VALID
kristin2930@upi,cust105194,axis,current,2021-10-03,suspended,VALID
vincent7468@upi,cust106906,pnb,credit_card_linked,2024-10-01,suspended,VALID
christine8309@upi,cust100969,sbi,current,2025-03-07,active,VALID
amy4767@upi,cust103482,axis,current,2024-06-03,active,VALID
dr.2836@upi,cust103933,pnb,current,2024-07-15,active,VALID
chase3849@upi,cust100949,icici,credit_card_linked,2022-09-03,active,VALID
corey5288@upi,cust102808,hdfc,current,2023-09-01,active,VALID
tiffany6540@upi,cust100906,icici,savings,2025-03-16,active,VALID
alexis2096@upi,cust101593,kotak,current,2023-01-13,active,VALID
alejandro5209@upi,cust106599,pnb,credit_card_linked,2024-08-21,active,VALID
nicole1046@upi,cust101891,icici,savings,2025-02-15,active,VALID
tina2603@upi,cust107388,kotak,savings,2024-08-04,active,VALID
jennifer4235@upi,cust109382,kotak,savings,2025-05-27,active,VALID
larry5516@upi,cust103022,icici,current,2021-05-14,active,VALID
jennifer1776@upi,cust101774,sbi,savings,2024-06-20,active,VALID
heather7212@upi,cust103424,pnb,current,2023-10-27,active,VALID
tony8906@upi,cust104931,axis,current,2023-08-11,active,VALID
rachel4851@upi,cust101224,sbi,credit_card_linked,2024-11-03,active,VALID
theodore1798@upi,cust101056,sbi,savings,2023-10-02,active,VALID
thomas1281@upi,cust102625,pnb,savings,2021-09-15,active,VALID
carly1194@upi,cust108568,pnb,current,2021-11-20,active,VALID
william9833@upi,cust107866,axis,current,2021-10-26,active,VALID
jacob4411@upi,cust106068,kotak,credit_card_linked,2021-12-13,active,VALID
desiree4038@upi,cust107167,hdfc,credit_card_linked,2021-11-10,blocked,VALID
mary6274@upi,cust106677,kotak,current,2023-01-04,active,VALID
haley8565@upi,cust100002,hdfc,savings,2022-11-24,active,VALID
randall8112@upi,cust106136,kotak,current,2025-01-06,active,VALID
thomas9871@upi,cust104020,kotak,savings,2025-03-06,active,VALID
alisha8754@upi,cust102526,icici,credit_card_linked,2023-02-24,active,VALID
jacqueline9769@upi,cust101310,pnb,credit_card_linked,2024-12-10,active,VALID
erica4608@upi,cust103676,axis,current,2024-10-12,active,VALID
jordan6689@upi,cust104112,icici,savings,2025-05-26,active,VALID
justin2120@upi,cust108294,sbi,savings,2025-01-17,active,VALID
alicia5178@upi,cust104058,kotak,current,2024-07-07,active,VALID
janice1491@upi,cust109303,pnb,savings,2025-05-02,active,VALID
melanie2636@upi,cust102313,axis,savings,2024-07-04,active,VALID
michael3058@upi,cust106345,hdfc,credit_card_linked,2025-06-24,active,VALID
douglas3060@upi,cust100051,sbi,credit_card_linked,2024-02-03,active,VALID
lance7909@upi,cust109513,kotak,savings,2024-08-16,active,VALID
richard1724@upi,cust100412,icici,savings,2023-02-27,active,VALID
dana4189@upi,cust108852,pnb,current,2025-03-25,active,VALID
john9237@upi,cust101935,pnb,savings,2024-07-02,active,VALID
dawn2473@upi,cust100623,hdfc,credit_card_linked,2024-02-28,active,VALID
angela7323@upi,cust102709,sbi,current,2024-05-13,active,VALID
robert4204@upi,cust109880,axis,savings,2025-07-25,active,VALID
timothy7126@upi,cust106793,axis,savings,2025-03-20,active,VALID
kimberly5898@upi,cust101049,sbi,current,2025-08-03,active,VALID
miguel7990@upi,cust106576,icici,savings,2025-03-30,active,VALID
meredith7225@upi,cust106454,sbi,credit_card_linked,2023-10-28,active,VALID
mr.6719@upi,cust100536,kotak,credit_card_linked,2022-12-15,active,VALID
monica4175@upi,cust103893,kotak,savings,2024-04-14,suspended,VALID
allison5042@upi,cust104787,pnb,current,2025-04-19,active,VALID
yvonne2221@upi,cust104146,sbi,current,2024-06-11,active,VALID
ann8065@upi,cust105275,kotak,current,2025-04-27,active,VALID
franklin9166@upi,cust100896,hdfc,current,2022-05-28,active,VALID
jeremy2125@upi,cust103325,kotak,credit_card_linked,2025-04-11,active,VALID
lindsey7374@upi,cust106064,kotak,savings,2023-09-24,active,VALID
william3732@upi,cust102806,icici,current,2023-11-03,active,VALID
daniel2753@upi,cust105820,icici,credit_card_linked,2025-04-09,active,VALID
richard9157@upi,cust101257,kotak,savings,2023-07-01,active,VALID
jennifer2631@upi,cust102903,kotak,credit_card_linked,2025-07-22,active,VALID
diane7105@upi,cust104993,axis,current,2024-09-22,active,VALID
daniel7483@upi,cust106737,axis,savings,2024-09-17,active,VALID
michael8861@upi,cust103581,pnb,savings,2023-01-29,active,VALID
mary3156@upi,cust100940,kotak,credit_card_linked,2025-03-10,active,VALID
jane7636@upi,cust100554,icici,current,2025-08-01,active,VALID
adam5281@upi,cust102880,hdfc,savings,2024-02-17,active,VALID
dr.2046@upi,cust100513,axis,savings,2024-02-17,active,VALID
laura8745@upi,cust108238,icici,savings,2024-10-05,active,VALID
kristen7876@upi,cust102260,kotak,current,2025-04-16,active,VALID
stephen4610@upi,cust101571,hdfc,savings,2025-01-02,active,VALID
michelle4303@upi,cust108283,axis,savings,2021-11-14,suspended,VALID
nathaniel2571@upi,cust101851,hdfc,credit_card_linked,2025-05-11,active,VALID
maria1244@upi,cust100345,pnb,current,2025-02-03,active,VALID
michelle7190@upi,cust106607,pnb,current,2021-06-17,active,VALID
roy2033@upi,cust105582,icici,savings,2025-07-25,active,VALID
christopher5372@upi,cust104168,icici,current,2024-09-12,active,VALID
brian7364@upi,cust100953,pnb,savings,2025-02-13,active,VALID
jessica8858@upi,cust100076,icici,credit_card_linked,2022-09-03,active,VALID
kyle4244@upi,cust100964,axis,savings,2025-01-12,active,VALID
zachary5508@upi,cust107423,icici,savings,2025-06-08,active,VALID
tonya3729@upi,cust104013,axis,savings,2025-06-24,active,VALID
shannon5508@upi,cust100634,pnb,current,2025-04-24,active,VALID
austin2233@upi,cust107794,axis,credit_card_linked,2025-07-19,active,VALID
james2035@upi,cust109807,axis,current,2024-12-19,active,VALID
arthur4777@upi,cust104062,icici,savings,2022-07-19,active,VALID
tiffany7962@upi,cust108737,icici,savings,2022-09-18,active,VALID
dawn5114@upi,cust104338,icici,current,2021-10-13,active,VALID
robin7609@upi,cust104988,kotak,savings,2024-12-14,active,VALID
tyler7241@upi,cust100858,icici,savings,2025-02-10,active,VALID
laura3770@upi,cust100871,kotak,savings,2025-04-02,active,VALID
patrick1893@upi,cust102955,kotak,current,2022-07-15,active,VALID
allison1309@upi,cust105366,axis,savings,2024-10-12,active,VALID
robert3900@upi,cust105891,pnb,savings,2023-04-19,active,VALID
amanda9364@upi,cust107889,axis,savings,2025-02-20,active,VALID
karen1393@upi,cust103879,kotak,current,2025-02-23,active,VALID
lawrence7017@upi,cust107290,sbi,current,2024-05-05,active,VALID
craig5371@upi,cust106446,hdfc,savings,2024-04-11,active,VALID
alicia7564@upi,cust104058,hdfc,savings,2025-03-25,active,VALID
jimmy8834@upi,cust105576,hdfc,credit_card_linked,2021-07-07,active,VALID
jeremy9977@upi,cust106472,pnb,savings,2025-04-09,active,VALID
jamie7403@upi,cust101377,sbi,savings,2024-07-08,active,VALID
tyler6597@upi,cust108922,pnb,credit_card_linked,2023-11-23,active,VALID
michelle2697@upi,cust109324,icici,credit_card_linked,2024-09-28,suspended,VALID
joe7725@upi,cust106561,pnb,savings,2021-07-17,active,VALID
jeffrey4085@upi,cust102946,axis,savings,2024-11-22,active,VALID
amanda7080@upi,cust101195,sbi,current,2025-01-25,active,VALID
kevin6123@upi,cust105003,pnb,savings,2025-03-16,active,VALID
lawrence3711@upi,cust105172,pnb,current,2023-11-18,active,VALID
sarah5278@upi,cust108409,sbi,savings,2022-09-25,suspended,VALID
joseph2221@upi,cust101297,icici,savings,2023-08-13,active,VALID
tiffany4071@upi,cust108059,axis,current,2021-06-04,active,VALID
samantha4846@upi,cust109667,hdfc,credit_card_linked,2024-04-17,active,VALID
karen8109@upi,cust106305,pnb,savings,2023-10-09,active,VALID
laura8069@upi,cust107642,sbi,current,2022-04-21,active,VALID
sharon9390@upi,cust108833,hdfc,credit_card_linked,2023-07-02,active,VALID
lynn9255@upi,cust105660,kotak,current,2025-07-07,active,VALID
wendy7757@upi,cust103521,pnb,current,2024-12-11,active,VALID
don4407@upi,cust105718,hdfc,savings,2022-01-15,active,VALID
steven6417@upi,cust107169,kotak,current,2025-07-24,active,VALID
kara5399@upi,cust103781,axis,current,2025-03-03,active,VALID
zachary8342@upi,cust103361,pnb,current,2024-06-30,active,VALID
john1246@upi,cust102340,icici,current,2025-05-10,active,VALID
martha1253@upi,cust106728,icici,current,2023-07-19,active,VALID
julie4961@upi,cust102235,icici,savings,2022-05-10,active,VALID
benjamin3733@upi,cust103825,axis,savings,2025-02-09,active,VALID
patricia1499@upi,cust108189,kotak,current,2023-11-09,active,VALID
karen9219@upi,cust109427,axis,savings,2025-06-23,active,VALID
mr.8050@upi,cust100063,icici,credit_card_linked,2022-08-15,active,VALID
shelby1922@upi,cust105679,icici,savings,2023-11-04,active,VALID
alex1805@upi,cust101968,kotak,current,2023-04-06,active,VALID
jay8660@upi,cust103029,axis,savings,2025-08-04,active,VALID
keith5152@upi,cust107644,icici,savings,2023-11-07,active,VALID
alexander9765@upi,cust104518,hdfc,credit_card_linked,2021-08-06,active,VALID
ashley4964@upi,cust108370,sbi,credit_card_linked,2024-02-06,active,VALID
shannon7346@upi,cust107042,icici,current,2025-07-26,active,VALID
christian2263@upi,cust101757,hdfc,current,2022-09-18,active,VALID
mark3691@upi,cust103960,kotak,credit_card_linked,2024-06-08,suspended,VALID
philip8426@upi,cust107885,kotak,savings,2025-06-05,active,VALID
cindy3973@upi,cust105913,axis,savings,2025-08-05,active,VALID
anita4227@upi,cust105226,axis,savings,2024-04-07,active,VALID
brenda6867@upi,cust103589,hdfc,current,2024-10-04,active,VALID
robert2986@upi,cust102549,kotak,savings,2022-06-12,active,VALID
david1800@upi,cust104906,sbi,credit_card_linked,2025-07-28,blocked,VALID
donna9800@upi,cust105087,sbi,current,2025-06-02,active,VALID
shannon9809@upi,cust107257,pnb,credit_card_linked,2024-09-29,active,VALID
timothy6970@upi,cust107760,hdfc,current,2021-09-16,active,VALID
richard2471@upi,cust103678,hdfc,credit_card_linked,2025-03-31,active,VALID
yesenia4665@upi,cust104565,pnb,credit_card_linked,2024-07-12,active,VALID
william8103@upi,cust103896,pnb,current,2023-03-28,active,VALID
dr.2381@upi,cust108799,icici,savings,2025-07-03,active,VALID
regina6198@upi,cust109816,icici,current,2025-04-12,active,VALID
jennifer3923@upi,cust108480,axis,savings,2023-09-10,active,VALID
jessica7013@upi,cust100597,pnb,current,2022-10-26,active,VALID
alexander9241@upi,cust106881,icici,credit_card_linked,2025-05-14,active,VALID
ian3818@upi,cust102587,hdfc,credit_card_linked,2022-09-11,active,VALID
michael9217@upi,cust106987,pnb,credit_card_linked,2025-06-04,active,VALID
kelsey4385@upi,cust100835,kotak,credit_card_linked,2025-06-30,active,VALID
michael4516@upi,cust108460,hdfc,current,2025-07-26,active,VALID
victoria8348@upi,cust102733,hdfc,savings,2024-11-20,active,VALID
joseph6945@upi,cust107226,kotak,savings,2025-05-29,active,VALID
william7488@upi,cust104970,axis,savings,2023-01-24,active,VALID
samuel4176@upi,cust108591,hdfc,savings,2025-04-07,active,VALID
kimberly6459@upi,cust109449,kotak,savings,2020-10-26,active,VALID
christopher7943@upi,cust101114,axis,savings,2025-01-02,active,VALID
edward5633@upi,cust104048,sbi,savings,2024-07-16,active,VALID
jeremy3263@upi,cust101646,icici,current,2023-05-10,active,VALID
alyssa6971@upi,cust107726,sbi,current,2025-01-08,active,VALID
andrew1769@upi,cust102545,icici,current,2024-11-11,active,VALID
deborah4843@upi,cust108355,axis,current,2023-07-28,active,VALID
scott5652@upi,cust106371,hdfc,current,2025-02-16,active,VALID
paige1470@upi,cust106744,sbi,current,2025-03-19,active,VALID
christopher6459@upi,cust101126,hdfc,credit_card_linked,2024-11-23,active,VALID
timothy3071@upi,cust108334,hdfc,current,2025-07-17,active,VALID
walter1279@upi,cust106592,sbi,savings,2024-07-17,active,VALID
travis3512@upi,cust101141,sbi,credit_card_linked,2024-09-11,active,VALID
brenda8908@upi,cust105724,sbi,savings,2025-06-07,active,VALID
dustin6030@upi,cust107019,axis,current,2025-06-25,active,VALID
erin9161@upi,cust107589,icici,current,2023-11-18,active,VALID
derrick6947@upi,cust107168,pnb,credit_card_linked,2023-08-12,active,VALID
nicole2501@upi,cust102471,pnb,savings,2025-05-27,active,VALID
william6492@upi,cust102105,sbi,credit_card_linked,2024-11-26,active,VALID
lisa6551@upi,cust108899,axis,current,2021-12-13,active,VALID
john7883@upi,cust109867,sbi,savings,2023-05-28,active,VALID
barbara8574@upi,cust102481,axis,current,2023-10-23,active,VALID
ryan7723@upi,cust100936,kotak,current,2025-05-28,active,VALID
terry3106@upi,cust105303,kotak,credit_card_linked,2024-09-12,active,VALID
amanda3790@upi,cust104646,icici,credit_card_linked,2022-05-20,active,VALID
lisa6413@upi,cust103033,axis,savings,2024-02-26,active,VALID
stephanie3200@upi,cust102508,axis,credit_card_linked,2024-09-29,active,VALID
nicole5108@upi,cust102129,pnb,current,2025-02-24,active,VALID
christina3000@upi,cust103975,pnb,current,2025-02-04,active,VALID
kristina6370@upi,cust103588,axis,savings,2025-04-25,active,VALID
caroline9978@upi,cust108201,icici,credit_card_linked,2025-05-11,active,VALID
tony5365@upi,cust109101,pnb,current,2025-08-05,active,VALID
lisa4971@upi,cust105546,pnb,current,2023-12-17,active,VALID
samuel7393@upi,cust108692,axis,credit_card_linked,2022-04-03,active,VALID
amy3270@upi,cust108366,pnb,savings,2025-07-18,active,VALID
sean3116@upi,cust101786,sbi,current,2024-12-17,active,VALID
kimberly7274@upi,cust109449,kotak,savings,2021-01-12,active,VALID
margaret6835@upi,cust109685,hdfc,current,2025-03-28,active,VALID
jacqueline4940@upi,cust101310,axis,savings,2022-05-03,active,VALID
brooke2035@upi,cust101306,pnb,savings,2025-03-02,active,VALID
spencer8950@upi,cust109928,icici,current,2024-09-22,active,VALID
george9554@upi,cust107952,sbi,savings,2024-06-16,active,VALID
matthew3965@upi,cust101276,kotak,savings,2023-05-04,active,VALID
christina6863@upi,cust100795,pnb,savings,2024-10-09,active,VALID
jack7511@upi,cust109210,hdfc,savings,2021-11-16,active,VALID
lauren8762@upi,cust108658,hdfc,savings,2021-10-14,active,VALID
deanna2363@upi,cust107416,hdfc,savings,2025-07-23,active,VALID
ryan5159@upi,cust106149,kotak,current,2022-10-05,active,VALID
amanda6594@upi,cust102118,kotak,current,2024-03-28,active,VALID
erin8182@upi,cust101328,kotak,current,2025-04-03,active,VALID
amber5301@upi,cust100234,icici,credit_card_linked,2023-01-27,active,VALID
carol8492@upi,cust100576,sbi,current,2025-03-06,active,VALID
dale9610@upi,cust103116,sbi,current,2023-06-05,active,VALID
alexandra3023@upi,cust103777,kotak,savings,2025-04-08,suspended,VALID
gloria1179@upi,cust105288,icici,savings,2024-11-17,active,VALID
robert7779@upi,cust101821,sbi,credit_card_linked,2024-02-06,active,VALID
laura1673@upi,cust108787,sbi,credit_card_linked,2025-05-23,active,VALID
maria2502@upi,cust100738,icici,credit_card_linked,2025-05-26,active,VALID
adrian5053@upi,cust105790,sbi,credit_card_linked,2024-12-07,active,VALID
thomas4442@upi,cust106380,pnb,current,2024-10-19,active,VALID
joseph2936@upi,cust107226,sbi,savings,2025-07-30,active,VALID
ariana3345@upi,cust100722,pnb,credit_card_linked,2025-06-30,active,VALID
breanna8330@upi,cust104087,kotak,savings,2025-04-09,active,VALID
tina2079@upi,cust100446,pnb,credit_card_linked,2023-08-24,active,VALID
jessica8125@upi,cust104660,kotak,credit_card_linked,2025-06-01,active,VALID
vanessa6348@upi,cust104281,sbi,current,2025-01-12,active,VALID
cynthia1262@upi,cust107259,sbi,savings,2025-05-17,active,VALID
ashley2967@upi,cust106285,pnb,savings,2025-07-24,active,VALID
kimberly6140@upi,cust106757,axis,savings,2023-02-17,blocked,VALID
stephanie8839@upi,cust102616,kotak,savings,2022-09-26,active,VALID
christopher6327@upi,cust101875,kotak,current,2023-10-16,active,VALID
stephen9633@upi,cust100271,icici,savings,2025-02-23,active,VALID
scott2337@upi,cust100627,sbi,credit_card_linked,2023-11-29,active,VALID
eric6726@upi,cust109850,kotak,savings,2024-06-27,active,VALID
lisa2796@upi,cust101324,sbi,current,2024-10-08,active,VALID
nancy1356@upi,cust106381,pnb,savings,2025-05-07,active,VALID
erica1466@upi,cust102787,pnb,current,2025-04-16,active,VALID
susan9785@upi,cust102247,sbi,current,2022-05-16,active,VALID
madison1888@upi,cust107720,kotak,credit_card_linked,2025-02-24,active,VALID
steven4902@upi,cust104418,hdfc,current,2022-11-15,active,VALID
mary4656@upi,cust102275,kotak,credit_card_linked,2024-11-16,active,VALID
jennifer8752@upi,cust108911,sbi,current,2024-08-14,suspended,VALID
shannon5772@upi,cust100981,kotak,credit_card_linked,2025-04-17,active,VALID
nancy3237@upi,cust106107,icici,current,2022-09-11,active,VALID
alisha1012@upi,cust102526,icici,savings,2024-07-25,active,VALID
jay8490@upi,cust102308,kotak,savings,2024-10-06,active,VALID
miranda7423@upi,cust101524,axis,savings,2025-07-13,active,VALID
james7472@upi,cust108134,hdfc,current,2024-07-02,active,VALID
jason5439@upi,cust102569,pnb,credit_card_linked,2025-08-03,active,VALID
bryan1570@upi,cust109249,pnb,savings,2024-07-31,active,VALID
tiffany9816@upi,cust105957,hdfc,credit_card_linked,2023-10-08,active,VALID
deanna7462@upi,cust107416,sbi,credit_card_linked,2024-12-11,active,VALID
michele5815@upi,cust103216,axis,credit_card_linked,2025-01-25,active,VALID
carl8211@upi,cust105889,sbi,savings,2024-06-25,suspended,VALID
laura7758@upi,cust102379,icici,credit_card_linked,2022-05-21,active,VALID
wesley9765@upi,cust108859,pnb,credit_card_linked,2025-01-29,active,VALID
crystal4392@upi,cust109432,kotak,credit_card_linked,2024-09-05,active,VALID
victoria2616@upi,cust108618,kotak,savings,2023-10-29,active,VALID
ryan5288@upi,cust109642,axis,credit_card_linked,2025-05-29,active,VALID
christopher6032@upi,cust109412,icici,savings,2024-03-23,active,VALID
edward3016@upi,cust108663,pnb,current,2023-08-21,active,VALID
heather9066@upi,cust103668,hdfc,credit_card_linked,2021-04-18,active,VALID
gregory8334@upi,cust103989,kotak,credit_card_linked,2025-06-24,active,VALID
paige5348@upi,cust101403,icici,current,2024-06-24,active,VALID
cassandra2232@upi,cust102320,pnb,savings,2024-04-11,active,VALID
andrew7563@upi,cust106241,hdfc,savings,2024-02-13,active,VALID
samantha5277@upi,cust108354,axis,current,2024-12-24,active,VALID
james1213@upi,cust100323,sbi,savings,2022-09-19,active,VALID
sarah1361@upi,cust104752,sbi,savings,2021-04-07,active,VALID
gregory5197@upi,cust108530,kotak,credit_card_linked,2025-02-22,active,VALID
robert4922@upi,cust101487,hdfc,savings,2023-07-07,active,VALID
samantha5433@upi,cust101439,icici,savings,2024-02-26,blocked,VALID
dr.4147@upi,cust100161,hdfc,current,2023-07-15,active,VALID
eric5746@upi,cust104974,sbi,credit_card_linked,2024-10-12,active,VALID
mrs.5489@upi,cust106269,axis,savings,2025-04-22,active,VALID
danielle5855@upi,cust105203,pnb,savings,2022-11-24,active,VALID
melinda6100@upi,cust106019,pnb,credit_card_linked,2021-09-22,active,VALID
amanda3907@upi,cust101951,kotak,current,2024-08-28,active,VALID
michelle3611@upi,cust109615,icici,current,2022-10-26,active,VALID
mark1340@upi,cust104378,axis,savings,2024-08-29,active,VALID
benjamin7653@upi,cust108673,pnb,savings,2024-09-29,active,VALID
jennifer6065@upi,cust108394,sbi,current,2022-02-21,active,VALID
chad2645@upi,cust105655,sbi,credit_card_linked,2024-08-10,active,VALID
michael8586@upi,cust109942,axis,credit_card_linked,2021-01-05,active,VALID
anthony8356@upi,cust103905,pnb,savings,2024-03-23,active,VALID
holly4331@upi,cust103849,sbi,current,2023-05-20,active,VALID
christina2600@upi,cust109474,icici,credit_card_linked,2024-04-04,active,VALID
taylor7377@upi,cust100121,icici,credit_card_linked,2025-04-30,active,VALID
dawn7767@upi,cust104738,pnb,current,2024-08-30,active,VALID
matthew3277@upi,cust104375,kotak,current,2025-07-23,active,VALID
gregory2534@upi,cust108091,sbi,current,2024-06-10,active,VALID
robert2572@upi,cust101226,icici,credit_card_linked,2024-08-22,active,VALID
lisa4480@upi,cust100652,sbi,current,2025-05-28,active,VALID
amanda5630@upi,cust104411,axis,savings,2024-06-14,active,VALID
diana5228@upi,cust100531,axis,credit_card_linked,2024-10-14,active,VALID
mark5680@upi,cust101407,icici,savings,2024-01-10,active,VALID
james5429@upi,cust100290,kotak,credit_card_linked,2025-03-02,active,VALID
gary2547@upi,cust101678,axis,credit_card_linked,2022-07-14,active,VALID
brent4376@upi,cust109454,icici,credit_card_linked,2023-01-04,active,VALID
cassandra5100@upi,cust108505,kotak,savings,2023-09-23,active,VALID
vincent5541@upi,cust104320,hdfc,credit_card_linked,2024-02-20,active,VALID
lisa3566@upi,cust108051,hdfc,credit_card_linked,2025-07-22,active,VALID
mrs.6729@upi,cust102504,pnb,savings,2024-10-13,active,VALID
james6111@upi,cust104187,sbi,credit_card_linked,2022-10-16,active,VALID
christopher9404@upi,cust107068,icici,current,2025-03-23,active,VALID
todd8909@upi,cust100012,kotak,credit_card_linked,2025-05-02,active,VALID
casey3112@upi,cust101823,kotak,credit_card_linked,2025-02-24,active,VALID
alicia5993@upi,cust101514,sbi,credit_card_linked,2024-11-06,active,VALID
jennifer1955@upi,cust102035,sbi,current,2025-01-27,active,VALID
ryan8700@upi,cust108825,hdfc,savings,2022-12-08,active,VALID
cameron6334@upi,cust100930,pnb,savings,2022-11-20,active,VALID
gary6700@upi,cust100954,pnb,savings,2023-12-07,active,VALID
brianna8121@upi,cust107059,hdfc,savings,2025-05-02,active,VALID
ashley6676@upi,cust101044,hdfc,credit_card_linked,2022-03-01,active,VALID
amy8962@upi,cust101163,axis,current,2024-07-08,active,VALID
anna6804@upi,cust103528,axis,savings,2021-02-07,active,VALID
charles9542@upi,cust108219,hdfc,current,2025-05-04,active,VALID
michael1306@upi,cust100035,icici,savings,2022-11-04,active,VALID
shawn7179@upi,cust109760,icici,credit_card_linked,2023-12-24,active,VALID
matthew7686@upi,cust104372,hdfc,current,2023-11-12,active,VALID
jesus5029@upi,cust105549,kotak,current,2023-08-05,active,VALID
michael7345@upi,cust109105,kotak,current,2025-06-22,active,VALID
fernando5654@upi,cust104370,pnb,current,2024-08-19,active,VALID
kelsey4277@upi,cust103850,pnb,credit_card_linked,2025-04-12,active,VALID
gloria2762@upi,cust102180,kotak,current,2024-04-07,active,VALID
thomas7493@upi,cust106230,hdfc,current,2022-11-12,blocked,VALID
zachary8338@upi,cust104558,icici,credit_card_linked,2024-01-15,active,VALID
joseph3842@upi,cust102758,hdfc,savings,2022-09-15,suspended,VALID
amy8768@upi,cust109121,hdfc,savings,2024-11-15,active,VALID
melissa6691@upi,cust107318,kotak,current,2021-12-12,active,VALID
thomas3802@upi,cust106043,pnb,credit_card_linked,2025-06-19,active,VALID
preston9466@upi,cust108601,sbi,credit_card_linked,2025-02-07,active,VALID
amanda2692@upi,cust103102,icici,savings,2024-11-13,active,VALID
denise9967@upi,cust101366,kotak,current,2023-07-08,active,VALID
lisa1222@upi,cust100749,pnb,credit_card_linked,2022-03-21,active,VALID
luis3329@upi,cust100569,sbi,credit_card_linked,2024-02-20,active,VALID
robert2847@upi,cust107214,kotak,current,2023-03-30,active,VALID
joseph8334@upi,cust107132,kotak,savings,2025-05-16,active,VALID
tyler5338@upi,cust102241,hdfc,savings,2023-09-19,blocked,VALID
alyssa6385@upi,cust103256,pnb,savings,2025-07-20,active,VALID
edward4219@upi,cust108488,axis,savings,2025-02-23,active,VALID
kelly8599@upi,cust107854,hdfc,credit_card_linked,2022-05-04,active,VALID
elizabeth1113@upi,cust105512,kotak,credit_card_linked,2023-04-14,active,VALID
melissa5561@upi,cust108486,axis,current,2024-08-31,active,VALID
shannon4385@upi,cust100410,kotak,credit_card_linked,2022-10-04,active,VALID
jeremy3875@upi,cust107083,hdfc,current,2025-05-08,active,VALID
kayla3905@upi,cust102861,pnb,credit_card_linked,2025-04-07,active,VALID
benjamin5403@upi,cust107099,hdfc,current,2025-03-15,active,VALID
dr.6843@upi,cust109194,sbi,savings,2021-02-07,active,VALID
ricky1169@upi,cust108022,sbi,credit_card_linked,2023-04-25,active,VALID
eric2195@upi,cust105940,icici,current,2024-05-13,active,VALID
lauren4516@upi,cust102933,sbi,current,2025-01-30,active,VALID
nicholas3672@upi,cust106639,sbi,credit_card_linked,2025-01-31,active,VALID
sarah6591@upi,cust100189,hdfc,current,2024-03-10,active,VALID
bradley9823@upi,cust104183,icici,credit_card_linked,2024-09-13,active,VALID
steven2795@upi,cust102145,axis,credit_card_linked,2025-03-18,active,VALID
phillip2129@upi,cust102036,pnb,current,2025-05-18,active,VALID
robin1589@upi,cust103008,icici,credit_card_linked,2024-11-04,active,VALID
donald5413@upi,cust102490,icici,credit_card_linked,2025-01-21,active,VALID
thomas1096@upi,cust105213,axis,credit_card_linked,2025-07-23,active,VALID
carla4991@upi,cust104424,icici,savings,2025-08-03,active,VALID
alicia8373@upi,cust105295,icici,credit_card_linked,2023-08-06,active,VALID
robert6654@upi,cust106411,hdfc,savings,2021-10-12,active,VALID
curtis1856@upi,cust105308,kotak,savings,2023-01-27,active,VALID
logan8428@upi,cust101179,axis,credit_card_linked,2024-08-05,suspended,VALID
calvin6433@upi,cust104157,pnb,current,2023-05-07,active,VALID
tiffany9447@upi,cust106158,kotak,current,2025-05-12,active,VALID
kathleen8178@upi,cust100312,hdfc,current,2023-04-28,active,VALID
lisa4299@upi,cust108375,axis,savings,2025-07-10,active,VALID
jennifer4094@upi,cust105772,pnb,current,2024-08-15,active,VALID
dr.7151@upi,cust105315,hdfc,savings,2024-06-23,active,VALID
katrina9298@upi,cust100728,sbi,savings,2025-02-10,active,VALID
kimberly6886@upi,cust103802,icici,credit_card_linked,2022-05-20,active,VALID
bobby8872@upi,cust107627,axis,savings,2023-09-20,active,VALID
george4882@upi,cust104746,hdfc,current,2025-02-09,active,VALID
tristan6603@upi,cust100692,kotak,current,2022-10-04,active,VALID
thomas8238@upi,cust109907,sbi,credit_card_linked,2025-05-24,active,VALID
paige9609@upi,cust101403,pnb,savings,2025-01-19,active,VALID
anna1921@upi,cust104806,pnb,savings,2025-02-06,active,VALID
michael8953@upi,cust101002,sbi,credit_card_linked,2025-06-28,blocked,VALID
jacob8415@upi,cust102378,sbi,credit_card_linked,2025-04-10,active,VALID
timothy7825@upi,cust106360,kotak,current,2025-04-10,active,VALID
jessica9444@upi,cust105877,pnb,savings,2024-05-09,active,VALID
rebecca3310@upi,cust101150,axis,savings,2024-06-13,active,VALID
jerry1885@upi,cust101527,sbi,current,2023-10-30,active,VALID
benjamin5952@upi,cust105223,hdfc,current,2025-04-11,active,VALID
theresa5728@upi,cust105110,axis,savings,2024-12-15,active,VALID
julie6616@upi,cust102630,hdfc,savings,2022-10-10,active,VALID
robert2197@upi,cust105009,hdfc,savings,2023-03-17,active,VALID
emma3575@upi,cust104829,kotak,credit_card_linked,2025-02-21,active,VALID
jeremy1895@upi,cust101432,sbi,savings,2025-05-25,active,VALID
joseph2691@upi,cust105923,sbi,savings,2024-01-30,active,VALID
james8586@upi,cust101605,pnb,credit_card_linked,2025-06-04,active,VALID
keith2823@upi,cust107810,pnb,credit_card_linked,2022-05-09,active,VALID
gregory6672@upi,cust104643,kotak,credit_card_linked,2025-03-26,active,VALID
jason1429@upi,cust105511,icici,current,2023-11-08,active,VALID
paul8110@upi,cust102391,icici,credit_card_linked,2021-09-19,active,VALID
michael9027@upi,cust105011,icici,credit_card_linked,2024-07-28,active,VALID
connie4974@upi,cust103964,hdfc,credit_card_linked,2025-01-08,active,VALID
emily5481@upi,cust106842,axis,credit_card_linked,2024-08-31,active,VALID
francis3132@upi,cust109940,pnb,savings,2024-09-02,active,VALID
emily7317@upi,cust109611,kotak,savings,2025-05-30,active,VALID
manuel4945@upi,cust108212,axis,credit_card_linked,2025-06-11,active,VALID
kristina8064@upi,cust106453,hdfc,current,2025-07-09,active,VALID
dustin7555@upi,cust102351,kotak,credit_card_linked,2024-12-01,blocked,VALID
katrina3961@upi,cust103204,axis,current,2025-07-02,active,VALID
rachel8226@upi,cust102151,kotak,current,2023-03-30,active,VALID
william2719@upi,cust102681,kotak,credit_card_linked,2024-11-27,active,VALID
alex4318@upi,cust109178,icici,savings,2025-06-23,active,VALID
mark5598@upi,cust100632,icici,savings,2025-01-02,active,VALID
melissa4977@upi,cust102642,kotak,current,2022-11-19,active,VALID
stephanie6985@upi,cust107798,pnb,savings,2023-06-16,active,VALID
virginia4359@upi,cust106253,axis,savings,2025-06-24,active,VALID
frank2888@upi,cust108792,kotak,savings,2025-07-23,active,VALID
jeffrey4259@upi,cust105030,sbi,savings,2025-04-01,active,VALID
daniel3941@upi,cust107595,icici,savings,2025-06-18,suspended,VALID
mrs.8382@upi,cust105502,axis,credit_card_linked,2024-01-20,active,VALID
carla3703@upi,cust103737,icici,savings,2023-07-02,active,VALID
yolanda4741@upi,cust100958,kotak,credit_card_linked,2024-11-04,active,VALID
tiffany4116@upi,cust107228,sbi,credit_card_linked,2020-11-24,active,VALID
samuel1864@upi,cust101222,kotak,current,2022-07-27,active,VALID
mark2315@upi,cust107825,icici,credit_card_linked,2024-10-14,active,VALID
phillip8672@upi,cust107964,hdfc,savings,2024-10-21,active,VALID
jeffrey6747@upi,cust106015,kotak,current,2025-06-03,active,VALID
kyle5795@upi,cust106689,sbi,savings,2025-07-01,active,VALID
julie3511@upi,cust102160,axis,savings,2024-02-13,active,VALID
carl3770@upi,cust104149,sbi,savings,2023-09-19,active,VALID
casey8936@upi,cust106171,axis,current,2024-01-21,active,VALID
zachary1792@upi,cust106788,icici,current,2025-04-08,active,VALID
anthony5696@upi,cust106825,pnb,credit_card_linked,2021-11-25,active,VALID
mark4994@upi,cust103634,kotak,savings,2023-08-18,active,VALID
gina5801@upi,cust101623,pnb,savings,2024-02-09,active,VALID
natalie9589@upi,cust100587,sbi,savings,2025-04-15,active,VALID
larry5394@upi,cust105448,hdfc,current,2024-12-04,active,VALID
patrick6631@upi,cust100811,axis,savings,2024-01-23,blocked,VALID
christina3302@upi,cust108415,pnb,credit_card_linked,2023-12-09,active,VALID
tracy6699@upi,cust109581,hdfc,credit_card_linked,2025-07-16,active,VALID
karen9233@upi,cust109821,axis,savings,2025-05-07,active,VALID
stacy2853@upi,cust107303,kotak,current,2022-06-22,active,VALID
frank7460@upi,cust105634,sbi,savings,2023-07-26,active,VALID
lauren2147@upi,cust102980,kotak,credit_card_linked,2024-09-08,active,VALID
whitney9969@upi,cust101482,sbi,savings,2024-10-27,active,VALID
michelle2109@upi,cust101680,sbi,savings,2021-07-21,active,VALID
rachel2898@upi,cust107676,axis,credit_card_linked,2024-04-04,active,VALID
melanie9360@upi,cust101611,icici,current,2024-11-09,active,VALID
ashley1456@upi,cust105124,pnb,savings,2023-12-29,active,VALID
alfred6017@upi,cust101419,pnb,savings,2025-06-05,active,VALID
christine8063@upi,cust109876,sbi,savings,2025-05-21,active,VALID
victoria8801@upi,cust109217,kotak,savings,2021-09-15,active,VALID
joseph8535@upi,cust103025,axis,credit_card_linked,2024-06-16,active,VALID
casey2465@upi,cust107836,pnb,savings,2025-06-22,active,VALID
jeffrey5172@upi,cust108890,hdfc,credit_card_linked,2025-03-03,active,VALID
jamie3047@upi,cust105670,kotak,savings,2025-06-24,active,VALID
taylor4050@upi,cust107940,pnb,credit_card_linked,2023-11-12,active,VALID
michael2079@upi,cust107458,pnb,savings,2023-06-07,active,VALID
david6535@upi,cust109853,kotak,savings,2025-01-08,active,VALID
jesse1092@upi,cust106341,kotak,current,2024-01-14,active,VALID
megan6186@upi,cust107745,kotak,current,2024-12-17,active,VALID
kimberly1453@upi,cust102098,hdfc,current,2024-12-25,active,VALID
tracy1530@upi,cust100045,axis,savings,2025-06-29,active,VALID
courtney5717@upi,cust100718,axis,credit_card_linked,2024-02-09,active,VALID
whitney5959@upi,cust108383,icici,credit_card_linked,2025-03-22,active,VALID
tina2527@upi,cust109117,sbi,credit_card_linked,2020-08-12,active,VALID
latoya7894@upi,cust109897,sbi,savings,2022-04-20,active,VALID
joseph9551@upi,cust102226,sbi,savings,2023-10-19,active,VALID
mary7415@upi,cust102227,sbi,current,2021-05-13,active,VALID
ashley9202@upi,cust101578,pnb,current,2023-04-13,active,VALID
jacob7574@upi,cust102665,icici,savings,2024-09-17,active,VALID
chad2340@upi,cust102494,icici,credit_card_linked,2024-09-22,active,VALID
rachel4089@upi,cust108194,axis,current,2023-11-09,active,VALID
mason6048@upi,cust106964,axis,credit_card_linked,2022-12-11,active,VALID
adrian6106@upi,cust104519,icici,current,2025-02-25,active,VALID
ian2687@upi,cust109995,icici,savings,2024-12-08,active,VALID
lisa3287@upi,cust108761,hdfc,current,2024-09-24,active,VALID
megan9854@upi,cust100176,hdfc,savings,2024-10-06,active,VALID
christopher5751@upi,cust109043,sbi,current,2023-11-25,active,VALID
john5290@upi,cust102239,axis,current,2025-01-29,active,VALID
martin5409@upi,cust107748,hdfc,credit_card_linked,2021-04-30,active,VALID
jerome3273@upi,cust106476,hdfc,savings,2024-10-20,active,VALID
michelle2655@upi,cust107789,pnb,current,2025-01-01,active,VALID
tiffany3800@upi,cust101500,pnb,current,2025-06-08,active,VALID
cassandra9424@upi,cust100684,icici,savings,2022-12-22,active,VALID
michael6533@upi,cust108174,axis,current,2025-01-30,active,VALID
denise6479@upi,cust101465,pnb,current,2024-08-23,active,VALID
andrew7109@upi,cust104984,axis,credit_card_linked,2023-12-28,active,VALID
roger8362@upi,cust106532,hdfc,current,2022-11-16,active,VALID
caroline4196@upi,cust104715,axis,current,2022-07-08,active,VALID
raymond2531@upi,cust107849,kotak,current,2024-04-26,active,VALID
diana2188@upi,cust101146,hdfc,savings,2024-03-02,active,VALID
kimberly6262@upi,cust107256,sbi,savings,2025-04-10,active,VALID
natalie1547@upi,cust100587,kotak,savings,2025-05-15,active,VALID
christopher6262@upi,cust107068,pnb,savings,2025-02-21,active,VALID
barry5986@upi,cust109407,axis,credit_card_linked,2024-01-18,active,VALID
jessica3849@upi,cust100822,sbi,credit_card_linked,2024-08-01,active,VALID
emily9169@upi,cust103687,icici,current,2024-09-01,suspended,VALID
mrs.9623@upi,cust105792,icici,current,2024-05-25,active,VALID
jordan8873@upi,cust102769,pnb,savings,2025-07-25,active,VALID
richard9999@upi,cust109771,icici,savings,2024-09-18,active,VALID
samantha4982@upi,cust109492,axis,current,2023-05-02,active,VALID
kelly6135@upi,cust109526,pnb,current,2025-02-12,active,VALID
michelle2081@upi,cust102760,icici,current,2023-10-26,active,VALID
wendy2689@upi,cust104096,axis,current,2023-05-21,active,VALID
michael8484@upi,cust100669,hdfc,credit_card_linked,2025-04-05,active,VALID
william7378@upi,cust107128,kotak,credit_card_linked,2024-04-04,active,VALID
amanda4708@upi,cust105808,pnb,savings,2025-04-21,active,VALID
marvin5269@upi,cust106082,icici,current,2024-10-07,active,VALID
kenneth3504@upi,cust105447,sbi,current,2025-05-25,active,VALID
angel1153@upi,cust108527,hdfc,credit_card_linked,2021-03-05,active,VALID
dean7842@upi,cust106416,pnb,savings,2024-06-12,suspended,VALID
stephanie8024@upi,cust104991,hdfc,current,2025-06-06,active,VALID
edward7439@upi,cust109619,axis,credit_card_linked,2025-05-29,active,VALID
jake9829@upi,cust101659,kotak,current,2024-09-20,active,VALID
angela7022@upi,cust109927,sbi,current,2024-04-21,active,VALID
william7554@upi,cust106277,axis,current,2024-01-05,suspended,VALID
michael2562@upi,cust105298,icici,current,2025-07-23,active,VALID
travis2389@upi,cust106719,kotak,credit_card_linked,2025-06-30,active,VALID
eric1541@upi,cust102252,axis,credit_card_linked,2025-04-13,active,VALID
matthew2567@upi,cust102492,sbi,savings,2024-01-14,active,VALID
carrie1549@upi,cust109476,axis,credit_card_linked,2024-10-10,blocked,VALID
jason8600@upi,cust107444,sbi,credit_card_linked,2024-09-01,active,VALID
sandra1601@upi,cust102163,hdfc,credit_card_linked,2023-08-21,active,VALID
scott7145@upi,cust105442,icici,savings,2025-07-31,active,VALID
ross2721@upi,cust100640,axis,credit_card_linked,2025-03-21,active,VALID
mrs.2984@upi,cust103052,pnb,savings,2025-07-11,active,VALID
hailey9074@upi,cust105991,axis,savings,2024-04-03,active,VALID
lisa9037@upi,cust103445,kotak,credit_card_linked,2025-07-30,active,VALID
katherine4254@upi,cust107656,kotak,credit_card_linked,2025-05-18,active,VALID
stephanie8242@upi,cust102720,kotak,current,2024-08-01,active,VALID
lisa9529@upi,cust102601,pnb,credit_card_linked,2024-07-20,active,VALID
kiara4641@upi,cust105807,axis,credit_card_linked,2023-01-06,active,VALID
joseph8443@upi,cust105766,icici,current,2025-01-27,active,VALID
brian7560@upi,cust109002,pnb,credit_card_linked,2024-09-17,active,VALID
pamela3530@upi,cust109388,kotak,savings,2024-04-07,active,VALID
molly6115@upi,cust106835,pnb,savings,2025-03-19,active,VALID
robin4478@upi,cust108157,sbi,current,2024-08-17,active,VALID
danielle4172@upi,cust100614,hdfc,savings,2025-06-25,active,VALID
rebecca1510@upi,cust108986,sbi,current,2023-09-29,active,VALID
kathleen1415@upi,cust102631,hdfc,savings,2023-08-03,active,VALID
nicholas3831@upi,cust105827,axis,current,2022-08-27,active,VALID
stephen1885@upi,cust104231,hdfc,credit_card_linked,2025-06-29,active,VALID
alice1397@upi,cust104732,sbi,current,2024-10-22,active,VALID
kim1183@upi,cust106145,kotak,savings,2024-08-02,active,VALID
nathaniel3443@upi,cust103674,icici,current,2023-02-13,active,VALID
thomas7068@upi,cust106092,kotak,current,2025-02-07,active,VALID
jonathan7703@upi,cust102291,icici,credit_card_linked,2024-10-25,active,VALID
oscar7819@upi,cust102911,axis,credit_card_linked,2024-04-22,active,VALID
vincent9808@upi,cust106906,pnb,savings,2024-05-11,active,VALID
rodney3254@upi,cust104206,icici,current,2025-06-15,active,VALID
joel5135@upi,cust108653,kotak,savings,2023-03-28,active,VALID
adrienne5497@upi,cust106975,pnb,current,2022-07-18,active,VALID
joshua4777@upi,cust100030,axis,savings,2025-02-17,active,VALID
jessica4958@upi,cust109460,kotak,credit_card_linked,2025-05-29,suspended,VALID
allison5590@upi,cust105114,pnb,current,2025-05-24,active,VALID
walter6996@upi,cust105686,icici,savings,2025-05-07,active,VALID
catherine7196@upi,cust107221,sbi,savings,2023-11-14,active,VALID
kenneth8154@upi,cust103951,kotak,savings,2025-01-24,active,VALID
bridget9114@upi,cust104033,kotak,credit_card_linked,2024-11-01,active,VALID
keith5498@upi,cust105993,sbi,savings,2023-01-10,active,VALID
jonathan5969@upi,cust109322,hdfc,current,2025-01-07,active,VALID
nathan9047@upi,cust104649,kotak,savings,2024-06-11,active,VALID
robert4150@upi,cust105290,icici,credit_card_linked,2024-11-08,active,VALID
steven4536@upi,cust100602,icici,savings,2024-10-17,active,VALID
dennis2688@upi,cust107474,kotak,credit_card_linked,2023-12-19,active,VALID
amy9769@upi,cust104076,icici,current,2022-02-23,active,VALID
justin9836@upi,cust108227,axis,credit_card_linked,2024-12-17,active,VALID
michelle3377@upi,cust102952,hdfc,savings,2022-09-01,active,VALID
adrian8745@upi,cust103043,pnb,savings,2024-12-16,active,VALID
timothy1177@upi,cust100687,icici,current,2024-06-13,active,VALID
roger9695@upi,cust108855,axis,credit_card_linked,2021-10-26,active,VALID
christina2313@upi,cust105404,kotak,credit_card_linked,2025-04-24,active,VALID
cheryl2947@upi,cust104377,kotak,savings,2025-06-19,active,VALID
kristina1750@upi,cust105449,axis,current,2024-05-15,active,VALID
kim2623@upi,cust103788,sbi,credit_card_linked,2024-10-21,active,VALID
morgan3564@upi,cust102641,icici,current,2024-08-07,active,VALID
paige6621@upi,cust104559,pnb,savings,2025-06-02,active,VALID
dr.7856@upi,cust101679,kotak,credit_card_linked,2021-08-14,suspended,VALID
michael3374@upi,cust106550,sbi,current,2025-07-05,active,VALID
tyler6015@upi,cust109845,sbi,credit_card_linked,2024-05-19,active,VALID
kimberly3006@upi,cust109225,axis,credit_card_linked,2025-06-06,active,VALID
patricia7294@upi,cust107089,icici,credit_card_linked,2022-10-23,active,VALID
anthony2635@upi,cust101607,kotak,current,2023-09-25,active,VALID
joseph3093@upi,cust109386,icici,credit_card_linked,2025-07-22,active,VALID
eddie3341@upi,cust103594,sbi,current,2023-05-07,active,VALID
katie9169@upi,cust105744,hdfc,current,2025-06-15,active,VALID
monica2718@upi,cust105169,axis,savings,2025-04-13,active,VALID
john1911@upi,cust106554,icici,savings,2023-05-23,active,VALID
melanie9714@upi,cust109788,sbi,savings,2023-02-26,active,VALID
lisa6842@upi,cust103445,sbi,savings,2025-02-28,active,VALID
stephanie1348@upi,cust109974,pnb,savings,2021-10-26,active,VALID
andrew7717@upi,cust108554,pnb,savings,2023-04-22,blocked,VALID
alexander8124@upi,cust106953,kotak,savings,2024-10-09,active,VALID
jessica8614@upi,cust102169,kotak,credit_card_linked,2025-06-08,active,VALID
julie3400@upi,cust105148,hdfc,current,2025-08-02,active,VALID
jill1299@upi,cust103015,hdfc,savings,2024-06-27,active,VALID
david3829@upi,cust107863,kotak,savings,2023-12-31,active,VALID
russell8432@upi,cust101883,sbi,current,2024-10-29,active,VALID
mario9414@upi,cust108510,kotak,credit_card_linked,2023-12-30,active,VALID
lorraine7897@upi,cust101352,hdfc,current,2021-09-17,active,VALID
krystal1074@upi,cust100123,axis,current,2025-04-13,active,VALID
ryan1220@upi,cust109565,pnb,current,2024-03-29,active,VALID
victoria1840@upi,cust108402,kotak,current,2024-12-21,active,VALID
kevin6427@upi,cust102664,axis,savings,2024-10-25,active,VALID
lance3139@upi,cust109245,sbi,current,2024-08-10,active,VALID
elizabeth6434@upi,cust101730,sbi,current,2024-08-15,active,VALID
craig8784@upi,cust104840,kotak,current,2024-08-20,active,VALID
margaret1201@upi,cust100357,hdfc,savings,2025-03-15,active,VALID
joe4610@upi,cust107405,hdfc,savings,2021-10-03,active,VALID
brett2519@upi,cust102397,hdfc,savings,2024-01-12,active,VALID
tammy5492@upi,cust104837,axis,current,2022-06-02,active,VALID
melissa4833@upi,cust102425,icici,current,2024-07-13,suspended,VALID
stephanie3671@upi,cust104263,icici,current,2024-10-26,active,VALID
tony4357@upi,cust104198,hdfc,current,2023-04-04,active,VALID
kevin4468@upi,cust103021,hdfc,current,2025-08-05,active,VALID
john9862@upi,cust104319,icici,savings,2022-08-10,active,VALID
gabriel7399@upi,cust109289,hdfc,current,2025-04-06,active,VALID
kari8483@upi,cust105731,icici,credit_card_linked,2025-07-31,active,VALID
amy6922@upi,cust103480,icici,current,2025-08-01,active,VALID
erica3139@upi,cust101447,hdfc,savings,2024-09-10,active,VALID
susan7396@upi,cust101256,hdfc,savings,2024-03-02,active,VALID
bryan8997@upi,cust106910,pnb,credit_card_linked,2025-07-15,active,VALID
matthew5090@upi,cust101047,axis,current,2024-08-09,active,VALID
laura8109@upi,cust102288,icici,savings,2024-03-20,blocked,VALID
christine3084@upi,cust109515,axis,current,2025-05-08,active,VALID
andrea7516@upi,cust109435,sbi,credit_card_linked,2023-06-15,active,VALID
rodney4033@upi,cust102047,pnb,credit_card_linked,2024-01-31,active,VALID
lisa5011@upi,cust104780,kotak,savings,2023-02-10,active,VALID
jeffrey4092@upi,cust105030,icici,credit_card_linked,2025-07-22,active,VALID
felicia2422@upi,cust101977,axis,credit_card_linked,2025-05-30,active,VALID
david1837@upi,cust109479,axis,savings,2022-09-04,active,VALID
james4324@upi,cust104841,pnb,savings,2025-06-10,active,VALID
darrell8140@upi,cust100810,hdfc,savings,2021-12-26,active,VALID
frank8425@upi,cust103456,kotak,current,2024-02-29,suspended,VALID
jordan2952@upi,cust100604,icici,savings,2025-05-08,suspended,VALID
brendan7436@upi,cust107868,pnb,savings,2023-06-17,active,VALID
logan2452@upi,cust106653,pnb,current,2025-07-21,active,VALID
richard1941@upi,cust109961,axis,credit_card_linked,2025-07-13,active,VALID
kevin9071@upi,cust105414,kotak,savings,2025-01-14,active,VALID
tracey6707@upi,cust107070,icici,savings,2022-06-28,active,VALID
jason3178@upi,cust108689,icici,credit_card_linked,2020-11-10,suspended,VALID
charles5160@upi,cust107856,pnb,credit_card_linked,2025-05-06,active,VALID
tony4389@upi,cust103696,hdfc,savings,2021-04-30,active,VALID
richard2253@upi,cust101643,kotak,credit_card_linked,2025-02-08,suspended,VALID
oscar6199@upi,cust102142,axis,current,2023-10-19,active,VALID
vickie2683@upi,cust108230,sbi,savings,2023-06-10,active,VALID
teresa2860@upi,cust107339,pnb,credit_card_linked,2022-03-29,active,VALID
mike2592@upi,cust108524,hdfc,current,2021-12-01,active,VALID
terry1905@upi,cust107253,hdfc,current,2024-02-08,active,VALID
shane7923@upi,cust109793,sbi,current,2023-03-18,active,VALID
bridget5196@upi,cust108621,axis,savings,2025-08-04,active,VALID
miss8716@upi,cust106889,sbi,credit_card_linked,2024-04-20,active,VALID
debbie4146@upi,cust107196,pnb,current,2024-02-18,active,VALID
kaitlyn2091@upi,cust103970,hdfc,credit_card_linked,2021-10-12,active,VALID
joseph1720@upi,cust105271,sbi,credit_card_linked,2023-04-08,suspended,VALID
rachel7241@upi,cust108194,hdfc,savings,2022-10-13,active,VALID
brooke4311@upi,cust105645,kotak,credit_card_linked,2025-02-05,active,VALID
brandon4242@upi,cust101468,kotak,current,2023-06-17,active,VALID
kenneth6114@upi,cust108661,pnb,savings,2023-06-08,active,VALID
david4681@upi,cust100567,icici,current,2022-08-11,active,VALID
david3659@upi,cust100976,kotak,savings,2023-04-23,active,VALID
joshua4820@upi,cust107077,pnb,credit_card_linked,2025-03-31,active,VALID
kenneth6318@upi,cust108661,sbi,current,2021-08-12,active,VALID
robert4108@upi,cust107692,icici,current,2025-05-31,active,VALID
heather6697@upi,cust101505,axis,current,2024-05-22,active,VALID
stacy2181@upi,cust109833,axis,savings,2023-08-24,active,VALID
david9308@upi,cust106469,sbi,savings,2022-06-17,active,VALID
warren3908@upi,cust103835,icici,current,2023-03-19,active,VALID
timothy6437@upi,cust107198,hdfc,savings,2025-05-11,active,VALID
rachel4520@upi,cust101396,sbi,current,2024-07-12,active,VALID
maria7035@upi,cust102930,hdfc,savings,2025-01-16,active,VALID
kaitlyn9978@upi,cust108265,hdfc,current,2024-12-21,suspended,VALID
joshua6601@upi,cust105701,hdfc,credit_card_linked,2023-04-11,active,VALID
michael9570@upi,cust109942,pnb,savings,2022-11-16,active,VALID
regina1366@upi,cust109816,hdfc,savings,2025-05-27,active,VALID
elijah6521@upi,cust100463,hdfc,credit_card_linked,2024-10-10,active,VALID
brady9621@upi,cust104775,pnb,credit_card_linked,2025-07-19,active,VALID
amy3056@upi,cust105362,kotak,current,2023-05-09,active,VALID
justin9001@upi,cust105882,pnb,credit_card_linked,2025-04-19,active,VALID
jessica2138@upi,cust105020,hdfc,current,2025-01-19,blocked,VALID
nicole4650@upi,cust100227,pnb,savings,2023-03-16,active,VALID
vincent7550@upi,cust104944,axis,credit_card_linked,2024-09-11,active,VALID
michael9687@upi,cust103105,pnb,current,2021-06-18,active,VALID
lynn8188@upi,cust105660,axis,credit_card_linked,2024-10-20,suspended,VALID
ashlee6168@upi,cust100928,sbi,current,2025-04-29,active,VALID
jonathan9878@upi,cust108539,pnb,current,2024-08-10,active,VALID
sharon5747@upi,cust108502,icici,savings,2025-02-16,active,VALID
gerald8359@upi,cust101516,pnb,credit_card_linked,2025-01-07,active,VALID
haley8171@upi,cust103007,axis,savings,2024-08-28,active,VALID
kyle4708@upi,cust108297,sbi,current,2024-10-26,active,VALID
natalie4758@upi,cust108634,icici,savings,2025-07-09,active,VALID
erik5146@upi,cust108050,kotak,savings,2023-01-06,active,VALID
alexander1571@upi,cust105218,pnb,credit_card_linked,2025-02-27,active,VALID
ashley8701@upi,cust107344,icici,savings,2024-05-07,active,VALID
jacob3774@upi,cust106144,pnb,credit_card_linked,2025-06-11,active,VALID
kelly3122@upi,cust104515,axis,savings,2023-01-17,active,VALID
brent3348@upi,cust109594,hdfc,current,2025-02-11,active,VALID
joshua3801@upi,cust102272,sbi,current,2024-09-16,active,VALID
savannah6516@upi,cust105871,hdfc,current,2022-07-01,active,VALID
jeanne6943@upi,cust100973,pnb,savings,2025-01-29,active,VALID
destiny5952@upi,cust102668,icici,savings,2022-03-07,active,VALID
brent3714@upi,cust104191,sbi,current,2023-12-02,active,VALID
sherry2925@upi,cust102598,axis,savings,2025-08-05,active,VALID
steven1098@upi,cust105519,hdfc,current,2025-03-20,suspended,VALID
jeffery6191@upi,cust108420,pnb,credit_card_linked,2025-01-30,blocked,VALID
lori1538@upi,cust104253,icici,savings,2024-01-05,active,VALID
michele4098@upi,cust101182,axis,current,2023-04-30,active,VALID
michael1842@upi,cust100100,axis,credit_card_linked,2024-10-30,active,VALID
brianna3669@upi,cust107681,axis,savings,2024-06-18,active,VALID
julie8345@upi,cust105575,sbi,savings,2025-07-23,active,VALID
holly8394@upi,cust104846,hdfc,savings,2025-03-04,active,VALID
mindy8102@upi,cust107682,kotak,savings,2024-07-04,active,VALID
robert4421@upi,cust106411,kotak,credit_card_linked,2021-10-10,active,VALID
stephanie1441@upi,cust100274,pnb,savings,2023-12-30,active,VALID
ryan4766@upi,cust103403,kotak,savings,2024-06-26,active,VALID
william8163@upi,cust102243,pnb,credit_card_linked,2023-08-07,active,VALID
mia4454@upi,cust104817,sbi,credit_card_linked,2025-05-25,active,VALID
dana1696@upi,cust103467,icici,savings,2023-03-03,blocked,VALID
sarah8827@upi,cust101741,axis,current,2025-07-22,active,VALID
laura6632@upi,cust109391,icici,savings,2022-06-14,active,VALID
jennifer3655@upi,cust100997,icici,savings,2025-01-25,active,VALID
tammy4998@upi,cust108247,icici,credit_card_linked,2025-01-01,active,VALID
connie2929@upi,cust103964,pnb,current,2024-04-14,active,VALID
sierra6001@upi,cust100359,hdfc,current,2023-10-12,active,VALID
christopher6846@upi,cust103697,hdfc,credit_card_linked,2023-05-16,active,VALID
lisa8419@upi,cust100535,icici,credit_card_linked,2025-04-07,active,VALID
derrick2008@upi,cust107168,kotak,savings,2025-01-10,active,VALID
sierra6816@upi,cust109106,hdfc,current,2024-06-28,active,VALID
carrie4005@upi,cust107986,axis,credit_card_linked,2023-06-20,active,VALID
heather6010@upi,cust104399,hdfc,credit_card_linked,2025-08-03,active,VALID
christina5171@upi,cust109474,sbi,credit_card_linked,2021-11-08,active,VALID
alejandro9833@upi,cust107929,kotak,savings,2025-06-10,active,VALID
jean5715@upi,cust102940,sbi,credit_card_linked,2025-01-20,active,VALID
russell1953@upi,cust102236,hdfc,current,2025-02-12,active,VALID
johnathan4107@upi,cust100444,hdfc,savings,2022-08-16,active,VALID
connie7311@upi,cust107606,axis,current,2021-11-20,active,VALID
jacob6173@upi,cust102851,sbi,savings,2025-03-29,active,VALID
matthew6072@upi,cust107551,icici,current,2025-08-05,active,VALID
grace7126@upi,cust101512,icici,savings,2024-12-22,active,VALID
tracy4522@upi,cust102404,sbi,credit_card_linked,2025-07-12,active,VALID
joshua8975@upi,cust108949,pnb,current,2025-06-13,active,VALID
chelsea8661@upi,cust103130,icici,credit_card_linked,2024-12-26,active,VALID
lori6029@upi,cust104983,kotak,savings,2025-06-11,active,VALID
michael8127@upi,cust101484,kotak,current,2023-02-24,active,VALID
jason8564@upi,cust104849,kotak,credit_card_linked,2024-08-12,active,VALID
derek5324@upi,cust101426,icici,current,2024-07-07,active,VALID
marc1395@upi,cust106731,sbi,current,2024-08-21,active,VALID
michael2348@upi,cust109052,icici,savings,2022-05-05,active,VALID
ryan3073@upi,cust109018,kotak,credit_card_linked,2024-12-08,active,VALID
daniel2346@upi,cust109716,sbi,savings,2024-08-13,active,VALID
david5143@upi,cust105137,axis,savings,2024-08-07,suspended,VALID
crystal2436@upi,cust100317,icici,savings,2024-07-18,active,VALID
daniel6861@upi,cust108786,pnb,credit_card_linked,2021-05-03,active,VALID
albert3118@upi,cust109433,hdfc,savings,2023-01-27,active,VALID
michael4635@upi,cust102033,sbi,savings,2023-08-18,active,VALID
sandra3743@upi,cust106882,sbi,current,2024-11-19,active,VALID
kelly4321@upi,cust100758,axis,savings,2024-02-04,active,VALID
eric9354@upi,cust105559,pnb,savings,2023-09-23,active,VALID
james8441@upi,cust108371,icici,savings,2024-12-13,active,VALID
james8179@upi,cust107509,axis,savings,2025-01-03,active,VALID
charles6332@upi,cust109157,sbi,credit_card_linked,2023-11-23,active,VALID
debbie8712@upi,cust108472,sbi,credit_card_linked,2024-08-23,active,VALID
melissa7978@upi,cust108600,icici,current,2024-07-28,active,VALID
shannon6791@upi,cust100770,kotak,credit_card_linked,2024-08-19,active,VALID
justin9900@upi,cust103823,icici,credit_card_linked,2023-12-04,active,VALID
maurice8371@upi,cust104762,sbi,credit_card_linked,2025-03-08,active,VALID
connie5411@upi,cust106891,icici,credit_card_linked,2024-11-14,active,VALID
vincent8533@upi,cust104320,pnb,current,2022-11-03,active,VALID
lisa9485@upi,cust100647,hdfc,credit_card_linked,2025-03-15,active,VALID
mitchell6963@upi,cust109664,sbi,current,2025-06-26,active,VALID
ryan9414@upi,cust107181,axis,savings,2024-05-02,active,VALID
charles5211@upi,cust100651,sbi,credit_card_linked,2022-07-26,active,VALID
kristen6491@upi,cust109146,axis,current,2021-01-07,blocked,VALID
morgan7802@upi,cust102641,axis,credit_card_linked,2025-02-11,active,VALID
emma2044@upi,cust103851,sbi,credit_card_linked,2023-06-06,active,VALID
daniel3589@upi,cust107134,sbi,credit_card_linked,2025-04-22,active,VALID
alexandra6247@upi,cust103777,icici,savings,2022-03-29,active,VALID
kevin9341@upi,cust105707,icici,current,2025-04-27,active,VALID
christopher5444@upi,cust101698,hdfc,credit_card_linked,2025-06-05,active,VALID
michael8376@upi,cust105592,sbi,current,2025-05-30,active,VALID
jonathan3775@upi,cust109164,hdfc,current,2025-06-28,active,VALID
theresa4316@upi,cust102984,axis,savings,2025-07-27,active,VALID
amy8598@upi,cust108765,icici,current,2025-01-19,active,VALID
sandra4388@upi,cust101067,sbi,credit_card_linked,2025-07-13,active,VALID
vincent9650@upi,cust107861,kotak,credit_card_linked,2022-05-28,active,VALID
michael8210@upi,cust108763,pnb,credit_card_linked,2024-11-14,active,VALID
amber9368@upi,cust102531,sbi,current,2024-04-23,active,VALID
maria7382@upi,cust101022,icici,savings,2022-09-25,active,VALID
jessica6764@upi,cust102136,icici,savings,2025-02-08,active,VALID
jeffrey1338@upi,cust109507,sbi,credit_card_linked,2024-02-22,blocked,VALID
michael5053@upi,cust109138,sbi,current,2025-06-20,active,VALID
michael5659@upi,cust104089,axis,credit_card_linked,2023-08-27,active,VALID
james8232@upi,cust105985,axis,credit_card_linked,2022-12-13,active,VALID
ryan1570@upi,cust105879,axis,credit_card_linked,2022-07-14,active,VALID
anthony8405@upi,cust102871,hdfc,savings,2022-12-13,active,VALID
kathryn4109@upi,cust103099,sbi,current,2024-04-13,active,VALID
bruce2405@upi,cust102708,pnb,credit_card_linked,2024-07-17,active,VALID
eric6768@upi,cust109850,hdfc,savings,2022-11-04,active,VALID
natalie8277@upi,cust100587,axis,credit_card_linked,2024-11-19,active,VALID
patricia6036@upi,cust104975,pnb,credit_card_linked,2024-04-01,active,VALID
henry9513@upi,cust104571,kotak,current,2021-05-24,suspended,VALID
jason4576@upi,cust109843,sbi,credit_card_linked,2025-06-07,active,VALID
rebecca9233@upi,cust104064,pnb,credit_card_linked,2021-10-05,active,VALID
michael2927@upi,cust105944,icici,savings,2022-10-15,active,VALID
daniel1002@upi,cust105350,hdfc,savings,2025-05-29,active,VALID
devin4384@upi,cust108662,sbi,current,2024-08-20,active,VALID
jennifer5896@upi,cust103397,pnb,current,2023-11-24,active,VALID
samuel9663@upi,cust107695,axis,current,2025-07-23,active,VALID
brandon9741@upi,cust100839,pnb,savings,2025-02-07,active,VALID
joann7287@upi,cust105638,sbi,current,2023-06-04,active,VALID
daniel6208@upi,cust106110,kotak,credit_card_linked,2024-10-13,active,VALID
leah8496@upi,cust103804,sbi,savings,2025-05-19,active,VALID
michelle5105@upi,cust108523,axis,credit_card_linked,2024-03-30,active,VALID
patricia5185@upi,cust101880,axis,credit_card_linked,2025-05-06,active,VALID
diana3964@upi,cust108729,pnb,credit_card_linked,2025-07-23,active,VALID
melissa3073@upi,cust105280,kotak,current,2025-05-18,active,VALID
michele5144@upi,cust103405,hdfc,credit_card_linked,2023-12-10,active,VALID
dr.8874@upi,cust104721,icici,current,2023-05-09,suspended,VALID
michael5544@upi,cust101755,icici,credit_card_linked,2024-08-28,active,VALID
william7644@upi,cust102580,icici,credit_card_linked,2023-12-29,active,VALID
kristi2038@upi,cust101392,axis,credit_card_linked,2025-05-21,active,VALID
nathaniel4789@upi,cust105948,hdfc,savings,2021-12-11,active,VALID
jacqueline9933@upi,cust102832,sbi,credit_card_linked,2022-07-26,active,VALID
stephanie7245@upi,cust107573,icici,current,2024-10-27,active,VALID
courtney7766@upi,cust102864,kotak,savings,2021-04-28,active,VALID
jonathan7595@upi,cust109490,kotak,credit_card_linked,2025-04-22,active,VALID
joseph9546@upi,cust104923,hdfc,savings,2023-09-17,active,VALID
michelle8518@upi,cust109324,sbi,savings,2024-07-15,active,VALID
christopher1453@upi,cust107728,pnb,credit_card_linked,2024-11-09,active,VALID
jennifer7689@upi,cust102850,kotak,credit_card_linked,2025-07-23,active,VALID
karen1892@upi,cust107702,icici,savings,2025-07-02,active,VALID
jermaine2315@upi,cust101420,icici,credit_card_linked,2023-08-20,active,VALID
megan3607@upi,cust107635,hdfc,savings,2025-04-06,active,VALID
justin2397@upi,cust104786,pnb,savings,2022-07-01,active,VALID
mckenzie9019@upi,cust100910,hdfc,current,2022-03-25,active,VALID
gregory3591@upi,cust107499,axis,credit_card_linked,2021-08-13,active,VALID
stacy9926@upi,cust108965,axis,savings,2025-04-17,active,VALID
julia8333@upi,cust109676,icici,credit_card_linked,2023-08-18,active,VALID
andrea9880@upi,cust107560,kotak,savings,2024-04-19,active,VALID
joseph1316@upi,cust109133,pnb,current,2023-10-12,active,VALID
jeffrey3546@upi,cust101797,hdfc,credit_card_linked,2023-06-06,suspended,VALID
heidi6371@upi,cust108259,icici,credit_card_linked,2024-12-19,active,VALID
tammy3167@upi,cust102976,hdfc,credit_card_linked,2025-05-23,active,VALID
taylor9118@upi,cust105699,icici,savings,2024-02-27,active,VALID
paul8778@upi,cust109864,pnb,current,2025-02-28,active,VALID
sara5194@upi,cust100558,kotak,credit_card_linked,2025-02-25,active,VALID
megan5497@upi,cust109275,hdfc,savings,2021-08-10,active,VALID
kevin1193@upi,cust104339,axis,credit_card_linked,2022-04-02,active,VALID
andrew1754@upi,cust102432,axis,current,2022-12-19,active,VALID
marie1712@upi,cust108886,axis,credit_card_linked,2025-01-04,active,VALID
jonathan8946@upi,cust103584,hdfc,current,2025-06-04,active,VALID
christine6390@upi,cust105189,pnb,credit_card_linked,2025-07-05,active,VALID
alyssa1839@upi,cust100518,hdfc,savings,2025-03-25,active,VALID
bryan5679@upi,cust101925,axis,current,2023-04-26,active,VALID
lauren6864@upi,cust105115,icici,current,2025-05-06,active,VALID
marcus7255@upi,cust103444,kotak,current,2025-06-12,active,VALID
stephanie3824@upi,cust101363,pnb,current,2025-04-08,active,VALID
julie7573@upi,cust101466,sbi,savings,2025-06-15,active,VALID
charles9767@upi,cust102950,sbi,credit_card_linked,2023-02-25,blocked,VALID
shane9225@upi,cust106132,hdfc,credit_card_linked,2025-08-04,suspended,VALID
timothy9595@upi,cust107957,axis,current,2024-12-21,active,VALID
raymond6863@upi,cust100254,pnb,current,2024-11-15,active,VALID
stephen4222@upi,cust100066,icici,current,2022-08-31,active,VALID
anna2284@upi,cust109171,axis,savings,2025-08-04,active,VALID
michael1235@upi,cust108633,hdfc,savings,2024-02-07,active,VALID
katrina2147@upi,cust105769,icici,savings,2025-04-15,active,VALID
jay5749@upi,cust106369,sbi,credit_card_linked,2023-12-05,suspended,VALID
zachary2622@upi,cust100255,hdfc,savings,2025-05-05,active,VALID
randy2897@upi,cust109389,kotak,savings,2025-02-26,active,VALID
brittney8596@upi,cust104930,pnb,current,2025-01-09,active,VALID
daniel5401@upi,cust102208,pnb,credit_card_linked,2023-04-03,active,VALID
dorothy7942@upi,cust105179,hdfc,current,2021-10-12,active,VALID
mrs.5831@upi,cust108873,sbi,savings,2023-07-08,active,VALID
brenda9719@upi,cust103543,icici,credit_card_linked,2024-11-03,active,VALID
anthony7797@upi,cust105578,hdfc,current,2024-05-26,active,VALID
katie9194@upi,cust102333,pnb,savings,2023-08-22,active,VALID
christina3124@upi,cust101302,icici,credit_card_linked,2024-12-10,active,VALID
melissa1322@upi,cust103182,icici,credit_card_linked,2024-08-10,active,VALID
joseph5440@upi,cust105728,hdfc,credit_card_linked,2024-06-22,suspended,VALID
valerie3787@upi,cust103367,pnb,credit_card_linked,2024-12-17,blocked,VALID
alexandria6779@upi,cust109477,pnb,credit_card_linked,2025-08-04,active,VALID
brittney4970@upi,cust105597,sbi,current,2024-08-26,active,VALID
jeffrey7785@upi,cust103207,hdfc,credit_card_linked,2024-04-22,active,VALID
william2171@upi,cust101362,sbi,credit_card_linked,2023-08-21,active,VALID
david4093@upi,cust104278,icici,savings,2023-12-15,active,VALID
michele9000@upi,cust102543,icici,savings,2023-02-27,active,VALID
stephanie5907@upi,cust104152,sbi,credit_card_linked,2025-06-26,active,VALID
julie6143@upi,cust102538,kotak,credit_card_linked,2023-09-23,active,VALID
daniel4253@upi,cust101511,icici,current,2024-06-16,active,VALID
theresa5662@upi,cust104016,pnb,credit_card_linked,2025-05-04,active,VALID
adam3405@upi,cust104563,kotak,savings,2025-05-13,active,VALID
pam5415@upi,cust105230,axis,savings,2024-04-08,active,VALID
steven3931@upi,cust101128,pnb,credit_card_linked,2024-06-26,active,VALID
maria2871@upi,cust106633,axis,current,2023-10-27,active,VALID
mrs.9449@upi,cust103757,axis,credit_card_linked,2025-01-16,active,VALID
dominic6066@upi,cust100305,icici,credit_card_linked,2024-02-19,active,VALID
jennifer2697@upi,cust102912,pnb,current,2023-11-14,active,VALID
dr.5602@upi,cust107928,kotak,credit_card_linked,2023-11-19,active,VALID
roger2346@upi,cust106785,icici,credit_card_linked,2025-07-19,active,VALID
john9699@upi,cust107851,pnb,current,2023-07-22,active,VALID
david6707@upi,cust107312,sbi,savings,2024-04-10,active,VALID
lawrence4201@upi,cust106119,hdfc,credit_card_linked,2024-01-21,active,VALID
alexander7026@upi,cust101296,kotak,current,2022-11-05,active,VALID
joseph4459@upi,cust105832,pnb,credit_card_linked,2023-03-10,active,VALID
michael3683@upi,cust106008,pnb,savings,2025-04-03,active,VALID
deanna7179@upi,cust101454,sbi,credit_card_linked,2025-02-10,active,VALID
heather4393@upi,cust100241,pnb,credit_card_linked,2025-07-29,active,VALID
stacey3840@upi,cust106548,hdfc,savings,2021-12-23,active,VALID
russell8925@upi,cust108589,hdfc,credit_card_linked,2024-12-27,active,VALID
jamie2640@upi,cust109115,sbi,current,2023-09-05,active,VALID
kevin7020@upi,cust103612,sbi,savings,2024-12-14,active,VALID
adam4485@upi,cust108540,pnb,savings,2024-10-15,active,VALID
heather1273@upi,cust101147,sbi,current,2025-04-26,active,VALID
michael4096@upi,cust109844,hdfc,credit_card_linked,2025-06-14,active,VALID
anthony4920@upi,cust100609,hdfc,current,2025-07-19,active,VALID
james1289@upi,cust104821,pnb,savings,2024-06-12,active,VALID
michael9886@upi,cust102981,icici,credit_card_linked,2024-10-20,active,VALID
david7615@upi,cust105066,axis,current,2025-03-11,active,VALID
katelyn2349@upi,cust104006,hdfc,credit_card_linked,2022-01-22,active,VALID
andrew1843@upi,cust103261,kotak,credit_card_linked,2020-12-10,active,VALID
joseph1605@upi,cust104922,hdfc,current,2025-07-24,active,VALID
betty7659@upi,cust101756,pnb,savings,2024-03-08,active,VALID
brian1690@upi,cust109738,hdfc,credit_card_linked,2024-11-10,active,VALID
charlotte9622@upi,cust104863,icici,credit_card_linked,2025-01-30,active,VALID
kim2035@upi,cust108694,kotak,savings,2024-12-28,active,VALID
jessica3028@upi,cust107246,sbi,savings,2022-11-05,active,VALID
raymond6221@upi,cust103497,pnb,savings,2025-07-26,active,VALID
justin9579@upi,cust102216,kotak,credit_card_linked,2025-02-25,active,VALID
eric8770@upi,cust103342,axis,credit_card_linked,2023-10-01,active,VALID
mr.5298@upi,cust101438,sbi,credit_card_linked,2024-06-02,active,VALID
douglas7681@upi,cust100588,pnb,credit_card_linked,2023-12-17,active,VALID
nicole1540@upi,cust101448,axis,current,2025-08-02,blocked,VALID
joseph4622@upi,cust105581,hdfc,savings,2024-05-08,active,VALID
dennis6233@upi,cust107474,pnb,credit_card_linked,2025-06-07,active,VALID
ronald4388@upi,cust101219,hdfc,credit_card_linked,2023-12-20,active,VALID
william8305@upi,cust101881,sbi,credit_card_linked,2024-05-17,active,VALID
ashley2182@upi,cust102143,icici,current,2023-11-01,active,VALID
thomas5496@upi,cust106043,sbi,credit_card_linked,2025-04-14,active,VALID
kelsey7924@upi,cust106197,sbi,current,2024-04-17,blocked,VALID
brian3197@upi,cust100803,kotak,current,2024-12-05,active,VALID
cindy6795@upi,cust103816,axis,current,2025-06-24,active,VALID
kimberly9505@upi,cust101170,hdfc,current,2025-06-20,active,VALID
lori3056@upi,cust108511,pnb,savings,2025-06-08,active,VALID
ricky9723@upi,cust105920,kotak,current,2024-03-01,active,VALID
andrew2753@upi,cust104937,axis,savings,2025-07-24,active,VALID
brian3136@upi,cust105014,pnb,credit_card_linked,2025-05-27,active,VALID
douglas4699@upi,cust102962,kotak,credit_card_linked,2024-11-14,active,VALID
erin5445@upi,cust107589,hdfc,current,2022-08-13,suspended,VALID
jacob9043@upi,cust103641,icici,current,2024-02-04,active,VALID
joshua7012@upi,cust102521,pnb,credit_card_linked,2025-05-16,active,VALID
gilbert5746@upi,cust109946,icici,current,2022-04-25,active,VALID
denise5556@upi,cust109908,hdfc,credit_card_linked,2025-06-06,active,VALID
walter8986@upi,cust107771,sbi,credit_card_linked,2025-07-09,active,VALID
christina3155@upi,cust103975,axis,current,2025-02-25,active,VALID
jennifer4874@upi,cust105377,pnb,current,2024-12-23,active,VALID
bruce7983@upi,cust105794,pnb,savings,2025-05-01,active,VALID
philip8070@upi,cust109586,hdfc,current,2022-04-24,active,VALID
melinda5640@upi,cust106223,pnb,current,2025-02-09,active,VALID
tanya4653@upi,cust108719,kotak,savings,2024-11-25,blocked,VALID
ricky6485@upi,cust102573,hdfc,credit_card_linked,2024-02-17,active,VALID
alicia6275@upi,cust103767,sbi,current,2024-11-09,active,VALID
ashley3870@upi,cust103591,icici,savings,2024-09-29,active,VALID
charles8467@upi,cust102814,sbi,savings,2022-10-01,active,VALID
sophia5659@upi,cust101258,sbi,current,2025-01-24,active,VALID
nicole9564@upi,cust102129,kotak,credit_card_linked,2024-08-16,active,VALID
angel8090@upi,cust102636,axis,credit_card_linked,2024-09-14,active,VALID
sabrina3243@upi,cust100017,pnb,current,2023-03-01,active,VALID
barbara9981@upi,cust103524,icici,savings,2022-07-28,active,VALID
michelle3444@upi,cust102788,pnb,credit_card_linked,2023-04-20,blocked,VALID
robert4717@upi,cust103548,icici,credit_card_linked,2023-06-13,active,VALID
susan7322@upi,cust103598,sbi,current,2021-09-15,active,VALID
james2152@upi,cust104488,pnb,current,2024-08-25,active,VALID
timothy5190@upi,cust105857,sbi,credit_card_linked,2021-08-21,active,VALID
william8612@upi,cust100850,icici,current,2025-04-09,active,VALID
diane1279@upi,cust106384,pnb,savings,2022-07-15,active,VALID
mr.1943@upi,cust106832,icici,credit_card_linked,2025-03-21,active,VALID
andrew5095@upi,cust100970,hdfc,credit_card_linked,2024-10-04,active,VALID
ann6152@upi,cust104893,icici,savings,2022-11-14,active,VALID
james3010@upi,cust108371,pnb,savings,2024-08-25,active,VALID
jenna5131@upi,cust106016,sbi,current,2025-01-04,active,VALID
james3496@upi,cust102399,pnb,credit_card_linked,2025-07-14,active,VALID
kendra2548@upi,cust109221,axis,credit_card_linked,2024-09-13,active,VALID
casey6576@upi,cust106516,pnb,current,2024-06-29,active,VALID
michelle4542@upi,cust105262,sbi,current,2024-09-07,suspended,VALID
john1301@upi,cust103691,sbi,current,2025-05-19,active,VALID
eric3593@upi,cust100032,sbi,credit_card_linked,2024-11-21,active,VALID
andrew6572@upi,cust103817,kotak,savings,2025-06-04,active,VALID
ronald1446@upi,cust102649,kotak,savings,2024-09-23,active,VALID
donald2931@upi,cust101779,pnb,current,2024-10-18,active,VALID
caleb2119@upi,cust105797,kotak,credit_card_linked,2023-01-29,active,VALID
patty5384@upi,cust109076,pnb,savings,2022-03-12,active,VALID
robert4655@upi,cust102317,kotak,credit_card_linked,2024-01-24,active,VALID
michael5533@upi,cust107561,kotak,current,2025-04-29,active,VALID
brian4272@upi,cust108973,hdfc,current,2024-04-12,active,VALID
mrs.2069@upi,cust106330,pnb,savings,2024-06-25,active,VALID
cindy1928@upi,cust107888,sbi,current,2024-12-22,active,VALID
jeffrey4468@upi,cust106015,icici,current,2025-04-28,active,VALID
alan4407@upi,cust107213,hdfc,credit_card_linked,2025-02-23,active,VALID
christopher2688@upi,cust104077,hdfc,credit_card_linked,2024-06-04,active,VALID
sharon6000@upi,cust102756,pnb,current,2022-08-20,active,VALID
kenneth6861@upi,cust100348,kotak,credit_card_linked,2023-09-29,active,VALID
connie9472@upi,cust106540,sbi,savings,2025-04-05,active,VALID
kelly7219@upi,cust101054,sbi,credit_card_linked,2025-05-11,active,VALID
zachary4001@upi,cust101544,kotak,savings,2024-10-17,active,VALID
victoria3722@upi,cust104568,icici,savings,2025-02-19,active,VALID
mary5432@upi,cust106536,pnb,current,2022-10-05,active,VALID
daniel3630@upi,cust107279,icici,current,2024-06-07,active,VALID
katrina4762@upi,cust104626,axis,current,2022-11-16,blocked,VALID
joseph7702@upi,cust102758,sbi,current,2023-01-06,active,VALID
stacy2417@upi,cust102576,icici,savings,2025-04-12,active,VALID
shari8852@upi,cust106778,sbi,current,2025-06-10,active,VALID
jennifer8339@upi,cust104330,hdfc,credit_card_linked,2024-01-14,active,VALID
sydney2591@upi,cust105138,axis,current,2025-06-16,active,VALID
bryan4927@upi,cust106596,axis,credit_card_linked,2025-03-27,active,VALID
angela1733@upi,cust107512,kotak,credit_card_linked,2024-09-21,active,VALID
melissa7975@upi,cust105187,axis,current,2024-06-19,active,VALID
jeremy1478@upi,cust101732,hdfc,credit_card_linked,2024-09-22,active,VALID
emma3073@upi,cust107535,hdfc,current,2021-05-23,active,VALID
denise7370@upi,cust104693,kotak,current,2023-02-11,active,VALID
john3450@upi,cust103118,hdfc,savings,2022-04-04,active,VALID
joseph5863@upi,cust101121,sbi,savings,2025-03-08,active,VALID
claudia5275@upi,cust109896,hdfc,credit_card_linked,2025-08-05,active,VALID
michael1899@upi,cust102220,axis,credit_card_linked,2025-07-24,active,VALID
edward2398@upi,cust107576,sbi,credit_card_linked,2025-01-06,active,VALID
ashley9907@upi,cust100934,icici,credit_card_linked,2024-04-19,active,VALID
grant7099@upi,cust100790,kotak,credit_card_linked,2023-11-13,active,VALID
andrew9561@upi,cust102432,sbi,credit_card_linked,2023-06-13,active,VALID
cory2156@upi,cust102874,axis,current,2024-10-14,active,VALID
charles1668@upi,cust109538,axis,current,2023-01-14,active,VALID
anthony6327@upi,cust101635,hdfc,credit_card_linked,2022-02-17,active,VALID
corey2744@upi,cust104489,kotak,savings,2025-06-30,suspended,VALID
michelle7896@upi,cust107789,pnb,savings,2025-06-08,active,VALID
mr.3010@upi,cust104892,icici,current,2023-02-07,active,VALID
mario7519@upi,cust106552,sbi,savings,2024-09-15,active,VALID
matthew8613@upi,cust102643,axis,savings,2025-01-27,active,VALID
eric8783@upi,cust103103,axis,current,2021-10-26,blocked,VALID
bryan2596@upi,cust105408,kotak,credit_card_linked,2024-05-06,active,VALID
steven9011@upi,cust106678,icici,savings,2024-02-18,active,VALID
linda3687@upi,cust106627,pnb,credit_card_linked,2024-12-18,active,VALID
jean7913@upi,cust102940,sbi,current,2022-01-20,active,VALID
andrea9551@upi,cust109222,hdfc,savings,2024-04-20,active,VALID
vanessa8019@upi,cust103471,pnb,credit_card_linked,2024-10-02,active,VALID
shannon5590@upi,cust101394,hdfc,savings,2023-10-08,active,VALID
andrew5387@upi,cust102545,icici,current,2025-07-10,active,VALID
adrian1909@upi,cust109182,hdfc,savings,2024-05-17,active,VALID
elizabeth3225@upi,cust102795,icici,savings,2025-06-15,active,VALID
tina6345@upi,cust105242,sbi,credit_card_linked,2025-07-18,active,VALID
john5634@upi,cust104527,kotak,current,2023-07-04,active,VALID
wendy2836@upi,cust109387,sbi,credit_card_linked,2024-02-20,suspended,VALID
erin5933@upi,cust100841,pnb,current,2025-08-02,active,VALID
heather9927@upi,cust104213,axis,current,2024-05-06,blocked,VALID
kevin8100@upi,cust105003,hdfc,savings,2025-07-04,active,VALID
edward3306@upi,cust108488,hdfc,credit_card_linked,2024-10-08,active,VALID
todd7474@upi,cust106459,sbi,credit_card_linked,2024-07-13,active,VALID
marcus5909@upi,cust103444,kotak,savings,2025-03-13,active,VALID
mallory8151@upi,cust102757,pnb,credit_card_linked,2023-01-26,active,VALID
kevin5097@upi,cust102856,hdfc,current,2024-04-03,active,VALID
matthew3863@upi,cust101844,kotak,current,2024-02-18,active,VALID
amanda1726@upi,cust100606,kotak,current,2022-05-09,active,VALID
alicia8759@upi,cust106048,hdfc,credit_card_linked,2024-03-03,active,VALID
stacey2972@upi,cust104177,icici,current,2023-09-07,suspended,VALID
beverly5455@upi,cust106100,hdfc,savings,2023-12-03,active,VALID
sarah6714@upi,cust100707,hdfc,current,2025-06-10,active,VALID
vicki9090@upi,cust108322,pnb,credit_card_linked,2025-06-29,active,VALID
dana1675@upi,cust108243,hdfc,savings,2025-04-01,active,VALID
jessica2390@upi,cust101470,kotak,credit_card_linked,2023-08-30,active,VALID
tonya7155@upi,cust105712,icici,current,2024-10-26,blocked,VALID
anthony6828@upi,cust101140,axis,savings,2025-06-07,active,VALID
scott3834@upi,cust105119,sbi,savings,2022-12-09,active,VALID
sarah2658@upi,cust103435,sbi,credit_card_linked,2025-06-09,blocked,VALID
joshua7514@upi,cust100114,pnb,current,2023-06-24,active,VALID
tabitha7920@upi,cust105657,icici,savings,2023-06-09,active,VALID
elizabeth6618@upi,cust108569,kotak,credit_card_linked,2024-01-26,active,VALID
robert3633@upi,cust108877,hdfc,current,2025-03-23,active,VALID
shaun5212@upi,cust102411,kotak,credit_card_linked,2023-02-05,active,VALID
gary8095@upi,cust106864,sbi,current,2023-12-28,active,VALID
andrew9238@upi,cust103799,axis,current,2025-07-21,active,VALID
todd3586@upi,cust102954,axis,credit_card_linked,2025-06-12,active,VALID
mark2969@upi,cust106817,axis,credit_card_linked,2023-01-15,active,VALID
kevin5212@upi,cust104309,axis,credit_card_linked,2023-11-11,active,VALID
ryan5166@upi,cust100834,axis,savings,2024-02-16,active,VALID
elizabeth8487@upi,cust101574,pnb,savings,2024-10-19,active,VALID
robin4826@upi,cust105958,hdfc,savings,2025-06-07,suspended,VALID
jimmy2261@upi,cust103541,icici,credit_card_linked,2023-01-02,active,VALID
rachael9625@upi,cust105786,kotak,current,2025-08-04,active,VALID
jennifer9284@upi,cust101688,sbi,credit_card_linked,2021-10-07,active,VALID
michael5046@upi,cust102924,icici,credit_card_linked,2023-06-20,active,VALID
cathy5878@upi,cust101787,icici,current,2024-09-24,blocked,VALID
valerie6158@upi,cust108567,axis,savings,2021-04-14,active,VALID
michelle5712@upi,cust103457,pnb,current,2024-02-08,active,VALID
hailey8683@upi,cust101528,sbi,credit_card_linked,2025-04-15,active,VALID
christopher5205@upi,cust101277,hdfc,savings,2025-06-19,active,VALID
donna6780@upi,cust106664,sbi,savings,2023-09-30,active,VALID
andrew8528@upi,cust100394,pnb,current,2025-05-29,active,VALID
jennifer1083@upi,cust105000,hdfc,savings,2022-12-26,active,VALID
jacob6222@upi,cust107722,axis,credit_card_linked,2024-10-24,active,VALID
jenna9227@upi,cust104359,sbi,current,2025-07-20,active,VALID
catherine1797@upi,cust106914,pnb,savings,2025-01-31,active,VALID
michael5768@upi,cust100727,sbi,savings,2023-09-09,active,VALID
jeffrey6481@upi,cust101797,hdfc,savings,2023-01-29,active,VALID
dwayne1968@upi,cust105585,hdfc,current,2024-06-27,active,VALID
jasmine6459@upi,cust103488,icici,credit_card_linked,2025-04-05,active,VALID
elizabeth6120@upi,cust103833,icici,current,2025-02-21,active,VALID
charles7298@upi,cust108080,axis,savings,2022-01-31,active,VALID
tyler5493@upi,cust106123,sbi,credit_card_linked,2024-11-02,active,VALID
michael1377@upi,cust106779,hdfc,credit_card_linked,2025-06-30,blocked,VALID
danielle3391@upi,cust102551,pnb,credit_card_linked,2025-08-01,active,VALID
kerry9805@upi,cust105287,kotak,savings,2023-09-08,active,VALID
jamie3792@upi,cust104098,hdfc,current,2021-07-30,active,VALID
lisa3696@upi,cust103033,axis,savings,2025-07-03,suspended,VALID
sandra9329@upi,cust108910,sbi,current,2023-09-22,active,VALID
joshua1929@upi,cust105680,sbi,credit_card_linked,2025-06-06,active,VALID
tommy8256@upi,cust106600,sbi,credit_card_linked,2024-04-26,active,VALID
andrea2497@upi,cust103112,pnb,current,2023-06-01,active,VALID
stacy2051@upi,cust108393,hdfc,savings,2024-07-04,active,VALID
aaron3303@upi,cust101661,hdfc,savings,2025-05-28,active,VALID
deborah8033@upi,cust109428,pnb,savings,2022-10-10,active,VALID
courtney4938@upi,cust108020,pnb,credit_card_linked,2025-05-19,active,VALID
sara4419@upi,cust104383,sbi,current,2024-08-20,active,VALID
nicole8841@upi,cust102177,pnb,savings,2024-04-30,active,VALID
sara8649@upi,cust106418,kotak,savings,2024-08-31,active,VALID
dustin9365@upi,cust106690,axis,current,2024-10-02,active,VALID
meghan6098@upi,cust105698,axis,current,2023-01-24,active,VALID
shaun4777@upi,cust102411,hdfc,savings,2022-03-26,active,VALID
christopher4799@upi,cust107446,kotak,current,2024-10-29,active,VALID
jackie6358@upi,cust102583,axis,current,2025-04-23,active,VALID
mark4182@upi,cust103960,icici,savings,2023-11-05,active,VALID
erin8116@upi,cust105342,sbi,credit_card_linked,2024-08-09,active,VALID
robin3069@upi,cust104692,kotak,credit_card_linked,2022-06-16,active,VALID
lindsay3734@upi,cust101569,sbi,current,2025-06-09,active,VALID
sarah1741@upi,cust106028,kotak,credit_card_linked,2024-02-27,active,VALID
caroline4307@upi,cust108082,axis,savings,2021-12-18,active,VALID
heather6953@upi,cust102266,hdfc,credit_card_linked,2024-09-15,active,VALID
nicholas3480@upi,cust105887,kotak,credit_card_linked,2025-04-28,active,VALID
sara9058@upi,cust103244,axis,credit_card_linked,2025-02-27,active,VALID
donald4491@upi,cust109644,pnb,credit_card_linked,2024-05-10,active,VALID
kyle1287@upi,cust108297,pnb,savings,2024-10-31,active,VALID
ruben6258@upi,cust101030,pnb,credit_card_linked,2024-12-07,active,VALID
nicholas8773@upi,cust108847,sbi,current,2025-07-27,blocked,VALID
charles4638@upi,cust103869,pnb,current,2023-06-24,active,VALID
andrea9784@upi,cust107560,sbi,credit_card_linked,2025-05-25,suspended,VALID
deborah9116@upi,cust106314,sbi,savings,2024-03-25,active,VALID
christy6531@upi,cust104882,axis,savings,2023-05-29,blocked,VALID
andre5741@upi,cust104234,axis,current,2022-01-16,active,VALID
joseph2273@upi,cust106046,icici,current,2022-08-23,active,VALID
jason9709@upi,cust107524,kotak,current,2023-10-04,active,VALID
robert4679@upi,cust103568,hdfc,savings,2025-07-29,active,VALID
douglas4864@upi,cust100019,axis,current,2022-07-10,active,VALID
adam5035@upi,cust104908,icici,credit_card_linked,2025-07-29,active,VALID
james4885@upi,cust106081,kotak,credit_card_linked,2025-02-12,active,VALID
elizabeth4496@upi,cust109566,hdfc,current,2025-04-24,active,VALID
christian8730@upi,cust107870,axis,current,2022-12-23,active,VALID
michael8627@upi,cust107972,kotak,savings,2025-06-30,suspended,VALID
mr.1070@upi,cust106091,sbi,current,2024-04-24,active,VALID
angela8883@upi,cust102355,pnb,credit_card_linked,2025-07-02,active,VALID
christine8540@upi,cust104341,sbi,current,2024-04-11,active,VALID
trevor3369@upi,cust108126,pnb,savings,2022-07-21,active,VALID
brandon7844@upi,cust100985,hdfc,current,2024-12-31,active,VALID
daniel3284@upi,cust102804,axis,current,2022-09-11,active,VALID
angela5533@upi,cust100843,axis,savings,2024-12-30,active,VALID
shelly1236@upi,cust109448,sbi,current,2024-03-09,active,VALID
chad4171@upi,cust102494,pnb,current,2023-07-13,active,VALID
david8085@upi,cust106419,sbi,savings,2025-01-12,active,VALID
randy4220@upi,cust103911,axis,current,2025-03-24,active,VALID
elaine6054@upi,cust101847,pnb,credit_card_linked,2024-04-25,suspended,VALID
logan5956@upi,cust108312,icici,credit_card_linked,2024-06-23,active,VALID
manuel7299@upi,cust100700,pnb,current,2025-08-03,active,VALID
ryan8834@upi,cust107054,icici,current,2025-07-28,active,VALID
travis6424@upi,cust101141,sbi,current,2023-05-22,active,VALID
manuel8876@upi,cust108311,hdfc,credit_card_linked,2025-03-12,active,VALID
joshua7429@upi,cust103706,sbi,savings,2025-06-29,active,VALID
andrea6609@upi,cust100354,axis,savings,2024-05-23,active,VALID
ann9316@upi,cust108481,sbi,current,2021-05-25,active,VALID
theresa7688@upi,cust104016,kotak,credit_card_linked,2024-11-07,active,VALID
david3815@upi,cust103242,icici,savings,2025-06-24,active,VALID
erin7674@upi,cust107555,pnb,savings,2025-04-10,active,VALID
kathy9092@upi,cust107652,sbi,current,2025-03-04,active,VALID
tracy4699@upi,cust107193,axis,credit_card_linked,2022-02-04,active,VALID
javier8971@upi,cust108671,icici,credit_card_linked,2025-02-07,suspended,VALID
heather2258@upi,cust102581,pnb,current,2023-03-01,active,VALID
elizabeth1343@upi,cust104272,icici,savings,2025-07-08,active,VALID
jennifer4771@upi,cust100656,sbi,current,2024-10-20,active,VALID
amber9918@upi,cust103282,kotak,savings,2021-09-10,blocked,VALID
kathleen3283@upi,cust102695,icici,credit_card_linked,2024-04-01,active,VALID
john9503@upi,cust104857,icici,savings,2022-06-02,active,VALID
lindsay3461@upi,cust100999,pnb,savings,2025-01-28,active,VALID
james8342@upi,cust101934,hdfc,credit_card_linked,2024-07-31,active,VALID
donna6862@upi,cust100178,axis,savings,2023-01-06,active,VALID
joseph6433@upi,cust107105,hdfc,current,2024-11-05,active,VALID
diana9116@upi,cust102918,sbi,credit_card_linked,2024-12-03,active,VALID
heidi9045@upi,cust105868,icici,credit_card_linked,2025-05-19,active,VALID
paul7551@upi,cust104029,kotak,savings,2024-09-02,active,VALID
christopher7084@upi,cust102803,pnb,current,2024-07-01,blocked,VALID
howard6526@upi,cust104481,hdfc,savings,2025-08-01,active,VALID
kevin9172@upi,cust103021,kotak,savings,2024-06-20,active,VALID
katie8331@upi,cust106435,sbi,current,2025-02-10,active,VALID
scott8750@upi,cust106782,kotak,current,2023-12-02,active,VALID
angel1465@upi,cust101702,icici,credit_card_linked,2022-05-12,active,VALID
donald2048@upi,cust100485,icici,credit_card_linked,2022-10-29,active,VALID
joseph9835@upi,cust107105,pnb,savings,2024-11-08,active,VALID
robert5059@upi,cust103050,kotak,current,2025-05-01,active,VALID
michael8257@upi,cust100796,hdfc,credit_card_linked,2024-04-20,active,VALID
joshua3646@upi,cust101570,sbi,current,2024-12-11,active,VALID
matthew6434@upi,cust100343,hdfc,savings,2024-11-28,active,VALID
brian5223@upi,cust107095,sbi,credit_card_linked,2024-12-27,active,VALID
jeremy9809@upi,cust106095,pnb,savings,2021-02-05,active,VALID
katherine8276@upi,cust108268,sbi,savings,2024-06-29,active,VALID
holly7116@upi,cust106583,pnb,savings,2022-09-12,active,VALID
stephen5710@upi,cust100271,icici,credit_card_linked,2025-06-08,active,VALID
brian8524@upi,cust107095,icici,credit_card_linked,2025-03-29,active,VALID
teresa8781@upi,cust102679,kotak,current,2025-07-02,active,VALID
kristin8638@upi,cust103698,sbi,current,2025-06-18,active,VALID
michelle9808@upi,cust102639,pnb,credit_card_linked,2025-07-20,blocked,VALID
eric2029@upi,cust106545,sbi,savings,2023-09-12,active,VALID
marc5541@upi,cust101509,kotak,current,2025-01-07,active,VALID
theresa5490@upi,cust100239,pnb,current,2025-07-20,active,VALID
susan8086@upi,cust107314,hdfc,current,2024-02-14,suspended,VALID
patrick5427@upi,cust108443,axis,credit_card_linked,2024-12-15,blocked,VALID
michael2689@upi,cust104934,sbi,credit_card_linked,2023-05-24,active,VALID
michelle9347@upi,cust100759,pnb,credit_card_linked,2023-02-12,active,VALID
rhonda9231@upi,cust105706,pnb,savings,2025-04-13,active,VALID
brenda4390@upi,cust103352,icici,credit_card_linked,2024-07-13,active,VALID
jimmy9086@upi,cust103541,kotak,savings,2024-03-05,suspended,VALID
ian3815@upi,cust102587,kotak,credit_card_linked,2024-01-24,active,VALID
jacob9281@upi,cust106391,sbi,savings,2025-06-16,active,VALID
heather8994@upi,cust105636,sbi,savings,2025-06-11,blocked,VALID
jose1719@upi,cust103356,kotak,current,2023-10-19,active,VALID
elizabeth5729@upi,cust102600,hdfc,savings,2025-08-05,active,VALID
lisa9637@upi,cust105347,pnb,current,2025-08-05,active,VALID
sergio1700@upi,cust103061,axis,current,2025-06-16,active,VALID
shelly3381@upi,cust107608,pnb,credit_card_linked,2024-08-28,active,VALID
jose1250@upi,cust108132,hdfc,savings,2022-09-28,active,VALID
andrew2912@upi,cust108461,sbi,current,2025-03-28,suspended,VALID
amanda6137@upi,cust109091,kotak,savings,2025-04-13,active,VALID
tina8627@upi,cust106278,sbi,current,2023-05-25,active,VALID
alexander6330@upi,cust105218,kotak,savings,2022-02-19,active,VALID
austin1803@upi,cust101871,pnb,current,2025-07-12,active,VALID
diana6648@upi,cust103744,hdfc,current,2024-09-19,active,VALID
kristen2262@upi,cust105466,kotak,savings,2024-02-11,active,VALID
jaclyn3699@upi,cust101995,kotak,savings,2023-11-25,active,VALID
deborah4456@upi,cust109994,axis,current,2023-04-21,active,VALID
richard8079@upi,cust101745,sbi,savings,2025-05-18,active,VALID
laura1020@upi,cust104451,sbi,savings,2025-07-29,active,VALID
rachel4398@upi,cust101996,hdfc,current,2023-05-17,active,VALID
danny4917@upi,cust101091,pnb,credit_card_linked,2022-04-25,active,VALID
karen6748@upi,cust105438,axis,credit_card_linked,2025-05-25,active,VALID
lindsey9387@upi,cust108313,axis,credit_card_linked,2025-01-26,suspended,VALID
laurie8791@upi,cust103076,axis,credit_card_linked,2023-11-22,suspended,VALID
emily7099@upi,cust109937,axis,savings,2024-08-27,active,VALID
brian1259@upi,cust101866,hdfc,current,2023-09-06,active,VALID
sara6589@upi,cust103523,kotak,savings,2025-01-12,active,VALID
megan5974@upi,cust102396,icici,credit_card_linked,2024-01-03,active,VALID
jose1922@upi,cust101882,axis,current,2023-06-04,active,VALID
brittany3927@upi,cust105933,sbi,current,2021-06-29,active,VALID
claudia8200@upi,cust100809,kotak,credit_card_linked,2022-10-16,active,VALID
heidi4257@upi,cust102599,axis,credit_card_linked,2025-02-26,active,VALID
mckenzie7089@upi,cust100910,icici,current,2023-03-21,active,VALID
michael9159@upi,cust109708,icici,savings,2021-07-01,blocked,VALID
monique5033@upi,cust100083,sbi,savings,2025-07-08,active,VALID
amanda6183@upi,cust103729,axis,credit_card_linked,2024-09-24,active,VALID
roy7663@upi,cust100967,pnb,credit_card_linked,2022-08-28,active,VALID
jennifer3100@upi,cust100909,axis,credit_card_linked,2025-07-10,active,VALID
james9177@upi,cust104187,axis,current,2024-03-02,active,VALID
jillian5484@upi,cust106730,axis,credit_card_linked,2025-06-27,active,VALID
michael6951@upi,cust103157,sbi,credit_card_linked,2024-10-18,active,VALID
timothy5001@upi,cust101814,sbi,current,2024-01-14,active,VALID
alicia5677@upi,cust108815,icici,savings,2025-05-11,active,VALID
jessica6535@upi,cust107460,axis,current,2023-08-31,active,VALID
devin9545@upi,cust109471,pnb,credit_card_linked,2021-06-19,active,VALID
shannon1740@upi,cust105899,pnb,credit_card_linked,2024-09-30,active,VALID
jessica3927@upi,cust108124,sbi,savings,2025-07-07,active,VALID
marc4651@upi,cust105722,icici,current,2025-02-24,active,VALID
dustin1919@upi,cust107503,sbi,credit_card_linked,2022-04-16,active,VALID
christopher4874@upi,cust106196,hdfc,savings,2024-05-15,active,VALID
andrew6951@upi,cust106090,axis,credit_card_linked,2025-07-29,active,VALID
sandra3448@upi,cust108910,kotak,current,2023-08-29,active,VALID
amber8456@upi,cust102531,hdfc,current,2022-04-03,active,VALID
jonathan1962@upi,cust109554,kotak,savings,2025-08-04,active,VALID
paul4211@upi,cust108844,axis,credit_card_linked,2023-09-22,active,VALID
karen3443@upi,cust105438,axis,current,2025-06-09,active,VALID
larry8000@upi,cust100102,axis,current,2025-03-28,active,VALID
sarah2472@upi,cust101428,sbi,credit_card_linked,2023-11-02,active,VALID
matthew9942@upi,cust103928,hdfc,savings,2025-04-26,active,VALID
colleen1991@upi,cust104050,sbi,current,2023-03-24,active,VALID
gregory7298@upi,cust102082,kotak,current,2024-12-01,active,VALID
lisa3823@upi,cust107464,kotak,credit_card_linked,2025-04-27,active,VALID
austin9783@upi,cust109023,axis,credit_card_linked,2023-08-12,active,VALID
aaron5079@upi,cust101695,sbi,current,2024-03-01,active,VALID
jennifer7135@upi,cust105528,sbi,current,2024-12-19,active,VALID
alex9685@upi,cust101968,hdfc,credit_card_linked,2024-07-17,active,VALID
donna3311@upi,cust100059,sbi,savings,2025-05-30,active,VALID
charles9005@upi,cust101383,pnb,credit_card_linked,2024-07-31,active,VALID
kelly9222@upi,cust107258,axis,current,2024-06-29,active,VALID
cynthia3665@upi,cust105979,hdfc,savings,2025-07-29,active,VALID
mario9118@upi,cust106494,icici,current,2024-09-22,active,VALID
david6092@upi,cust104266,axis,credit_card_linked,2024-08-14,active,VALID
brandon7728@upi,cust104060,pnb,credit_card_linked,2024-02-02,active,VALID
samuel7319@upi,cust101222,hdfc,current,2022-05-11,active,VALID
jacqueline3120@upi,cust101336,hdfc,current,2023-11-23,active,VALID
james2213@upi,cust106245,sbi,credit_card_linked,2025-03-08,active,VALID
adrian9432@upi,cust105564,icici,credit_card_linked,2025-06-10,active,VALID
nicole5260@upi,cust102273,kotak,credit_card_linked,2024-12-27,active,VALID
michael4908@upi,cust106324,axis,current,2024-08-12,active,VALID
kevin7611@upi,cust109610,sbi,credit_card_linked,2024-01-05,active,VALID
david4312@upi,cust105540,axis,credit_card_linked,2023-07-31,active,VALID
melissa1636@upi,cust106917,axis,credit_card_linked,2024-05-16,active,VALID
alan5134@upi,cust109219,kotak,current,2025-08-02,active,VALID
bonnie7490@upi,cust103499,axis,credit_card_linked,2025-05-20,active,VALID
ryan1847@upi,cust108282,hdfc,credit_card_linked,2024-01-15,active,VALID
anthony9014@upi,cust108698,pnb,current,2024-07-18,active,VALID
matthew1637@upi,cust101073,icici,savings,2024-09-02,active,VALID
robin2500@upi,cust104097,pnb,current,2025-07-13,active,VALID
donald6353@upi,cust106410,sbi,savings,2021-12-09,active,VALID
richard9963@upi,cust102184,icici,current,2023-10-27,active,VALID
john7986@upi,cust105445,icici,current,2024-03-21,active,VALID
christopher4253@upi,cust106606,hdfc,credit_card_linked,2021-01-25,suspended,VALID
pamela3887@upi,cust104880,kotak,credit_card_linked,2021-12-11,active,VALID
hailey7776@upi,cust107091,axis,current,2023-05-04,active,VALID
anita5382@upi,cust103583,axis,savings,2025-03-09,active,VALID
james4743@upi,cust105419,sbi,current,2024-10-20,active,VALID
samantha6096@upi,cust106448,sbi,credit_card_linked,2022-07-05,blocked,VALID
april2413@upi,cust107924,axis,savings,2025-02-20,active,VALID
miss3719@upi,cust106889,sbi,credit_card_linked,2023-12-12,active,VALID
karla7976@upi,cust104140,icici,savings,2024-05-20,active,VALID
robin7485@upi,cust104988,axis,savings,2024-05-03,active,VALID
shannon1260@upi,cust107164,sbi,credit_card_linked,2022-10-28,active,VALID
emily4654@upi,cust106842,icici,savings,2025-01-06,active,VALID
john5672@upi,cust103118,hdfc,current,2025-01-04,active,VALID
david3034@upi,cust106970,hdfc,current,2025-08-03,suspended,VALID
haley8831@upi,cust100002,sbi,savings,2025-04-15,active,VALID
alison7957@upi,cust104036,axis,savings,2024-10-21,active,VALID
stephanie9060@upi,cust104703,hdfc,credit_card_linked,2023-09-03,suspended,VALID
sara4657@upi,cust100800,hdfc,savings,2025-06-11,active,VALID
john5888@upi,cust104319,icici,current,2024-05-10,active,VALID
jill9663@upi,cust101625,axis,savings,2025-06-27,active,VALID
joseph8537@upi,cust103281,kotak,savings,2024-06-22,active,VALID
christina9795@upi,cust108953,kotak,savings,2025-02-27,active,VALID
anna6898@upi,cust109623,hdfc,savings,2023-03-24,active,VALID
brittney7480@upi,cust104302,pnb,credit_card_linked,2021-11-26,active,VALID
curtis3080@upi,cust105456,sbi,current,2025-07-20,active,VALID
jillian7912@upi,cust101631,kotak,savings,2021-06-04,active,VALID
steven4672@upi,cust106593,sbi,current,2025-01-05,active,VALID
aaron4851@upi,cust100772,kotak,credit_card_linked,2025-07-08,active,VALID
michael9095@upi,cust107393,hdfc,savings,2024-11-29,active,VALID
andrew8993@upi,cust102341,sbi,current,2024-08-22,blocked,VALID
tracy6963@upi,cust102071,icici,current,2022-02-27,active,VALID
peter4978@upi,cust106482,icici,current,2024-08-04,active,VALID
andrew8332@upi,cust108461,kotak,savings,2024-10-02,active,VALID
taylor6388@upi,cust107643,pnb,savings,2025-07-26,active,VALID
madeline7959@upi,cust105339,kotak,savings,2023-03-19,active,VALID
peggy9972@upi,cust102584,sbi,current,2025-06-29,active,VALID
michelle6434@upi,cust104987,icici,credit_card_linked,2024-01-29,active,VALID
bradley2763@upi,cust106013,kotak,savings,2024-10-18,active,VALID
jamie5206@upi,cust103238,icici,current,2025-01-20,active,VALID
michael4058@upi,cust100035,kotak,savings,2022-11-15,active,VALID
mary2881@upi,cust101900,axis,current,2025-01-20,active,VALID
mary5322@upi,cust107006,pnb,current,2025-02-09,active,VALID
jermaine3491@upi,cust104618,kotak,savings,2023-01-27,active,VALID
ashlee8862@upi,cust105547,pnb,credit_card_linked,2024-08-03,active,VALID
adam8656@upi,cust109465,axis,current,2024-12-16,active,VALID
kristina5284@upi,cust106325,axis,credit_card_linked,2023-11-05,blocked,VALID
nicole9384@upi,cust101767,kotak,savings,2022-01-08,active,VALID
stephanie7294@upi,cust105083,hdfc,current,2023-12-06,active,VALID
mario3572@upi,cust101133,hdfc,credit_card_linked,2024-07-09,active,VALID
joe9129@upi,cust107405,hdfc,credit_card_linked,2024-09-06,active,VALID
james3460@upi,cust109573,sbi,credit_card_linked,2024-10-29,active,VALID
crystal8939@upi,cust101358,icici,current,2025-03-01,active,VALID
richard1920@upi,cust103150,axis,credit_card_linked,2024-01-20,active,VALID
andrew1494@upi,cust108441,kotak,savings,2022-03-25,active,VALID
brett8976@upi,cust100040,axis,current,2023-02-13,suspended,VALID
miguel3414@upi,cust109235,sbi,savings,2024-05-06,active,VALID
brandon6886@upi,cust105672,kotak,savings,2024-01-29,active,VALID
miranda6688@upi,cust109751,sbi,savings,2024-04-04,suspended,VALID
edward8779@upi,cust106683,pnb,credit_card_linked,2024-09-23,active,VALID
daniel5035@upi,cust104419,sbi,savings,2021-10-26,active,VALID
george4651@upi,cust108281,axis,credit_card_linked,2024-05-20,active,VALID
benjamin6021@upi,cust101868,sbi,savings,2025-03-31,active,VALID
jeremy6784@upi,cust108651,icici,savings,2023-12-09,active,VALID
gregory1093@upi,cust104329,axis,savings,2023-05-10,active,VALID
kimberly3892@upi,cust104600,icici,credit_card_linked,2024-11-22,active,VALID
william8282@upi,cust102562,sbi,savings,2024-08-10,active,VALID
carlos3555@upi,cust108330,icici,credit_card_linked,2025-01-21,active,VALID
shawn7690@upi,cust100947,icici,savings,2021-12-13,suspended,VALID
michele4118@upi,cust106255,pnb,current,2024-02-02,active,VALID
crystal8313@upi,cust101475,kotak,credit_card_linked,2024-05-02,active,VALID
caitlin1288@upi,cust107998,pnb,current,2025-06-11,active,VALID
sharon6673@upi,cust105652,hdfc,credit_card_linked,2024-03-21,active,VALID
andrea1573@upi,cust100450,kotak,credit_card_linked,2023-02-27,active,VALID
jennifer2184@upi,cust109191,hdfc,current,2022-05-17,active,VALID
jessica8137@upi,cust104204,sbi,current,2025-03-13,active,VALID
kathy9265@upi,cust105387,hdfc,current,2025-03-08,active,VALID
lisa4421@upi,cust102934,hdfc,current,2024-09-03,active,VALID
michael8739@upi,cust103967,kotak,current,2025-07-18,active,VALID
deborah5862@upi,cust105069,icici,savings,2025-01-27,active,VALID
aaron9480@upi,cust107336,sbi,current,2023-05-02,active,VALID
kathy9500@upi,cust103270,pnb,current,2025-01-16,active,VALID
jacob7071@upi,cust109169,axis,credit_card_linked,2023-09-19,active,VALID
brandon1811@upi,cust102485,axis,savings,2024-09-18,active,VALID
amy4310@upi,cust101134,hdfc,credit_card_linked,2024-08-04,active,VALID
benjamin4720@upi,cust103825,hdfc,credit_card_linked,2024-05-24,active,VALID
terry8847@upi,cust108135,sbi,credit_card_linked,2025-06-23,active,VALID
megan6624@upi,cust105926,pnb,savings,2024-02-11,active,VALID
paul8772@upi,cust109180,axis,credit_card_linked,2025-06-08,active,VALID
aimee8267@upi,cust104785,kotak,savings,2025-06-24,active,VALID
elizabeth5458@upi,cust105529,axis,credit_card_linked,2024-03-19,active,VALID
joan8488@upi,cust107317,kotak,savings,2025-06-28,active,VALID
michael9638@upi,cust102194,icici,credit_card_linked,2025-02-06,active,VALID
megan5637@upi,cust100176,sbi,credit_card_linked,2022-07-27,active,VALID
mark9487@upi,cust108654,hdfc,current,2025-07-12,active,VALID
christian4305@upi,cust103820,hdfc,current,2024-10-11,active,VALID
spencer2468@upi,cust108055,icici,credit_card_linked,2025-07-30,active,VALID
brooke4159@upi,cust109189,sbi,credit_card_linked,2025-02-16,active,VALID
hannah6464@upi,cust101425,hdfc,savings,2025-03-17,active,VALID
derek2301@upi,cust103635,sbi,savings,2025-07-23,active,VALID
benjamin7808@upi,cust106117,kotak,credit_card_linked,2025-04-01,active,VALID
sue6757@upi,cust107470,kotak,savings,2024-03-04,active,VALID
kaitlyn8891@upi,cust108265,axis,credit_card_linked,2025-06-19,active,VALID
jeffrey7305@upi,cust102374,sbi,current,2025-04-30,blocked,VALID
michael7001@upi,cust100320,sbi,credit_card_linked,2025-07-06,active,VALID
maria2723@upi,cust109849,icici,current,2024-12-08,active,VALID
allison1237@upi,cust101617,sbi,credit_card_linked,2025-05-14,active,VALID
matthew2070@upi,cust106342,sbi,savings,2025-03-02,active,VALID
linda8461@upi,cust107048,pnb,credit_card_linked,2023-08-06,active,VALID
mary9836@upi,cust109778,hdfc,savings,2023-06-24,active,VALID
mary2177@upi,cust104446,axis,credit_card_linked,2024-10-27,active,VALID
bailey1233@upi,cust109487,sbi,savings,2023-10-17,active,VALID
vickie3913@upi,cust102872,axis,credit_card_linked,2025-02-08,active,VALID
sheryl7139@upi,cust106641,axis,credit_card_linked,2025-07-04,active,VALID
samantha9049@upi,cust103677,sbi,credit_card_linked,2025-03-14,active,VALID
mark7761@upi,cust107191,icici,current,2025-01-25,active,VALID
jessica8285@upi,cust101735,kotak,current,2022-05-25,suspended,VALID
lawrence3772@upi,cust106119,sbi,savings,2025-06-28,active,VALID
shannon1613@upi,cust105899,pnb,current,2024-10-23,active,VALID
holly8730@upi,cust106430,pnb,credit_card_linked,2022-09-26,active,VALID
thomas3559@upi,cust103478,kotak,current,2024-09-09,active,VALID
laura2814@upi,cust107389,kotak,savings,2025-04-22,active,VALID
mr.8495@upi,cust108401,pnb,current,2023-08-26,active,VALID
jack5137@upi,cust105736,icici,savings,2025-03-02,active,VALID
cynthia3793@upi,cust104678,kotak,current,2024-04-19,active,VALID
brett4581@upi,cust102397,kotak,current,2024-03-13,active,VALID
james5679@upi,cust104898,kotak,current,2024-12-13,active,VALID
tyrone1447@upi,cust102042,sbi,savings,2025-07-08,active,VALID
michelle9131@upi,cust106911,pnb,current,2025-06-30,active,VALID
brianna1041@upi,cust104569,kotak,credit_card_linked,2022-04-14,active,VALID
jennifer1745@upi,cust105550,kotak,credit_card_linked,2024-12-01,active,VALID
jonathan6651@upi,cust107959,pnb,savings,2024-08-12,active,VALID
steven6230@upi,cust107169,hdfc,savings,2025-05-08,active,VALID
emily3887@upi,cust109937,kotak,current,2025-03-02,blocked,VALID
jonathon3792@upi,cust103411,sbi,credit_card_linked,2023-12-26,active,VALID
sharon7795@upi,cust108502,icici,credit_card_linked,2024-11-11,active,VALID
dr.4632@upi,cust100307,axis,savings,2021-09-03,active,VALID
cathy8808@upi,cust101787,hdfc,savings,2023-05-06,active,VALID
brett6558@upi,cust102397,kotak,savings,2025-04-15,active,VALID
daniel3456@upi,cust106514,axis,current,2024-08-12,active,VALID
paul5431@upi,cust104103,sbi,savings,2022-10-23,active,VALID
dawn2358@upi,cust100623,pnb,savings,2023-10-17,active,VALID
jeffrey9285@upi,cust105595,hdfc,credit_card_linked,2024-09-11,active,VALID
clarence3686@upi,cust104189,axis,current,2025-04-25,active,VALID
matthew8026@upi,cust103587,icici,credit_card_linked,2024-12-05,active,VALID
elizabeth2182@upi,cust102115,pnb,current,2025-02-16,active,VALID
john2433@upi,cust104917,axis,credit_card_linked,2024-08-04,active,VALID
sarah7315@upi,cust109230,icici,credit_card_linked,2022-10-20,active,VALID
arthur8914@upi,cust100095,hdfc,savings,2023-08-02,active,VALID
devon5650@upi,cust104811,icici,savings,2024-03-21,active,VALID
amy9069@upi,cust105362,kotak,current,2024-01-24,active,VALID
abigail7364@upi,cust109017,pnb,current,2025-08-01,active,VALID
matthew2791@upi,cust108849,kotak,savings,2022-02-01,active,VALID
brittney6576@upi,cust103864,pnb,savings,2025-04-18,active,VALID
justin9458@upi,cust100919,sbi,savings,2023-04-02,suspended,VALID
ronald6883@upi,cust108214,icici,credit_card_linked,2025-08-05,active,VALID
colton1891@upi,cust108947,sbi,current,2022-11-23,active,VALID
kelly4040@upi,cust106804,pnb,current,2023-07-05,active,VALID
alice7983@upi,cust105869,axis,current,2024-04-11,active,VALID
dana3433@upi,cust109098,icici,savings,2022-08-21,active,VALID
alison5804@upi,cust104036,kotak,current,2025-06-29,active,VALID
matthew2703@upi,cust106589,sbi,savings,2024-08-20,suspended,VALID
tonya8480@upi,cust107979,sbi,current,2024-05-02,active,VALID
jessica2990@upi,cust102951,axis,savings,2025-03-20,active,VALID
darren3268@upi,cust106702,hdfc,credit_card_linked,2025-03-11,active,VALID
patricia3415@upi,cust104582,icici,credit_card_linked,2022-12-27,active,VALID
craig8401@upi,cust108969,pnb,savings,2024-12-06,active,VALID
darlene3425@upi,cust106214,icici,credit_card_linked,2024-12-22,active,VALID
theresa1620@upi,cust104916,sbi,credit_card_linked,2025-07-19,active,VALID
bianca2991@upi,cust102716,sbi,savings,2025-07-14,active,VALID
kirsten2614@upi,cust106168,pnb,credit_card_linked,2024-02-16,active,VALID
matthew6232@upi,cust101062,sbi,current,2025-05-02,active,VALID
alyssa7347@upi,cust101530,pnb,current,2025-06-29,active,VALID
brandon8605@upi,cust101931,pnb,savings,2025-03-14,active,VALID
susan2308@upi,cust106500,pnb,current,2024-06-05,active,VALID
danielle5048@upi,cust107788,sbi,current,2025-07-23,active,VALID
david4616@upi,cust102298,kotak,savings,2024-08-03,active,VALID
scott7989@upi,cust104059,icici,current,2024-07-12,active,VALID
christina3438@upi,cust104634,pnb,current,2025-04-30,active,VALID
christian3819@upi,cust101071,icici,savings,2025-04-06,active,VALID
margaret9068@upi,cust109978,axis,current,2023-07-12,active,VALID
elizabeth3352@upi,cust105943,axis,savings,2024-11-10,active,VALID
jenna5388@upi,cust102782,icici,current,2025-06-23,active,VALID
jose6615@upi,cust108198,icici,savings,2024-11-18,active,VALID
valerie4391@upi,cust104160,icici,credit_card_linked,2024-12-23,active,VALID
christian4285@upi,cust106412,sbi,savings,2025-03-27,active,VALID
christina3091@upi,cust107239,hdfc,current,2022-12-20,active,VALID
madison4197@upi,cust101760,hdfc,current,2022-04-22,active,VALID
shirley7024@upi,cust100203,icici,credit_card_linked,2025-08-04,active,VALID
renee7980@upi,cust103485,icici,savings,2024-01-17,active,VALID
stacy1060@upi,cust101216,pnb,credit_card_linked,2020-12-30,active,VALID
wendy9358@upi,cust107585,pnb,current,2025-06-29,active,VALID
deborah1360@upi,cust101553,sbi,savings,2023-01-19,active,VALID
michael5201@upi,cust101755,kotak,current,2024-08-27,active,VALID
michael4198@upi,cust101098,axis,current,2025-04-24,active,VALID
lisa5767@upi,cust108165,hdfc,credit_card_linked,2025-05-26,active,VALID
todd3913@upi,cust107813,kotak,savings,2025-06-24,active,VALID
deanna5148@upi,cust100385,hdfc,current,2025-04-06,active,VALID
donald5595@upi,cust100485,hdfc,savings,2022-12-13,active,VALID
amber4314@upi,cust101340,sbi,credit_card_linked,2024-07-04,active,VALID
victoria2091@upi,cust109019,icici,savings,2021-04-24,active,VALID
miguel7961@upi,cust103655,icici,current,2024-03-15,active,VALID
johnny4440@upi,cust106373,axis,current,2024-12-15,active,VALID
christina2172@upi,cust106738,sbi,current,2023-05-27,active,VALID
lisa9215@upi,cust102201,hdfc,credit_card_linked,2024-03-20,active,VALID
william8436@upi,cust102580,sbi,current,2024-07-29,active,VALID
stacy9550@upi,cust101555,sbi,savings,2025-06-03,active,VALID
brandon3007@upi,cust108249,hdfc,credit_card_linked,2023-07-20,active,VALID
brandon5815@upi,cust107251,axis,credit_card_linked,2024-05-04,active,VALID
gabriel6411@upi,cust108410,icici,current,2024-12-24,active,VALID
stacy3129@upi,cust105197,icici,savings,2024-02-17,active,VALID
brandon7306@upi,cust102488,hdfc,savings,2023-10-23,active,VALID
valerie5696@upi,cust105325,hdfc,current,2023-11-23,active,VALID
edward7311@upi,cust108488,sbi,savings,2024-01-19,active,VALID
billy6472@upi,cust109731,kotak,savings,2025-05-08,active,VALID
lisa2749@upi,cust108761,icici,savings,2024-03-12,active,VALID
marc7152@upi,cust104403,kotak,current,2024-03-14,active,VALID
nicholas2670@upi,cust103778,kotak,current,2024-11-11,active,VALID
susan3228@upi,cust101724,kotak,current,2022-07-01,active,VALID
laurie6748@upi,cust100057,icici,credit_card_linked,2025-04-09,active,VALID
darren1184@upi,cust103853,hdfc,savings,2023-02-28,active,VALID
amanda2649@upi,cust101961,hdfc,credit_card_linked,2025-04-16,active,VALID
maria8297@upi,cust100848,sbi,savings,2025-06-02,active,VALID
rebecca9162@upi,cust103400,icici,credit_card_linked,2023-09-05,active,VALID
joseph3582@upi,cust103615,icici,current,2024-06-01,active,VALID
kendra7549@upi,cust100831,icici,credit_card_linked,2025-05-24,blocked,VALID
travis3763@upi,cust108218,pnb,current,2025-07-12,active,VALID
adam8698@upi,cust104425,sbi,current,2025-07-20,active,VALID
mark6857@upi,cust105584,icici,current,2025-06-23,active,VALID
mr.5572@upi,cust106968,axis,savings,2025-05-08,active,VALID
jon5869@upi,cust103388,hdfc,savings,2022-02-08,active,VALID
matthew3049@upi,cust103928,sbi,credit_card_linked,2025-04-11,active,VALID
eric5556@upi,cust102252,kotak,current,2025-02-05,active,VALID
tasha9776@upi,cust107043,pnb,savings,2025-04-02,active,VALID
donna3726@upi,cust101665,axis,current,2024-01-06,active,VALID
michael3812@upi,cust103545,icici,credit_card_linked,2024-10-12,active,VALID
manuel7551@upi,cust108212,pnb,credit_card_linked,2025-03-27,active,VALID
kelly4354@upi,cust107033,icici,savings,2024-08-31,active,VALID
brent2059@upi,cust100430,icici,credit_card_linked,2025-05-28,active,VALID
bob4366@upi,cust108096,kotak,current,2022-03-09,active,VALID
catherine7629@upi,cust104209,pnb,credit_card_linked,2023-12-11,active,VALID
jeffrey3489@upi,cust101270,pnb,credit_card_linked,2025-05-27,active,VALID
paul5351@upi,cust104128,sbi,credit_card_linked,2023-06-20,active,VALID
sandra4573@upi,cust106038,icici,savings,2022-04-24,active,VALID
kimberly7855@upi,cust100118,axis,credit_card_linked,2025-07-01,active,VALID
gerald7269@upi,cust103940,kotak,savings,2025-05-01,active,VALID
sarah6859@upi,cust102447,pnb,current,2024-10-06,active,VALID
mr.2245@upi,cust109360,hdfc,credit_card_linked,2025-02-11,blocked,VALID
hannah5531@upi,cust103320,pnb,current,2023-06-10,active,VALID
benjamin3584@upi,cust106035,hdfc,credit_card_linked,2022-01-08,suspended,VALID
donna1448@upi,cust101618,kotak,savings,2024-06-03,active,VALID
tracy1860@upi,cust107307,icici,savings,2025-02-05,active,VALID
nichole3284@upi,cust102008,hdfc,savings,2025-05-15,blocked,VALID
kayla2742@upi,cust103828,kotak,credit_card_linked,2024-09-05,active,VALID
kelly2650@upi,cust102735,kotak,credit_card_linked,2024-05-13,active,VALID
alexandra9857@upi,cust105896,pnb,current,2022-08-15,active,VALID
todd4171@upi,cust107989,icici,credit_card_linked,2023-03-06,active,VALID
jeffery4440@upi,cust107724,kotak,credit_card_linked,2024-11-25,active,VALID
jeanette3330@upi,cust105870,sbi,current,2022-09-04,active,VALID
eric9750@upi,cust102778,pnb,savings,2023-01-24,active,VALID
alexis6066@upi,cust106721,axis,credit_card_linked,2025-07-27,active,VALID
julie5129@upi,cust106525,icici,savings,2023-08-07,active,VALID
robert4749@upi,cust103644,pnb,current,2024-09-08,active,VALID
keith6531@upi,cust105993,sbi,current,2022-10-13,active,VALID
danielle6427@upi,cust109718,icici,credit_card_linked,2022-09-18,active,VALID
taylor3651@upi,cust103117,hdfc,savings,2025-03-20,blocked,VALID
ashley4228@upi,cust109063,kotak,credit_card_linked,2024-03-28,blocked,VALID
william2558@upi,cust101300,hdfc,credit_card_linked,2025-02-01,active,VALID
brett5819@upi,cust107236,sbi,current,2025-06-19,active,VALID
ashley2823@upi,cust109429,pnb,savings,2024-06-04,active,VALID
paula8221@upi,cust102800,sbi,current,2023-01-15,active,VALID
erika9313@upi,cust108197,pnb,credit_card_linked,2025-03-10,active,VALID
marc7291@upi,cust102221,hdfc,current,2024-06-14,active,VALID
tony5161@upi,cust106794,sbi,credit_card_linked,2025-04-20,active,VALID
carol3654@upi,cust109909,sbi,credit_card_linked,2021-10-18,active,VALID
margaret3219@upi,cust109556,hdfc,current,2025-07-28,blocked,VALID
marcus1667@upi,cust103444,hdfc,credit_card_linked,2025-04-19,active,VALID
teresa5355@upi,cust100210,axis,savings,2025-01-31,active,VALID
john8407@upi,cust103691,icici,savings,2025-07-26,active,VALID
donna1492@upi,cust109682,sbi,credit_card_linked,2025-03-09,active,VALID
diana4950@upi,cust103786,axis,current,2024-08-21,blocked,VALID
michael2031@upi,cust105779,hdfc,credit_card_linked,2024-12-05,active,VALID
lisa7039@upi,cust105321,axis,current,2024-07-13,active,VALID
molly8832@upi,cust101573,sbi,current,2023-02-01,active,VALID
frank2370@upi,cust109993,kotak,current,2025-02-02,suspended,VALID
brianna9230@upi,cust100459,hdfc,credit_card_linked,2024-09-03,active,VALID
mario4324@upi,cust106552,icici,current,2021-08-23,active,VALID
teresa4139@upi,cust103753,pnb,current,2024-01-12,active,VALID
kyle1974@upi,cust106758,icici,savings,2024-12-04,active,VALID
kristine9015@upi,cust102797,hdfc,savings,2024-08-01,active,VALID
jack8825@upi,cust109911,sbi,savings,2025-04-28,active,VALID
daniel9661@upi,cust107811,kotak,current,2025-07-15,active,VALID
barbara3738@upi,cust105969,kotak,savings,2025-02-17,active,VALID
shannon1074@upi,cust100634,sbi,current,2025-05-13,active,VALID
lindsay1318@upi,cust103060,axis,current,2024-04-17,active,VALID
emily3783@upi,cust104174,axis,credit_card_linked,2025-05-25,active,VALID
shari5048@upi,cust106778,hdfc,credit_card_linked,2025-07-25,active,VALID
wesley5921@upi,cust108859,axis,credit_card_linked,2024-11-01,active,VALID
mariah6398@upi,cust101499,sbi,credit_card_linked,2024-11-13,active,VALID
audrey7861@upi,cust102415,pnb,savings,2023-10-25,active,VALID
gregory4891@upi,cust100294,sbi,current,2024-08-20,active,VALID
kimberly8283@upi,cust109332,hdfc,credit_card_linked,2024-11-06,active,VALID
eric4006@upi,cust108685,axis,credit_card_linked,2025-04-23,active,VALID
caitlin6911@upi,cust108220,icici,credit_card_linked,2024-03-21,active,VALID
lisa9675@upi,cust102436,hdfc,current,2024-12-18,active,VALID
donna6937@upi,cust102066,pnb,savings,2024-10-24,active,VALID
judith2754@upi,cust109406,axis,current,2022-04-29,active,VALID
benjamin6604@upi,cust108673,pnb,current,2023-05-12,active,VALID
jennifer1496@upi,cust108882,pnb,savings,2025-02-13,active,VALID
matthew2802@upi,cust101687,hdfc,current,2024-10-14,active,VALID
jerry1809@upi,cust106866,axis,credit_card_linked,2024-08-17,active,VALID
christopher1839@upi,cust102179,axis,credit_card_linked,2024-07-02,suspended,VALID
natalie4340@upi,cust107426,icici,savings,2022-09-03,active,VALID
anthony6850@upi,cust101903,icici,credit_card_linked,2024-05-17,active,VALID
bryan4977@upi,cust106596,hdfc,credit_card_linked,2025-04-06,active,VALID
joel4385@upi,cust102994,hdfc,current,2025-05-18,active,VALID
john1538@upi,cust106520,kotak,current,2024-07-25,active,VALID
cynthia9224@upi,cust104111,axis,savings,2024-11-04,active,VALID
lauren8669@upi,cust109416,sbi,current,2023-02-20,suspended,VALID
samantha7702@upi,cust103912,pnb,credit_card_linked,2025-02-02,active,VALID
jennifer7391@upi,cust103428,icici,current,2025-05-31,active,VALID
justin4768@upi,cust101556,pnb,savings,2025-06-02,active,VALID
jane7906@upi,cust102572,pnb,credit_card_linked,2022-10-18,active,VALID
tanya1098@upi,cust106003,pnb,current,2023-04-28,active,VALID
diane3033@upi,cust108948,pnb,credit_card_linked,2024-09-26,active,VALID
christina8010@upi,cust102873,sbi,current,2025-01-02,active,VALID
peter3393@upi,cust107835,hdfc,credit_card_linked,2025-03-13,active,VALID
ana1776@upi,cust101125,icici,savings,2025-01-08,active,VALID
hannah8267@upi,cust103906,sbi,current,2024-05-13,active,VALID
rebecca7431@upi,cust103667,kotak,credit_card_linked,2025-06-26,active,VALID
timothy6827@upi,cust100794,kotak,credit_card_linked,2024-05-25,active,VALID
danielle6835@upi,cust105885,pnb,current,2021-08-14,suspended,VALID
beth3444@upi,cust106960,pnb,current,2022-11-28,active,VALID
james5881@upi,cust105970,hdfc,savings,2023-05-06,active,VALID
pamela2425@upi,cust101123,axis,credit_card_linked,2024-09-17,suspended,VALID
james4759@upi,cust108779,pnb,savings,2025-02-28,active,VALID
daniel4674@upi,cust106073,axis,credit_card_linked,2021-06-17,active,VALID
brandon1810@upi,cust109796,hdfc,credit_card_linked,2025-06-10,active,VALID
christopher4611@upi,cust104243,sbi,credit_card_linked,2023-10-30,active,VALID
monica7761@upi,cust104242,kotak,credit_card_linked,2023-06-19,active,VALID
amy3460@upi,cust105838,kotak,current,2025-01-16,active,VALID
rhonda7106@upi,cust104726,axis,savings,2024-05-09,active,VALID
dakota5468@upi,cust104306,sbi,current,2025-06-09,active,VALID
robert1798@upi,cust109228,hdfc,current,2021-12-05,active,VALID
peter9318@upi,cust105493,icici,savings,2024-04-05,active,VALID
jeffrey8703@upi,cust102946,icici,current,2024-11-07,active,VALID
stephanie2066@upi,cust109261,sbi,credit_card_linked,2025-04-20,active,VALID
christine1880@upi,cust109112,hdfc,credit_card_linked,2025-07-22,suspended,VALID
mrs.4196@upi,cust101795,icici,credit_card_linked,2022-09-26,active,VALID
ashley4558@upi,cust108452,pnb,credit_card_linked,2025-07-16,active,VALID
thomas7330@upi,cust100207,axis,savings,2025-04-25,active,VALID
andrew5101@upi,cust105566,hdfc,credit_card_linked,2024-06-04,active,VALID
jimmy5880@upi,cust100304,kotak,credit_card_linked,2024-09-20,active,VALID
savannah3701@upi,cust108648,kotak,savings,2022-11-05,active,VALID
christopher1220@upi,cust107428,pnb,credit_card_linked,2025-05-29,active,VALID
catherine8142@upi,cust108453,axis,credit_card_linked,2023-09-27,active,VALID
theresa8503@upi,cust107905,hdfc,current,2023-06-14,active,VALID
kathleen8233@upi,cust100693,hdfc,credit_card_linked,2024-02-19,active,VALID
bianca5813@upi,cust102716,sbi,credit_card_linked,2024-09-18,active,VALID
brittany5277@upi,cust109662,axis,savings,2025-01-03,active,VALID
barbara6087@upi,cust103770,icici,savings,2023-10-18,active,VALID
vanessa5024@upi,cust102368,axis,current,2023-11-17,active,VALID
david1515@upi,cust104292,sbi,credit_card_linked,2025-04-03,active,VALID
randy7524@upi,cust100751,sbi,savings,2024-10-07,active,VALID
dawn7000@upi,cust100490,icici,credit_card_linked,2025-06-11,active,VALID
sara7711@upi,cust104166,kotak,savings,2022-01-14,active,VALID
dawn6795@upi,cust100623,pnb,savings,2023-09-03,active,VALID
steven8641@upi,cust106678,pnb,current,2023-03-25,active,VALID
steven9337@upi,cust106593,icici,current,2025-07-13,active,VALID
vickie7151@upi,cust108230,sbi,current,2023-06-07,active,VALID
billy3536@upi,cust108702,sbi,credit_card_linked,2024-08-08,active,VALID
shannon2016@upi,cust107494,icici,savings,2024-07-22,active,VALID
jennifer2984@upi,cust106288,kotak,current,2025-06-21,active,VALID
mark7122@upi,cust109025,pnb,credit_card_linked,2025-07-16,active,VALID
kendra9784@upi,cust108623,hdfc,current,2025-06-04,active,VALID
rebecca7590@upi,cust104622,sbi,credit_card_linked,2025-07-09,active,VALID
robert8698@upi,cust106546,icici,current,2024-11-23,active,VALID
joshua3668@upi,cust104553,kotak,credit_card_linked,2025-01-30,active,VALID
christine5366@upi,cust106649,hdfc,savings,2025-07-04,active,VALID
nicole8741@upi,cust109080,pnb,savings,2023-06-24,active,VALID
keith5236@upi,cust108314,kotak,current,2024-03-11,active,VALID
dorothy5350@upi,cust108807,kotak,savings,2024-07-04,active,VALID
michelle8199@upi,cust103985,kotak,current,2025-08-05,active,VALID
jordan5762@upi,cust100326,icici,credit_card_linked,2024-03-22,active,VALID
kathryn4791@upi,cust102052,pnb,current,2025-02-06,active,VALID
christopher3628@upi,cust105060,kotak,current,2024-04-24,suspended,VALID
jeffrey8725@upi,cust109046,icici,credit_card_linked,2024-01-07,active,VALID
kayla6631@upi,cust102861,sbi,current,2025-06-09,active,VALID
alicia3600@upi,cust105295,pnb,savings,2024-05-29,active,VALID
carrie5087@upi,cust107586,axis,current,2023-07-15,active,VALID
eric3107@upi,cust103359,kotak,current,2025-07-13,active,VALID
joe5285@upi,cust107053,pnb,savings,2025-03-27,active,VALID
melissa3408@upi,cust108486,hdfc,current,2025-04-28,active,VALID
ann2675@upi,cust104497,sbi,savings,2023-11-02,active,VALID
brian6456@upi,cust109797,pnb,credit_card_linked,2024-05-07,active,VALID
christine2463@upi,cust101962,hdfc,credit_card_linked,2024-07-06,active,VALID
pamela4170@upi,cust102104,axis,credit_card_linked,2025-05-08,active,VALID
allen6599@upi,cust105214,axis,current,2024-05-26,active,VALID
jason9805@upi,cust105511,icici,savings,2025-06-22,active,VALID
matthew6935@upi,cust108347,hdfc,current,2022-09-13,active,VALID
michelle6090@upi,cust108118,kotak,credit_card_linked,2025-05-03,active,VALID
edwin5684@upi,cust103275,icici,credit_card_linked,2024-11-13,active,VALID
jerome1149@upi,cust106476,axis,current,2023-01-02,active,VALID
tyler7481@upi,cust105936,pnb,credit_card_linked,2024-06-24,active,VALID
maria6929@upi,cust105383,kotak,savings,2025-07-20,active,VALID
anna8776@upi,cust107557,sbi,credit_card_linked,2025-04-05,active,VALID
natasha9199@upi,cust109791,sbi,current,2024-05-21,active,VALID
bonnie3094@upi,cust109980,kotak,current,2025-01-12,active,VALID
nathan3301@upi,cust107655,pnb,savings,2024-02-11,suspended,VALID
eddie2880@upi,cust101715,icici,current,2025-07-03,active,VALID
brenda8656@upi,cust100282,axis,current,2023-07-30,active,VALID
elizabeth4559@upi,cust104966,sbi,credit_card_linked,2025-07-22,active,VALID
leah3703@upi,cust103804,kotak,savings,2025-04-17,suspended,VALID
andrea3491@upi,cust103112,pnb,credit_card_linked,2023-12-18,active,VALID
william8100@upi,cust105481,kotak,current,2024-10-02,suspended,VALID
charles1081@upi,cust104708,sbi,credit_card_linked,2022-07-22,active,VALID
katie4967@upi,cust101667,hdfc,credit_card_linked,2024-10-19,active,VALID
marisa2468@upi,cust106244,sbi,credit_card_linked,2025-01-22,active,VALID
patrick4814@upi,cust104252,sbi,current,2025-05-07,blocked,VALID
douglas9344@upi,cust102063,kotak,credit_card_linked,2023-01-26,active,VALID
rachel7239@upi,cust106652,sbi,savings,2025-01-09,active,VALID
daniel3088@upi,cust100119,pnb,savings,2024-06-02,active,VALID
katherine8863@upi,cust102484,kotak,credit_card_linked,2024-03-01,active,VALID
david9712@upi,cust107384,pnb,savings,2024-03-08,active,VALID
tracy2675@upi,cust102404,kotak,savings,2025-06-22,blocked,VALID
angel2795@upi,cust108920,icici,current,2025-07-06,active,VALID
cynthia4678@upi,cust107295,kotak,credit_card_linked,2023-01-05,active,VALID
gwendolyn8608@upi,cust106496,axis,credit_card_linked,2024-08-18,active,VALID
andrea3323@upi,cust107943,pnb,savings,2024-03-31,active,VALID
daniel6547@upi,cust100763,icici,credit_card_linked,2023-07-27,active,VALID
jennifer9296@upi,cust107550,icici,savings,2025-07-17,active,VALID
richard1222@upi,cust101745,pnb,current,2025-05-14,active,VALID
julie4223@upi,cust104713,kotak,savings,2024-12-17,active,VALID
kimberly1070@upi,cust102098,kotak,credit_card_linked,2023-09-04,active,VALID
jillian4580@upi,cust106730,icici,credit_card_linked,2025-06-12,active,VALID
diamond6877@upi,cust102309,hdfc,savings,2022-02-19,active,VALID
kenneth5680@upi,cust100461,pnb,credit_card_linked,2023-04-22,active,VALID
miss6972@upi,cust107659,hdfc,savings,2023-08-07,active,VALID
michael1580@upi,cust103538,kotak,current,2024-04-17,active,VALID
scott2580@upi,cust102461,pnb,current,2025-05-07,active,VALID
denise8429@upi,cust107772,axis,savings,2023-03-16,active,VALID
paul3493@upi,cust102391,axis,current,2022-02-15,active,VALID
joseph8597@upi,cust103908,sbi,current,2023-04-09,active,VALID
jessica5699@upi,cust108828,hdfc,current,2021-11-11,active,VALID
william4079@upi,cust107128,sbi,current,2024-09-09,active,VALID
wendy2462@upi,cust101656,axis,current,2022-03-11,active,VALID
hunter6432@upi,cust101966,sbi,credit_card_linked,2025-01-19,active,VALID
shannon2775@upi,cust100968,hdfc,current,2024-05-05,suspended,VALID
bryan7765@upi,cust103576,kotak,savings,2025-05-02,active,VALID
jason3723@upi,cust109021,pnb,current,2024-11-16,active,VALID
alexander1167@upi,cust109481,sbi,current,2025-02-09,active,VALID
vickie5141@upi,cust108230,pnb,savings,2024-06-07,blocked,VALID
hannah5134@upi,cust106771,axis,savings,2023-03-07,active,VALID
amber3482@upi,cust102531,hdfc,credit_card_linked,2023-01-18,active,VALID
david4293@upi,cust106429,axis,current,2024-11-06,active,VALID
samantha4268@upi,cust109667,hdfc,credit_card_linked,2024-08-20,active,VALID
regina1199@upi,cust108774,sbi,savings,2024-07-15,active,VALID
richard2793@upi,cust101053,pnb,credit_card_linked,2023-06-26,active,VALID
mrs.7353@upi,cust108363,sbi,credit_card_linked,2024-11-23,active,VALID
michael9191@upi,cust102097,kotak,credit_card_linked,2024-10-09,suspended,VALID
justin5544@upi,cust102216,axis,current,2025-02-15,active,VALID
jennifer7718@upi,cust105583,kotak,current,2025-04-05,active,VALID
stephen1465@upi,cust106524,pnb,credit_card_linked,2025-06-14,active,VALID
sue5826@upi,cust108491,pnb,current,2023-07-27,active,VALID
samuel3371@upi,cust107612,icici,credit_card_linked,2022-11-28,active,VALID
marisa9694@upi,cust100872,sbi,savings,2025-07-01,active,VALID
marc6602@upi,cust104051,sbi,credit_card_linked,2024-09-14,blocked,VALID
mark7115@upi,cust104357,icici,current,2025-03-15,active,VALID
melinda9321@upi,cust106223,pnb,current,2024-11-27,active,VALID
mrs.4967@upi,cust108147,icici,savings,2022-12-14,active,VALID
robin8956@upi,cust102004,icici,current,2022-11-13,active,VALID
kelly4521@upi,cust106804,sbi,savings,2022-12-24,active,VALID
philip1729@upi,cust103252,axis,current,2024-04-29,active,VALID
paul4638@upi,cust107594,icici,savings,2024-02-27,active,VALID
donna5599@upi,cust105087,pnb,credit_card_linked,2025-03-09,active,VALID
katherine7821@upi,cust107329,icici,credit_card_linked,2025-07-17,active,VALID
ashley9269@upi,cust109095,axis,savings,2025-02-10,active,VALID
johnny7711@upi,cust106373,pnb,savings,2024-09-22,active,VALID
patricia6239@upi,cust104668,hdfc,current,2024-04-21,active,VALID
dr.1035@upi,cust103663,hdfc,current,2025-04-20,active,VALID
teresa5342@upi,cust109495,hdfc,savings,2023-08-06,active,VALID
robert5767@upi,cust100279,hdfc,credit_card_linked,2025-04-11,active,VALID
james2242@upi,cust103846,sbi,current,2025-07-09,active,VALID
oscar9950@upi,cust104400,axis,savings,2025-05-10,active,VALID
amanda5648@upi,cust102443,axis,current,2025-05-14,active,VALID
helen1218@upi,cust100129,kotak,savings,2023-08-02,active,VALID
michael3534@upi,cust107219,pnb,savings,2024-05-10,active,VALID
kristin9070@upi,cust105758,pnb,credit_card_linked,2024-06-01,active,VALID
javier9254@upi,cust100506,sbi,savings,2024-09-25,active,VALID
julian1472@upi,cust104365,kotak,current,2024-09-26,active,VALID
richard3312@upi,cust109514,axis,credit_card_linked,2024-10-28,active,VALID
ricardo6252@upi,cust101024,kotak,credit_card_linked,2021-02-06,active,VALID
michele6747@upi,cust108195,icici,credit_card_linked,2022-01-01,active,VALID
omar5504@upi,cust105235,hdfc,credit_card_linked,2024-07-17,active,VALID
trevor4436@upi,cust106876,hdfc,savings,2024-05-16,active,VALID
robert5028@upi,cust107009,sbi,credit_card_linked,2024-10-23,active,VALID
jerry6442@upi,cust106866,kotak,savings,2024-06-08,active,VALID
lori7542@upi,cust100164,pnb,current,2025-03-22,active,VALID
brian5754@upi,cust103401,sbi,current,2022-11-12,active,VALID
roy8642@upi,cust106138,sbi,savings,2025-05-03,active,VALID
norma2169@upi,cust100027,sbi,savings,2025-08-03,suspended,VALID
craig7597@upi,cust109648,icici,current,2025-07-02,active,VALID
juan8727@upi,cust101164,axis,credit_card_linked,2024-04-25,active,VALID
curtis1169@upi,cust105456,sbi,savings,2024-04-23,active,VALID
michael2061@upi,cust104389,kotak,savings,2024-08-27,active,VALID
joshua1615@upi,cust105294,hdfc,credit_card_linked,2024-02-05,active,VALID
denise8916@upi,cust109908,hdfc,current,2025-04-08,active,VALID
lindsay1949@upi,cust103060,hdfc,savings,2025-07-21,active,VALID
linda4663@upi,cust107048,axis,current,2024-04-02,active,VALID
brianna7025@upi,cust100670,sbi,savings,2025-04-17,active,VALID
haley8397@upi,cust103007,pnb,current,2025-07-05,active,VALID
charles9189@upi,cust105949,hdfc,credit_card_linked,2023-08-10,active,VALID
cynthia4733@upi,cust104049,axis,current,2024-06-22,active,VALID
derek6224@upi,cust103635,sbi,savings,2025-05-11,active,VALID
jordan3148@upi,cust100326,icici,current,2024-09-16,active,VALID
susan8455@upi,cust103710,sbi,savings,2023-08-01,active,VALID
austin3704@upi,cust105175,pnb,credit_card_linked,2025-01-03,active,VALID
brittany4699@upi,cust104343,hdfc,credit_card_linked,2025-01-22,active,VALID
yesenia2106@upi,cust105335,hdfc,current,2024-06-04,active,VALID
regina4957@upi,cust109805,hdfc,savings,2025-06-25,suspended,VALID
tracy4887@upi,cust104073,kotak,savings,2022-09-20,active,VALID
michael2803@upi,cust104689,hdfc,savings,2025-06-16,active,VALID
karla2090@upi,cust109175,axis,savings,2025-05-26,active,VALID
mark9484@upi,cust103095,kotak,current,2025-03-29,active,VALID
alexandra5124@upi,cust103777,axis,current,2022-04-29,active,VALID
sharon8037@upi,cust107751,axis,credit_card_linked,2024-03-20,active,VALID
anna3023@upi,cust100309,sbi,savings,2024-05-23,active,VALID
joshua6023@upi,cust100071,pnb,current,2025-03-17,active,VALID
blake1143@upi,cust107948,icici,savings,2023-01-12,active,VALID
ray3028@upi,cust109624,hdfc,credit_card_linked,2023-10-28,active,VALID
timothy2087@upi,cust104086,pnb,credit_card_linked,2025-02-15,active,VALID
christian3514@upi,cust101204,axis,credit_card_linked,2025-07-30,active,VALID
brenda9785@upi,cust102895,hdfc,current,2023-10-05,active,VALID
james8985@upi,cust105015,kotak,current,2024-04-23,active,VALID
jennifer8207@upi,cust109193,kotak,credit_card_linked,2024-06-13,active,VALID
casey5289@upi,cust107913,pnb,current,2022-12-23,blocked,VALID
jimmy2903@upi,cust100304,sbi,current,2025-05-05,active,VALID
caleb1284@upi,cust101855,kotak,savings,2025-07-20,active,VALID
christine9384@upi,cust100374,sbi,savings,2024-06-08,active,VALID
frank8114@upi,cust107250,sbi,credit_card_linked,2025-03-10,blocked,VALID
joseph7348@upi,cust105270,pnb,savings,2025-03-27,active,VALID
nathaniel9870@upi,cust103510,axis,credit_card_linked,2024-11-10,active,VALID
timothy3347@upi,cust105721,axis,credit_card_linked,2024-10-30,active,VALID
angela1299@upi,cust108864,icici,current,2025-02-23,active,VALID
john8641@upi,cust109834,kotak,current,2025-01-13,active,VALID
kimberly7018@upi,cust103135,hdfc,credit_card_linked,2024-06-11,active,VALID
kaitlyn3666@upi,cust103970,hdfc,savings,2022-07-29,active,VALID
kim6675@upi,cust108148,kotak,current,2023-04-09,active,VALID
james1889@upi,cust102548,kotak,current,2023-12-16,active,VALID
justin9710@upi,cust108418,sbi,savings,2024-07-18,active,VALID
richard3370@upi,cust103141,axis,credit_card_linked,2022-09-23,active,VALID
thomas5530@upi,cust107082,sbi,credit_card_linked,2025-06-13,active,VALID
mary1273@upi,cust109569,sbi,savings,2023-12-28,suspended,VALID
nancy9697@upi,cust105346,kotak,savings,2023-02-26,active,VALID
scott7652@upi,cust107800,pnb,savings,2025-02-04,active,VALID
raymond6810@upi,cust103759,icici,credit_card_linked,2023-11-30,active,VALID
melanie8468@upi,cust102313,hdfc,credit_card_linked,2022-12-28,active,VALID
joshua6477@upi,cust106716,axis,current,2024-01-02,active,VALID
matthew9160@upi,cust101395,icici,credit_card_linked,2024-12-15,active,VALID
jennifer4596@upi,cust104644,kotak,savings,2024-12-18,active,VALID
katherine9601@upi,cust104236,hdfc,savings,2025-07-16,active,VALID
erika1704@upi,cust108423,kotak,current,2025-01-18,active,VALID
deborah4794@upi,cust101553,pnb,savings,2022-09-28,active,VALID
haley2455@upi,cust101987,axis,current,2023-04-20,active,VALID
douglas1104@upi,cust100706,pnb,credit_card_linked,2024-03-26,active,VALID
jeffrey6837@upi,cust102257,hdfc,current,2025-01-11,active,VALID
karen3110@upi,cust104493,pnb,savings,2025-07-02,active,VALID
steven1188@upi,cust108712,kotak,current,2024-08-09,active,VALID
anna6567@upi,cust103528,pnb,current,2025-06-02,active,VALID
wendy3062@upi,cust105276,hdfc,current,2024-04-27,active,VALID
randall7029@upi,cust100877,sbi,current,2023-12-07,active,VALID
sandy5919@upi,cust107675,icici,savings,2023-04-29,active,VALID
mitchell1245@upi,cust107715,sbi,credit_card_linked,2024-05-23,active,VALID
sharon9442@upi,cust103081,axis,current,2023-08-24,active,VALID
jonathan1512@upi,cust106320,pnb,credit_card_linked,2023-06-26,suspended,VALID
kimberly7007@upi,cust100168,icici,credit_card_linked,2022-09-23,active,VALID
jackie6270@upi,cust108902,kotak,credit_card_linked,2025-05-23,active,VALID
christian7308@upi,cust107870,axis,current,2022-08-15,active,VALID
elizabeth2255@upi,cust109310,icici,savings,2021-02-25,active,VALID
lisa5161@upi,cust105931,hdfc,current,2025-07-29,active,VALID
derek8226@upi,cust100078,kotak,savings,2021-12-12,active,VALID
michael1123@upi,cust105385,kotak,credit_card_linked,2023-12-12,active,VALID
brandy1702@upi,cust108933,axis,current,2023-01-28,active,VALID
gregory8969@upi,cust104208,sbi,current,2022-10-27,active,VALID
robert1324@upi,cust109125,pnb,credit_card_linked,2023-08-18,active,VALID
michelle3224@upi,cust102788,hdfc,savings,2024-12-19,suspended,VALID
christopher6305@upi,cust104379,icici,savings,2023-02-03,active,VALID
dennis9332@upi,cust105195,sbi,credit_card_linked,2025-01-02,suspended,VALID
debra3075@upi,cust101304,icici,current,2023-12-28,active,VALID
miss4256@upi,cust108950,sbi,savings,2022-11-26,active,VALID
adam9211@upi,cust108133,sbi,savings,2022-06-27,active,VALID
mrs.9689@upi,cust106247,hdfc,current,2025-07-02,active,VALID
jessica1414@upi,cust104491,axis,savings,2024-04-15,active,VALID
wayne9822@upi,cust109985,sbi,savings,2024-01-01,active,VALID
jay2083@upi,cust109362,kotak,credit_card_linked,2024-05-12,active,VALID
antonio2832@upi,cust105394,icici,credit_card_linked,2024-11-25,active,VALID
jennifer7198@upi,cust105236,sbi,current,2025-07-23,active,VALID
donna6240@upi,cust102965,axis,current,2025-05-13,active,VALID
marcus5800@upi,cust103923,hdfc,credit_card_linked,2024-05-12,active,VALID
marcia5856@upi,cust101870,sbi,savings,2025-02-06,active,VALID
cynthia8802@upi,cust108544,sbi,savings,2024-02-20,active,VALID
frank7593@upi,cust105634,pnb,current,2023-04-11,active,VALID
donald8656@upi,cust104130,sbi,current,2022-02-20,active,VALID
calvin6573@upi,cust102081,pnb,credit_card_linked,2025-06-17,active,VALID
melissa4518@upi,cust108585,hdfc,current,2024-08-29,active,VALID
melissa6589@upi,cust102995,sbi,savings,2024-10-08,active,VALID
william7456@upi,cust103226,axis,current,2025-01-25,active,VALID
tiffany3444@upi,cust102400,sbi,savings,2024-11-03,active,VALID
jordan1856@upi,cust100326,sbi,current,2024-04-09,active,VALID
crystal5573@upi,cust108485,hdfc,credit_card_linked,2021-09-19,active,VALID
edward6814@upi,cust102438,axis,current,2024-01-24,active,VALID
kevin5913@upi,cust105604,kotak,current,2022-12-31,active,VALID
brian6583@upi,cust106332,sbi,savings,2023-08-17,active,VALID
lisa2262@upi,cust102977,kotak,current,2024-06-23,active,VALID
renee6504@upi,cust107707,pnb,current,2022-10-19,active,VALID
debbie2597@upi,cust102655,hdfc,current,2022-01-07,suspended,VALID
jacob2374@upi,cust108716,kotak,credit_card_linked,2025-03-10,active,VALID
jennifer6306@upi,cust102249,sbi,current,2025-05-06,active,VALID
sergio2722@upi,cust105423,icici,credit_card_linked,2025-07-10,active,VALID
jessica3531@upi,cust105381,sbi,current,2023-10-15,active,VALID
scott8219@upi,cust102456,kotak,current,2022-12-28,suspended,VALID
edwin5631@upi,cust100732,hdfc,current,2025-04-25,active,VALID
james1253@upi,cust104602,hdfc,credit_card_linked,2025-03-15,active,VALID
paul7716@upi,cust100251,hdfc,current,2025-07-26,active,VALID
ethan5032@upi,cust106357,icici,current,2025-03-22,active,VALID
raven4533@upi,cust109313,kotak,current,2024-08-22,active,VALID
valerie9281@upi,cust107379,sbi,current,2024-08-28,suspended,VALID
amy5627@upi,cust108605,icici,savings,2025-04-24,active,VALID
james1362@upi,cust106081,sbi,current,2023-10-27,active,VALID
bryan6959@upi,cust102547,pnb,current,2023-11-15,active,VALID
oscar5384@upi,cust103618,icici,savings,2024-12-01,active,VALID
roy7968@upi,cust107991,icici,current,2024-09-04,active,VALID
mark6616@upi,cust106851,axis,credit_card_linked,2025-01-03,active,VALID
trevor5491@upi,cust108241,axis,current,2024-10-07,active,VALID
mark8810@upi,cust107498,sbi,current,2023-07-15,active,VALID
courtney4982@upi,cust104862,pnb,savings,2024-10-03,active,VALID
brian2657@upi,cust109933,axis,current,2023-06-01,active,VALID
james4174@upi,cust102550,kotak,savings,2024-01-17,active,VALID
jacqueline5205@upi,cust105149,pnb,current,2025-07-09,suspended,VALID
robert6394@upi,cust102745,kotak,current,2022-05-27,active,VALID
terri3521@upi,cust109218,kotak,current,2024-08-01,active,VALID
daniel9989@upi,cust102804,sbi,credit_card_linked,2022-08-18,active,VALID
brandon5819@upi,cust106614,axis,credit_card_linked,2023-06-23,blocked,VALID
donald1944@upi,cust106002,icici,current,2025-02-14,active,VALID
daryl7383@upi,cust101709,icici,current,2023-08-21,active,VALID
molly3301@upi,cust100798,sbi,current,2022-09-18,active,VALID
colin8685@upi,cust103301,pnb,credit_card_linked,2024-04-27,active,VALID
natalie2446@upi,cust104290,pnb,savings,2024-12-26,active,VALID
donna6815@upi,cust109682,hdfc,credit_card_linked,2025-01-17,active,VALID
robert2702@upi,cust106546,sbi,current,2024-03-03,active,VALID
jacob9438@upi,cust109660,kotak,current,2025-06-09,active,VALID
vanessa2351@upi,cust104281,icici,savings,2025-04-30,active,VALID
kyle2753@upi,cust100297,pnb,current,2024-01-01,active,VALID
donna6103@upi,cust102441,kotak,credit_card_linked,2025-06-28,active,VALID
brittany1180@upi,cust108065,kotak,credit_card_linked,2024-09-07,active,VALID
keith3702@upi,cust107644,kotak,current,2024-02-14,active,VALID
donald5034@upi,cust109239,sbi,credit_card_linked,2024-05-12,active,VALID
matthew4885@upi,cust103194,pnb,credit_card_linked,2025-06-27,active,VALID
cody1013@upi,cust107249,kotak,current,2023-07-26,active,VALID
evelyn3833@upi,cust106998,kotak,savings,2025-06-01,active,VALID
michael9253@upi,cust109138,hdfc,savings,2025-06-10,active,VALID
joseph4469@upi,cust103824,sbi,current,2023-08-04,active,VALID
deborah5131@upi,cust107662,axis,current,2022-01-18,active,VALID
dwayne3115@upi,cust107921,axis,savings,2025-03-25,active,VALID
christopher7964@upi,cust101858,pnb,credit_card_linked,2022-08-31,active,VALID
stephanie8365@upi,cust104152,pnb,current,2025-07-10,active,VALID
amy9781@upi,cust105477,kotak,credit_card_linked,2024-11-21,active,VALID
lindsey5886@upi,cust104541,axis,current,2024-03-25,blocked,VALID
michael2145@upi,cust109555,pnb,current,2025-04-27,active,VALID
jennifer9580@upi,cust105932,kotak,current,2025-01-14,active,VALID
michelle2919@upi,cust103766,icici,credit_card_linked,2024-12-17,active,VALID
christopher2252@upi,cust102289,pnb,credit_card_linked,2025-04-11,suspended,VALID
theresa6750@upi,cust107328,hdfc,credit_card_linked,2024-10-25,active,VALID
laura1272@upi,cust102853,pnb,savings,2021-02-19,active,VALID
amber3738@upi,cust101970,kotak,credit_card_linked,2025-05-31,active,VALID
sandra2225@upi,cust104772,kotak,savings,2025-07-31,active,VALID
linda7322@upi,cust101187,sbi,credit_card_linked,2024-06-16,active,VALID
michael3690@upi,cust105385,sbi,credit_card_linked,2024-04-08,active,VALID
maria6582@upi,cust109203,hdfc,savings,2025-04-18,active,VALID
alan8194@upi,cust105059,pnb,current,2021-02-10,active,VALID
kathleen3107@upi,cust106372,hdfc,savings,2024-10-13,active,VALID
sandra6374@upi,cust108593,pnb,savings,2025-07-27,active,VALID
alexandria5374@upi,cust104430,sbi,credit_card_linked,2022-08-01,active,VALID
tina1309@upi,cust100104,kotak,current,2022-10-29,active,VALID
ashley7285@upi,cust102143,pnb,current,2025-03-15,active,VALID
michelle9437@upi,cust102367,axis,credit_card_linked,2023-12-31,suspended,VALID
erik3384@upi,cust104349,hdfc,savings,2025-04-06,active,VALID
kimberly2503@upi,cust109225,pnb,credit_card_linked,2025-07-26,active,VALID
travis3922@upi,cust109216,hdfc,savings,2025-06-14,active,VALID
nancy7084@upi,cust103571,icici,credit_card_linked,2025-07-17,suspended,VALID
daniel1528@upi,cust107404,icici,credit_card_linked,2024-04-14,active,VALID
james6949@upi,cust102548,kotak,savings,2024-02-25,active,VALID
nicholas7593@upi,cust106946,pnb,current,2025-06-21,active,VALID
garrett8356@upi,cust102783,sbi,credit_card_linked,2024-01-05,active,VALID
robin7973@upi,cust109241,pnb,savings,2025-07-02,active,VALID
steven6424@upi,cust107516,axis,credit_card_linked,2025-04-04,active,VALID
michael3482@upi,cust105719,icici,savings,2025-05-27,active,VALID
rodney6601@upi,cust104206,kotak,credit_card_linked,2024-09-25,active,VALID
sarah8223@upi,cust109260,pnb,credit_card_linked,2025-02-16,active,VALID
rita4133@upi,cust108620,kotak,current,2023-06-08,active,VALID
scott3477@upi,cust104601,axis,current,2024-03-02,active,VALID
brent7342@upi,cust109454,sbi,savings,2024-11-20,active,VALID
angela5570@upi,cust103264,axis,current,2023-04-19,active,VALID
margaret5180@upi,cust106859,pnb,current,2024-10-16,active,VALID
john9983@upi,cust101240,hdfc,savings,2025-02-13,suspended,VALID
matthew9191@upi,cust105587,hdfc,current,2024-04-18,active,VALID
jonathan3984@upi,cust109554,icici,current,2025-08-01,active,VALID
aaron8362@upi,cust108186,icici,current,2025-04-27,active,VALID
james4917@upi,cust102024,axis,current,2025-04-23,active,VALID
mia7678@upi,cust107974,sbi,current,2024-04-01,active,VALID
crystal5745@upi,cust105614,hdfc,savings,2025-02-21,active,VALID
thomas3319@upi,cust107325,pnb,current,2024-05-16,suspended,VALID
madison7314@upi,cust101089,hdfc,credit_card_linked,2025-05-09,active,VALID
christopher3006@upi,cust100702,axis,current,2024-12-05,active,VALID
james2980@upi,cust108791,hdfc,current,2024-01-26,active,VALID
ryan2430@upi,cust102724,axis,credit_card_linked,2025-05-14,active,VALID
john9147@upi,cust108903,sbi,savings,2025-05-09,active,VALID
donna2322@upi,cust107432,icici,savings,2022-07-19,active,VALID
mr.8402@upi,cust106374,kotak,credit_card_linked,2024-11-14,active,VALID
austin8361@upi,cust105717,axis,current,2022-11-13,active,VALID
kimberly3621@upi,cust101614,axis,current,2025-07-05,active,VALID
joseph1768@upi,cust105270,sbi,credit_card_linked,2023-08-08,active,VALID
angel4244@upi,cust106918,hdfc,current,2024-08-25,active,VALID
ronald3599@upi,cust108226,hdfc,credit_card_linked,2025-04-15,active,VALID
rachel4060@upi,cust106027,icici,savings,2023-06-29,active,VALID
mark3299@upi,cust107191,hdfc,credit_card_linked,2024-12-19,active,VALID
kelly2815@upi,cust101319,pnb,savings,2023-04-02,active,VALID
ashley6369@upi,cust100198,sbi,current,2025-06-22,active,VALID
sean8909@upi,cust101519,axis,credit_card_linked,2024-05-04,active,VALID
dawn5871@upi,cust101784,sbi,savings,2023-07-01,active,VALID
travis9222@upi,cust109073,kotak,current,2025-08-05,active,VALID
scott4752@upi,cust104436,axis,current,2025-08-02,active,VALID
amy9882@upi,cust108366,kotak,credit_card_linked,2025-07-25,active,VALID
kim6188@upi,cust103827,sbi,current,2020-11-17,active,VALID
douglas1329@upi,cust102462,axis,savings,2025-04-21,suspended,VALID
heidi9880@upi,cust105538,sbi,current,2022-03-25,active,VALID
melissa6141@upi,cust107156,axis,current,2024-02-17,active,VALID
hannah4786@upi,cust109720,axis,credit_card_linked,2024-11-19,active,VALID
benjamin1219@upi,cust107766,icici,credit_card_linked,2024-09-06,active,VALID
latoya1317@upi,cust101162,pnb,savings,2022-03-22,active,VALID
roger3451@upi,cust106455,icici,savings,2025-07-02,active,VALID
amanda9769@upi,cust103729,hdfc,savings,2022-12-19,active,VALID
cody4923@upi,cust100683,axis,credit_card_linked,2022-01-21,blocked,VALID
christopher7100@upi,cust109456,sbi,current,2025-07-21,active,VALID
anthony8582@upi,cust109952,sbi,credit_card_linked,2025-04-12,active,VALID
lauren2383@upi,cust102987,icici,credit_card_linked,2025-07-07,active,VALID
jason4822@upi,cust108532,kotak,current,2023-12-07,active,VALID
elizabeth1462@upi,cust107363,hdfc,current,2025-01-09,active,VALID
robert5746@upi,cust102085,sbi,current,2025-03-19,active,VALID
amanda7805@upi,cust100242,kotak,credit_card_linked,2024-04-30,active,VALID
cody3629@upi,cust108158,pnb,current,2025-07-13,active,VALID
michael4496@upi,cust100575,axis,savings,2024-09-03,active,VALID
katie2186@upi,cust106055,kotak,current,2023-12-24,active,VALID
megan2136@upi,cust105926,kotak,current,2024-08-22,active,VALID
calvin1845@upi,cust104157,icici,current,2025-01-04,active,VALID
timothy5021@upi,cust107198,kotak,current,2025-05-19,active,VALID
robert5321@upi,cust108232,axis,savings,2025-01-06,active,VALID
maria7830@upi,cust104870,hdfc,savings,2023-03-17,active,VALID
kristina9330@upi,cust104976,icici,current,2024-07-22,active,VALID
kevin7542@upi,cust108178,hdfc,credit_card_linked,2024-10-26,active,VALID
nicole6902@upi,cust100107,pnb,savings,2025-07-07,active,VALID
kenneth2405@upi,cust102512,axis,current,2025-06-15,active,VALID
matthew4747@upi,cust109859,sbi,savings,2024-06-28,active,VALID
timothy2481@upi,cust105857,pnb,credit_card_linked,2023-02-08,active,VALID
tristan1327@upi,cust100692,hdfc,credit_card_linked,2023-01-02,active,VALID
sydney7399@upi,cust105138,icici,savings,2025-06-16,active,VALID
zachary5959@upi,cust108941,axis,credit_card_linked,2025-03-13,blocked,VALID
rachel6284@upi,cust100370,sbi,current,2025-08-01,active,VALID
joe6415@upi,cust105102,hdfc,credit_card_linked,2024-08-29,active,VALID
lance7248@upi,cust108801,sbi,current,2024-04-28,active,VALID
matthew3815@upi,cust101062,icici,current,2024-06-17,active,VALID
robert7818@upi,cust106160,axis,credit_card_linked,2024-07-30,suspended,VALID
randy2463@upi,cust103171,icici,current,2024-02-10,active,VALID
ashley5757@upi,cust109359,icici,credit_card_linked,2024-07-17,active,VALID
justin8068@upi,cust107667,hdfc,current,2025-07-10,active,VALID
alejandro6742@upi,cust105370,sbi,savings,2025-03-14,active,VALID
victoria2762@upi,cust102733,kotak,savings,2025-06-02,active,VALID
kim4086@upi,cust108148,icici,credit_card_linked,2024-11-24,active,VALID
charles8113@upi,cust104708,sbi,credit_card_linked,2024-02-08,active,VALID
ronald6197@upi,cust104117,hdfc,credit_card_linked,2025-07-24,active,VALID
kenneth5031@upi,cust109873,kotak,savings,2023-12-07,active,VALID
cameron7471@upi,cust103782,kotak,current,2024-11-16,active,VALID
maxwell8534@upi,cust100208,icici,current,2024-10-01,active,VALID
jennifer6240@upi,cust100492,sbi,current,2022-05-01,active,VALID
daniel1011@upi,cust108040,icici,savings,2025-07-14,blocked,VALID
charlene1652@upi,cust103298,pnb,current,2024-04-27,active,VALID
kayla4935@upi,cust100804,hdfc,credit_card_linked,2025-07-15,active,VALID
spencer1067@upi,cust108055,hdfc,current,2025-04-05,active,VALID
william9585@upi,cust101242,kotak,current,2025-02-10,blocked,VALID
diane1189@upi,cust108948,axis,savings,2024-04-09,active,VALID
ashley7267@upi,cust103591,kotak,credit_card_linked,2024-09-24,active,VALID
sarah2719@upi,cust103000,icici,savings,2025-07-30,active,VALID
brett3104@upi,cust106303,kotak,savings,2023-07-21,active,VALID
mrs.2383@upi,cust106330,sbi,current,2023-02-01,active,VALID
lori7074@upi,cust107066,kotak,current,2024-11-16,active,VALID
eric9109@upi,cust100537,hdfc,savings,2024-07-07,active,VALID
john7843@upi,cust104442,hdfc,savings,2024-10-17,active,VALID
zachary8239@upi,cust107423,pnb,credit_card_linked,2024-03-11,active,VALID
thomas4928@upi,cust108360,pnb,savings,2025-07-09,active,VALID
stacy2485@upi,cust109833,hdfc,credit_card_linked,2024-10-15,active,VALID
adam9005@upi,cust109465,axis,savings,2024-08-14,active,VALID
jeremy6684@upi,cust102202,hdfc,credit_card_linked,2025-07-19,active,VALID
jeremy9036@upi,cust106297,pnb,credit_card_linked,2021-06-05,active,VALID
george4329@upi,cust103910,kotak,current,2022-10-19,suspended,VALID
david1264@upi,cust102043,icici,credit_card_linked,2024-09-16,active,VALID
sarah9534@upi,cust103420,sbi,savings,2025-05-04,active,VALID
jennifer4216@upi,cust100555,sbi,current,2023-11-06,active,VALID
rhonda5167@upi,cust105706,kotak,savings,2024-08-25,active,VALID
jerome3297@upi,cust106476,hdfc,current,2025-03-16,active,VALID
sarah5412@upi,cust101035,pnb,savings,2024-11-05,active,VALID
victor4908@upi,cust102473,pnb,savings,2024-04-13,active,VALID
kerry1508@upi,cust105612,icici,savings,2024-11-25,active,VALID
john3623@upi,cust100971,pnb,savings,2024-06-13,blocked,VALID
samantha6104@upi,cust100591,kotak,savings,2024-02-26,active,VALID
carl9172@upi,cust105181,icici,current,2025-04-01,active,VALID
jessica7237@upi,cust100076,kotak,savings,2024-07-07,active,VALID
jeffrey9454@upi,cust104683,axis,credit_card_linked,2024-12-05,active,VALID
sarah6707@upi,cust101406,hdfc,credit_card_linked,2024-04-27,active,VALID
aaron1526@upi,cust103772,sbi,current,2022-12-31,active,VALID
christopher4217@upi,cust103697,sbi,current,2024-02-02,active,VALID
benjamin9693@upi,cust107766,icici,savings,2025-05-28,active,VALID
timothy7773@upi,cust100794,sbi,current,2023-10-26,active,VALID
charles3636@upi,cust104708,kotak,savings,2023-11-14,active,VALID
robin8544@upi,cust106139,pnb,credit_card_linked,2024-07-27,active,VALID
stephanie6646@upi,cust107429,hdfc,credit_card_linked,2025-01-29,active,VALID
tyler3946@upi,cust101065,icici,credit_card_linked,2024-11-01,active,VALID
kenneth6053@upi,cust100275,icici,credit_card_linked,2023-11-01,active,VALID
marcus2027@upi,cust103444,axis,current,2025-04-12,active,VALID
jillian1903@upi,cust101631,pnb,credit_card_linked,2021-06-21,active,VALID
lisa1002@upi,cust105546,kotak,current,2024-02-06,active,VALID
jasmine1112@upi,cust105201,sbi,savings,2024-12-31,active,VALID
nicholas3288@upi,cust108234,hdfc,current,2024-03-22,active,VALID
james1305@upi,cust105829,icici,credit_card_linked,2025-06-13,active,VALID
daniel7041@upi,cust107595,pnb,savings,2024-09-27,active,VALID
theresa8509@upi,cust107328,icici,current,2023-10-12,active,VALID
diane8905@upi,cust101323,sbi,savings,2025-01-12,active,VALID
jennifer3297@upi,cust109193,hdfc,savings,2023-09-11,suspended,VALID
katherine3126@upi,cust108268,hdfc,credit_card_linked,2025-07-07,active,VALID
robert3819@upi,cust101252,axis,current,2022-05-03,active,VALID
kristen8925@upi,cust102260,sbi,savings,2024-02-26,active,VALID
jeanne9162@upi,cust108013,axis,savings,2023-12-09,active,VALID
james3711@upi,cust108260,kotak,savings,2024-07-13,active,VALID
diane8004@upi,cust109951,icici,savings,2022-07-30,active,VALID
joshua8355@upi,cust100741,kotak,savings,2025-04-05,active,VALID
joseph6653@upi,cust103258,sbi,credit_card_linked,2024-02-10,suspended,VALID
thomas7481@upi,cust109907,axis,savings,2025-01-04,active,VALID
christopher5790@upi,cust101817,hdfc,current,2025-02-24,active,VALID
kevin3838@upi,cust109722,sbi,current,2024-04-29,active,VALID
jeffrey9200@upi,cust107901,pnb,savings,2025-07-23,active,VALID
edward6707@upi,cust102626,icici,savings,2023-05-24,active,VALID
kimberly8340@upi,cust101992,kotak,credit_card_linked,2024-11-16,active,VALID
joe9792@upi,cust108061,icici,savings,2022-07-12,blocked,VALID
matthew7487@upi,cust103303,pnb,credit_card_linked,2022-09-27,active,VALID
regina8539@upi,cust109805,sbi,credit_card_linked,2025-07-29,active,VALID
paul5460@upi,cust102449,hdfc,credit_card_linked,2025-03-07,active,VALID
sheila7029@upi,cust107370,kotak,savings,2025-05-20,active,VALID
andrew6602@upi,cust102764,hdfc,savings,2025-01-05,suspended,VALID
david4013@upi,cust102591,sbi,current,2025-07-19,active,VALID
zachary5630@upi,cust106990,pnb,current,2024-09-24,active,VALID
john5225@upi,cust109867,axis,credit_card_linked,2023-02-08,active,VALID
alexis1988@upi,cust105212,icici,current,2023-01-22,active,VALID
donna9568@upi,cust101618,icici,credit_card_linked,2024-07-25,active,VALID
sonya8312@upi,cust100003,kotak,savings,2021-03-24,active,VALID
micheal1113@upi,cust104734,icici,credit_card_linked,2022-04-03,active,VALID
kimberly8582@upi,cust106266,icici,credit_card_linked,2024-03-16,blocked,VALID
kim4237@upi,cust108694,pnb,credit_card_linked,2022-09-21,active,VALID
stephanie2939@upi,cust105914,hdfc,current,2022-06-29,active,VALID
john6257@upi,cust108069,kotak,credit_card_linked,2025-03-08,active,VALID
susan1022@upi,cust105440,sbi,current,2024-12-26,active,VALID
angela5683@upi,cust104620,kotak,current,2024-07-09,active,VALID
gary3794@upi,cust100954,axis,credit_card_linked,2023-09-23,active,VALID
mark7197@upi,cust100252,kotak,savings,2024-05-09,blocked,VALID
jennifer5456@upi,cust105772,sbi,savings,2025-07-11,active,VALID
terry6456@upi,cust103246,axis,savings,2025-03-01,active,VALID
lindsey1038@upi,cust106154,hdfc,savings,2023-06-06,active,VALID
hailey9392@upi,cust102015,hdfc,current,2025-06-16,active,VALID
valerie4506@upi,cust100545,hdfc,current,2025-06-24,active,VALID
jessica2675@upi,cust108413,sbi,credit_card_linked,2024-01-30,active,VALID
dean1173@upi,cust104951,kotak,credit_card_linked,2024-09-15,active,VALID
shannon1989@upi,cust102486,pnb,current,2023-11-17,suspended,VALID
michael2521@upi,cust105589,kotak,savings,2025-07-08,active,VALID
emily9582@upi,cust107708,icici,savings,2024-04-28,suspended,VALID
daniel1991@upi,cust107958,hdfc,credit_card_linked,2024-10-06,active,VALID
sonya7351@upi,cust100782,icici,credit_card_linked,2022-11-10,active,VALID
jeremy6289@upi,cust101432,icici,savings,2025-07-21,active,VALID
scott1556@upi,cust100346,sbi,savings,2025-04-17,active,VALID
sharon7084@upi,cust101818,hdfc,credit_card_linked,2025-05-15,active,VALID
edward4838@upi,cust108154,kotak,credit_card_linked,2025-05-04,active,VALID
jessica4104@upi,cust100746,kotak,savings,2022-06-05,active,VALID
angie2837@upi,cust103829,axis,credit_card_linked,2025-04-15,active,VALID
mary8520@upi,cust104429,kotak,credit_card_linked,2024-06-19,active,VALID
cathy8641@upi,cust108231,sbi,current,2024-03-04,active,VALID
angie6209@upi,cust103313,sbi,current,2022-06-07,blocked,VALID
justin2629@upi,cust108227,hdfc,credit_card_linked,2025-06-15,active,VALID
kristy6935@upi,cust100070,hdfc,savings,2024-03-21,active,VALID
briana4513@upi,cust102286,sbi,savings,2025-08-04,active,VALID
logan2092@upi,cust106653,hdfc,current,2025-04-24,active,VALID
mr.3908@upi,cust107454,kotak,savings,2024-04-01,active,VALID
julia6000@upi,cust104641,sbi,current,2023-12-02,active,VALID
anthony7926@upi,cust108380,kotak,savings,2024-12-19,active,VALID
barbara7250@upi,cust107749,kotak,current,2022-02-03,active,VALID
jaime8411@upi,cust107534,hdfc,savings,2022-11-14,active,VALID
robert6257@upi,cust105768,pnb,credit_card_linked,2024-01-15,active,VALID
jason7041@upi,cust107121,icici,credit_card_linked,2025-06-22,active,VALID
lynn4701@upi,cust104546,pnb,credit_card_linked,2022-11-19,active,VALID
shelly9969@upi,cust105324,icici,savings,2025-08-02,suspended,VALID
joseph2333@upi,cust102758,sbi,credit_card_linked,2022-11-06,active,VALID
rebecca5144@upi,cust100373,axis,current,2023-11-25,active,VALID
mrs.6937@upi,cust105036,kotak,current,2024-06-16,active,VALID
crystal3162@upi,cust106180,icici,savings,2024-09-01,blocked,VALID
lisa3022@upi,cust100556,hdfc,current,2023-10-19,active,VALID
patricia2888@upi,cust105649,hdfc,current,2023-06-23,active,VALID
stanley8601@upi,cust101799,pnb,current,2024-11-13,active,VALID
johnny4916@upi,cust101040,sbi,credit_card_linked,2025-04-06,active,VALID
jacqueline8135@upi,cust106969,icici,current,2025-03-03,active,VALID
michael3979@upi,cust109452,hdfc,current,2024-05-10,active,VALID
michael9604@upi,cust102097,icici,credit_card_linked,2024-12-10,active,VALID
shawn3322@upi,cust105367,kotak,savings,2024-04-15,active,VALID
kelly5430@upi,cust109717,hdfc,current,2025-05-02,active,VALID
kari7828@upi,cust101937,hdfc,credit_card_linked,2025-06-18,active,VALID
richard9866@upi,cust108325,icici,savings,2022-09-30,active,VALID
joseph1867@upi,cust105255,icici,savings,2022-10-25,active,VALID
nicolas5376@upi,cust102846,sbi,savings,2024-05-30,active,VALID
lisa1034@upi,cust107242,icici,savings,2022-05-11,active,VALID
ricky3366@upi,cust108829,hdfc,savings,2025-07-23,active,VALID
andrew2416@upi,cust108554,pnb,savings,2023-04-06,active,VALID
samuel3428@upi,cust106457,axis,current,2024-08-15,active,VALID
darius9322@upi,cust105693,sbi,credit_card_linked,2024-03-26,active,VALID
steven9259@upi,cust104711,icici,current,2025-07-01,active,VALID
mary1075@upi,cust102533,hdfc,credit_card_linked,2025-03-08,active,VALID
devon4919@upi,cust106127,hdfc,savings,2021-08-24,active,VALID
dr.8396@upi,cust101155,hdfc,current,2025-02-15,blocked,VALID
jesse5701@upi,cust100143,sbi,credit_card_linked,2021-12-31,active,VALID
joseph2815@upi,cust101936,icici,savings,2023-09-24,active,VALID
molly4886@upi,cust102474,kotak,credit_card_linked,2025-07-18,active,VALID
carrie3696@upi,cust109166,sbi,credit_card_linked,2024-01-26,active,VALID
brittany9859@upi,cust109662,hdfc,current,2024-12-31,active,VALID
marcus4034@upi,cust104921,axis,credit_card_linked,2023-02-06,blocked,VALID
donald5653@upi,cust106140,hdfc,credit_card_linked,2024-07-05,active,VALID
pamela9028@upi,cust108447,kotak,credit_card_linked,2025-05-30,active,VALID
bill7623@upi,cust108958,icici,current,2021-10-06,active,VALID
thomas4858@upi,cust100338,kotak,savings,2024-05-25,active,VALID
robin6084@upi,cust101269,icici,savings,2022-07-03,suspended,VALID
vanessa3711@upi,cust104047,pnb,current,2024-06-12,active,VALID
denise4426@upi,cust106777,sbi,credit_card_linked,2022-11-01,active,VALID
megan6953@upi,cust100278,axis,savings,2023-01-01,active,VALID
samuel9165@upi,cust102726,hdfc,savings,2024-02-22,active,VALID
haley5238@upi,cust101136,sbi,current,2024-02-29,active,VALID
kelly5057@upi,cust106129,axis,current,2022-08-19,suspended,VALID
terry7787@upi,cust103734,axis,current,2023-03-09,active,VALID
john1235@upi,cust104956,axis,savings,2025-07-25,active,VALID
daniel3023@upi,cust106073,sbi,credit_card_linked,2021-10-27,active,VALID
nicole1309@upi,cust101314,hdfc,current,2022-07-02,active,VALID
alyssa6651@upi,cust108017,icici,credit_card_linked,2022-01-23,active,VALID
crystal5852@upi,cust100847,pnb,credit_card_linked,2024-06-02,active,VALID
emily7272@upi,cust107322,icici,credit_card_linked,2025-06-01,active,VALID
robert7850@upi,cust107584,sbi,savings,2025-06-01,blocked,VALID
krista7374@upi,cust100007,hdfc,savings,2023-12-30,active,VALID
sarah7210@upi,cust100626,pnb,credit_card_linked,2024-05-19,active,VALID
tiffany1346@upi,cust102892,kotak,current,2024-12-01,active,VALID
christina6519@upi,cust105224,hdfc,credit_card_linked,2024-08-15,active,VALID
david8779@upi,cust101837,axis,current,2021-07-21,active,VALID
brian2056@upi,cust109797,icici,savings,2024-08-18,active,VALID
timothy6587@upi,cust100238,hdfc,current,2023-07-08,active,VALID
rachael5800@upi,cust100015,pnb,credit_card_linked,2024-03-03,active,VALID
alexander3640@upi,cust101780,hdfc,credit_card_linked,2022-09-22,active,VALID
rachael6784@upi,cust100697,icici,savings,2022-07-16,active,VALID
dale7549@upi,cust101675,icici,credit_card_linked,2025-05-07,active,VALID
katelyn4890@upi,cust104006,icici,savings,2022-04-10,active,VALID
aaron7918@upi,cust100108,axis,savings,2023-08-13,active,VALID
rebecca5273@upi,cust107021,hdfc,savings,2024-10-24,active,VALID
amanda9163@upi,cust100451,pnb,credit_card_linked,2025-07-28,active,VALID
miguel7585@upi,cust109292,sbi,credit_card_linked,2023-08-10,active,VALID
christian5055@upi,cust102137,axis,current,2024-02-18,active,VALID
michael9031@upi,cust108328,kotak,savings,2025-04-07,active,VALID
christopher4157@upi,cust101476,axis,current,2024-06-29,active,VALID
richard5933@upi,cust103071,axis,credit_card_linked,2025-06-24,active,VALID
emily7655@upi,cust109862,kotak,credit_card_linked,2025-08-02,active,VALID
danielle6218@upi,cust100945,kotak,current,2024-09-30,active,VALID
logan3591@upi,cust105032,hdfc,savings,2025-07-31,active,VALID
melissa8462@upi,cust106408,pnb,savings,2025-03-15,active,VALID
jonathan7274@upi,cust109437,hdfc,current,2024-06-27,suspended,VALID
anthony1946@upi,cust102306,icici,credit_card_linked,2025-07-22,active,VALID
ashlee3694@upi,cust105547,kotak,current,2025-02-24,active,VALID
veronica8285@upi,cust107988,kotak,savings,2025-06-05,active,VALID
briana3331@upi,cust105355,kotak,credit_card_linked,2024-12-30,active,VALID
monica3562@upi,cust100529,hdfc,savings,2023-09-03,active,VALID
travis6477@upi,cust109216,axis,savings,2025-07-15,active,VALID
terry3865@upi,cust107253,hdfc,current,2024-01-29,active,VALID
daniel4147@upi,cust107404,sbi,credit_card_linked,2025-04-11,active,VALID
bryan9581@upi,cust103576,pnb,credit_card_linked,2025-07-14,active,VALID
olivia9308@upi,cust106752,axis,savings,2023-12-20,active,VALID
robert3247@upi,cust105602,hdfc,current,2025-01-05,active,VALID
dylan4448@upi,cust108129,pnb,savings,2025-03-08,blocked,VALID
diane9516@upi,cust104105,pnb,credit_card_linked,2024-05-02,blocked,VALID
angela1122@upi,cust107080,icici,credit_card_linked,2024-10-15,active,VALID
justin4862@upi,cust109650,icici,credit_card_linked,2023-12-04,active,VALID
tony7035@upi,cust106794,axis,current,2022-06-08,active,VALID
edward4912@upi,cust101353,icici,savings,2024-06-24,active,VALID
james4992@upi,cust100540,icici,credit_card_linked,2023-12-23,active,VALID
mark6439@upi,cust101897,pnb,savings,2024-09-08,active,VALID
bradley2481@upi,cust104183,kotak,credit_card_linked,2024-10-31,active,VALID
jared2567@upi,cust101294,icici,savings,2023-11-16,blocked,VALID
brandon1078@upi,cust105672,icici,savings,2025-06-10,active,VALID
kyle4111@upi,cust108039,pnb,current,2025-06-01,active,VALID
deanna6173@upi,cust107416,sbi,savings,2025-06-08,active,VALID
rebecca2930@upi,cust105299,pnb,savings,2023-10-15,active,VALID
erica2185@upi,cust108824,pnb,current,2025-08-01,active,VALID
robert2277@upi,cust105768,axis,savings,2023-07-28,active,VALID
jessica2577@upi,cust105240,axis,credit_card_linked,2025-04-23,blocked,VALID
elizabeth7984@upi,cust107822,icici,current,2025-05-06,active,VALID
danielle8932@upi,cust103511,kotak,current,2024-10-12,active,VALID
melissa4967@upi,cust102995,pnb,savings,2024-01-07,active,VALID
james6538@upi,cust100400,kotak,current,2021-07-17,active,VALID
andrea6380@upi,cust107943,axis,savings,2024-07-27,active,VALID
william9357@upi,cust106824,pnb,current,2023-06-14,active,VALID
victor4018@upi,cust104845,icici,current,2024-12-20,active,VALID
jason3553@upi,cust108640,kotak,savings,2024-11-19,active,VALID
brenda1889@upi,cust105852,hdfc,current,2024-05-21,active,VALID
james6772@upi,cust100982,icici,savings,2022-03-20,active,VALID
ernest7093@upi,cust102460,pnb,savings,2025-04-11,blocked,VALID
sue4526@upi,cust107470,icici,credit_card_linked,2022-08-06,active,VALID
mary4297@upi,cust109569,axis,credit_card_linked,2022-07-24,active,VALID
amber5302@upi,cust103220,icici,credit_card_linked,2023-04-14,suspended,VALID
michael7760@upi,cust101322,axis,credit_card_linked,2025-05-25,active,VALID
charles2185@upi,cust100915,axis,savings,2025-01-26,active,VALID
matthew7672@upi,cust100776,axis,current,2024-03-28,active,VALID
calvin4985@upi,cust102081,sbi,current,2025-03-24,active,VALID
sydney3315@upi,cust107529,sbi,current,2024-02-08,active,VALID
brian4895@upi,cust104423,sbi,credit_card_linked,2024-11-22,active,VALID
angela8155@upi,cust107334,hdfc,savings,2024-11-27,active,VALID
nicole5171@upi,cust109425,hdfc,current,2023-08-18,active,VALID
jared6998@upi,cust106521,kotak,current,2022-10-03,active,VALID
emily8680@upi,cust108892,axis,current,2023-10-06,active,VALID
vanessa3066@upi,cust109032,pnb,savings,2021-09-07,active,VALID
morgan3803@upi,cust105901,sbi,savings,2025-07-28,active,VALID
elizabeth1031@upi,cust101676,sbi,credit_card_linked,2024-08-03,active,VALID
sergio4400@upi,cust108028,icici,current,2024-02-29,blocked,VALID
sherry5144@upi,cust102195,sbi,current,2024-11-14,active,VALID
thomas9335@upi,cust108776,axis,savings,2024-10-09,active,VALID
jacob1758@upi,cust102647,hdfc,credit_card_linked,2022-12-26,active,VALID
elaine7030@upi,cust108918,pnb,credit_card_linked,2024-06-28,active,VALID
kim6158@upi,cust108148,axis,current,2023-11-02,active,VALID
shannon5371@upi,cust107480,kotak,savings,2023-04-14,active,VALID
kimberly1059@upi,cust102650,icici,current,2022-07-25,active,VALID
ann7927@upi,cust101682,pnb,current,2024-12-23,active,VALID
jennifer6877@upi,cust105772,sbi,current,2024-06-06,suspended,VALID
steven6650@upi,cust106593,sbi,savings,2025-07-08,active,VALID
robert8865@upi,cust109349,axis,current,2024-09-14,active,VALID
kimberly3125@upi,cust100056,hdfc,current,2023-10-13,active,VALID
keith5414@upi,cust106470,axis,current,2025-08-05,active,VALID
curtis5892@upi,cust105308,hdfc,savings,2023-06-27,active,VALID
julian7530@upi,cust104365,sbi,credit_card_linked,2024-07-15,active,VALID
matthew9863@upi,cust101997,axis,credit_card_linked,2025-07-18,active,VALID
peggy4624@upi,cust103408,axis,credit_card_linked,2025-02-19,active,VALID
virginia6366@upi,cust102811,axis,savings,2024-03-14,active,VALID
donna3706@upi,cust108574,sbi,current,2024-11-20,active,VALID
maria6640@upi,cust100848,sbi,current,2025-07-26,active,VALID
glenda9500@upi,cust108286,hdfc,credit_card_linked,2025-04-12,blocked,VALID
katelyn1355@upi,cust105416,sbi,credit_card_linked,2023-07-31,active,VALID
mr.7026@upi,cust107734,hdfc,credit_card_linked,2024-03-17,active,VALID
wendy1418@upi,cust102354,hdfc,credit_card_linked,2023-05-06,active,VALID
kimberly5086@upi,cust103802,pnb,savings,2023-12-02,active,VALID
colleen3665@upi,cust105930,axis,current,2024-09-13,active,VALID
mr.2781@upi,cust102982,sbi,current,2025-05-08,active,VALID
joshua2741@upi,cust108356,kotak,savings,2023-08-30,active,VALID
justin8697@upi,cust106729,hdfc,savings,2024-08-30,suspended,VALID
ronald5668@upi,cust107665,axis,current,2025-02-04,active,VALID
michael4774@upi,cust107040,hdfc,savings,2025-04-19,active,VALID
dennis7290@upi,cust101318,hdfc,credit_card_linked,2023-06-30,active,VALID
virginia3245@upi,cust105734,axis,credit_card_linked,2022-06-24,active,VALID
william4506@upi,cust108580,axis,current,2025-04-12,active,VALID
katherine3012@upi,cust107656,icici,current,2024-08-27,active,VALID
brooke1681@upi,cust101306,hdfc,current,2024-05-06,active,VALID
amanda4154@upi,cust101653,icici,credit_card_linked,2023-11-10,active,VALID
tammy9427@upi,cust105103,axis,savings,2025-05-08,active,VALID
sharon6616@upi,cust101818,icici,savings,2024-09-03,active,VALID
michael6441@upi,cust106977,hdfc,savings,2024-07-13,active,VALID
frank8298@upi,cust107250,kotak,credit_card_linked,2024-03-18,active,VALID
allison1076@upi,cust103670,pnb,savings,2024-10-15,active,VALID
sara7338@upi,cust106974,sbi,savings,2022-09-14,active,VALID
janet5483@upi,cust107197,axis,savings,2024-12-09,active,VALID
kenneth1135@upi,cust103302,kotak,current,2024-04-27,active,VALID
heather5517@upi,cust108938,kotak,current,2024-09-29,active,VALID
lindsey4397@upi,cust106154,sbi,credit_card_linked,2024-08-18,active,VALID
brent7400@upi,cust100430,hdfc,current,2025-06-19,active,VALID
stephen3745@upi,cust105632,icici,current,2025-05-11,active,VALID
victoria6898@upi,cust101596,sbi,credit_card_linked,2024-12-15,active,VALID
sarah2295@upi,cust108857,axis,credit_card_linked,2023-10-15,active,VALID
jeanette7880@upi,cust105462,icici,current,2024-01-29,active,VALID
jordan2355@upi,cust109860,icici,savings,2022-05-10,active,VALID
michael1545@upi,cust103581,kotak,credit_card_linked,2024-03-14,active,VALID
stephanie7481@upi,cust104263,pnb,savings,2024-12-15,active,VALID
christopher2679@upi,cust101858,kotak,savings,2024-12-05,active,VALID
valerie6888@upi,cust103367,sbi,current,2024-09-08,active,VALID
jordan2305@upi,cust100604,axis,current,2025-06-02,active,VALID
jessica2582@upi,cust109779,icici,credit_card_linked,2024-10-13,active,VALID
dorothy5635@upi,cust104162,kotak,credit_card_linked,2024-09-03,active,VALID
jocelyn9340@upi,cust108678,hdfc,credit_card_linked,2021-11-09,active,VALID
connie2138@upi,cust104277,axis,current,2025-06-07,active,VALID
bryan7702@upi,cust100441,sbi,credit_card_linked,2024-04-26,active,VALID
benjamin1251@upi,cust107766,icici,credit_card_linked,2024-10-30,active,VALID
jason9632@upi,cust106108,kotak,savings,2025-07-31,active,VALID
gregory5184@upi,cust104208,sbi,credit_card_linked,2025-06-08,suspended,VALID
robert2728@upi,cust105941,kotak,savings,2022-01-05,active,VALID
phyllis1929@upi,cust100551,hdfc,credit_card_linked,2025-07-26,active,VALID
kathryn9783@upi,cust103234,axis,savings,2024-12-14,suspended,VALID
jordan3050@upi,cust109860,icici,savings,2025-07-28,active,VALID
rhonda1713@upi,cust102561,icici,current,2024-07-24,active,VALID
jessica3010@upi,cust100822,pnb,credit_card_linked,2025-03-11,active,VALID
benjamin2977@upi,cust101265,sbi,current,2024-12-06,blocked,VALID
bobby8087@upi,cust105165,icici,current,2025-06-20,active,VALID
clarence9219@upi,cust104189,hdfc,credit_card_linked,2025-06-11,active,VALID
lindsey6950@upi,cust105474,pnb,savings,2025-07-25,active,VALID
edwin8542@upi,cust102837,axis,savings,2023-09-10,active,VALID
vanessa6067@upi,cust107916,sbi,credit_card_linked,2024-02-08,active,VALID
lindsey9256@upi,cust102028,icici,credit_card_linked,2024-07-02,active,VALID
joseph5605@upi,cust106178,kotak,credit_card_linked,2023-07-08,active,VALID
nicole8315@upi,cust107301,sbi,credit_card_linked,2023-02-10,active,VALID
lori1487@upi,cust107563,icici,savings,2024-10-01,active,VALID
daniel5275@upi,cust102627,pnb,savings,2024-11-24,active,VALID
philip7988@upi,cust102891,pnb,savings,2025-05-23,active,VALID
alicia7187@upi,cust107112,icici,current,2024-02-17,active,VALID
eric1416@upi,cust103988,sbi,credit_card_linked,2022-04-19,active,VALID
robert6831@upi,cust101487,kotak,savings,2023-05-17,active,VALID
jamie3987@upi,cust101377,axis,savings,2024-10-27,active,VALID
jamie6074@upi,cust103238,sbi,current,2025-07-20,active,VALID
lisa4182@upi,cust108899,icici,current,2025-07-20,active,VALID
shelley7577@upi,cust107430,icici,current,2021-11-20,active,VALID
sonya3039@upi,cust100782,hdfc,savings,2025-04-04,active,VALID
michelle9092@upi,cust106607,hdfc,credit_card_linked,2021-10-16,active,VALID
timothy4041@upi,cust103880,pnb,credit_card_linked,2023-04-26,suspended,VALID
ryan2316@upi,cust106149,kotak,current,2025-02-26,active,VALID
mrs.1829@upi,cust102421,icici,credit_card_linked,2024-07-29,active,VALID
edgar2119@upi,cust102762,icici,savings,2025-08-03,active,VALID
jackson6323@upi,cust108128,sbi,current,2024-02-07,active,VALID
brianna3360@upi,cust107681,icici,credit_card_linked,2025-02-11,active,VALID
nicole1232@upi,cust102471,kotak,credit_card_linked,2024-06-21,active,VALID
william2113@upi,cust107268,kotak,savings,2024-02-04,active,VALID
andrew3830@upi,cust102511,icici,credit_card_linked,2023-02-27,active,VALID
andrew9315@upi,cust103817,hdfc,savings,2024-11-25,suspended,VALID
angel2619@upi,cust102636,sbi,current,2023-07-24,active,VALID
regina4578@upi,cust105798,pnb,current,2024-06-17,active,VALID
joshua1886@upi,cust105701,icici,current,2022-04-17,active,VALID
hannah5438@upi,cust105966,icici,current,2024-07-11,active,VALID
nicole3340@upi,cust107717,icici,savings,2023-12-04,active,VALID
keith9934@upi,cust107507,sbi,savings,2025-06-28,active,VALID
michelle4860@upi,cust105023,hdfc,credit_card_linked,2025-07-21,blocked,VALID
richard5362@upi,cust100412,axis,savings,2021-07-01,blocked,VALID
brandon6793@upi,cust107323,pnb,savings,2023-01-03,active,VALID
shawn1826@upi,cust100947,pnb,current,2025-05-20,suspended,VALID
scott9610@upi,cust102407,icici,savings,2022-09-30,active,VALID
ashley5579@upi,cust101838,sbi,current,2022-07-14,active,VALID
peter2297@upi,cust105305,icici,credit_card_linked,2024-08-19,active,VALID
james2831@upi,cust109242,icici,credit_card_linked,2024-03-09,active,VALID
christopher1875@upi,cust108810,axis,savings,2024-09-16,active,VALID
karen7350@upi,cust104938,icici,current,2025-06-16,active,VALID
christopher1243@upi,cust100008,icici,credit_card_linked,2024-04-09,active,VALID
lindsey8409@upi,cust107102,pnb,current,2025-01-26,active,VALID
elizabeth3378@upi,cust103833,icici,current,2025-06-23,active,VALID
matthew7344@upi,cust103587,axis,credit_card_linked,2025-04-20,active,VALID
susan5833@upi,cust106234,axis,current,2023-03-02,active,VALID
michael7033@upi,cust107086,pnb,savings,2024-01-30,active,VALID
alice4085@upi,cust105869,icici,credit_card_linked,2022-09-28,active,VALID
mary6068@upi,cust101083,kotak,savings,2025-07-30,active,VALID
christina4438@upi,cust106564,hdfc,savings,2024-07-11,active,VALID
tricia2367@upi,cust108483,pnb,credit_card_linked,2025-02-03,active,VALID
vincent2703@upi,cust108840,axis,credit_card_linked,2025-05-19,active,VALID
derrick5448@upi,cust109041,icici,credit_card_linked,2024-07-24,active,VALID
mark8123@upi,cust105198,axis,savings,2025-04-21,active,VALID
ryan2639@upi,cust100265,pnb,credit_card_linked,2025-07-20,active,VALID
thomas3982@upi,cust101939,axis,savings,2025-06-23,active,VALID
danielle1096@upi,cust109714,icici,savings,2023-08-14,active,VALID
shannon2327@upi,cust100968,kotak,credit_card_linked,2021-11-19,active,VALID
andrea6983@upi,cust103785,sbi,credit_card_linked,2023-04-03,active,VALID
debra9428@upi,cust108435,pnb,savings,2025-06-27,active,VALID
jason8649@upi,cust102654,kotak,current,2023-05-28,active,VALID
ian3611@upi,cust102743,sbi,savings,2025-07-14,active,VALID
bridget1467@upi,cust104033,icici,savings,2022-11-28,active,VALID
jennifer5960@upi,cust102830,icici,credit_card_linked,2024-11-08,active,VALID
daniel3621@upi,cust103360,pnb,credit_card_linked,2022-02-16,active,VALID
chloe4958@upi,cust100166,hdfc,credit_card_linked,2024-04-08,active,VALID
matthew5298@upi,cust103206,kotak,current,2025-07-25,active,VALID
ross5902@upi,cust100640,sbi,savings,2025-05-01,active,VALID
eric7313@upi,cust105306,kotak,current,2025-05-24,active,VALID
andrew8775@upi,cust109584,kotak,savings,2023-03-10,active,VALID
dustin7091@upi,cust104774,kotak,credit_card_linked,2024-08-31,active,VALID
jose9383@upi,cust105121,kotak,savings,2023-04-24,active,VALID
michele6971@upi,cust106255,icici,savings,2024-12-17,active,VALID
erin3285@upi,cust100841,axis,current,2025-04-27,active,VALID
jason9081@upi,cust105799,axis,credit_card_linked,2024-05-28,active,VALID
jennifer2467@upi,cust100175,axis,savings,2023-06-11,active,VALID
cory4614@upi,cust101887,icici,credit_card_linked,2025-01-25,active,VALID
robert7625@upi,cust102819,hdfc,savings,2024-10-28,active,VALID
steven4260@upi,cust104200,axis,savings,2024-02-08,blocked,VALID
william5008@upi,cust102402,pnb,current,2024-01-04,active,VALID
denise1897@upi,cust101366,axis,credit_card_linked,2021-12-23,active,VALID
brenda4287@upi,cust106445,icici,credit_card_linked,2024-10-12,active,VALID
ashley8738@upi,cust108344,hdfc,credit_card_linked,2022-04-19,active,VALID
craig7849@upi,cust106856,kotak,savings,2025-07-19,active,VALID
michael8820@upi,cust101884,pnb,savings,2023-09-18,active,VALID
laura8559@upi,cust109111,kotak,current,2025-03-19,active,VALID
michael4090@upi,cust102276,icici,current,2025-03-21,active,VALID
cindy8875@upi,cust105627,icici,savings,2023-12-15,active,VALID
maria9316@upi,cust104810,pnb,savings,2023-05-22,active,VALID
charles5798@upi,cust102950,pnb,credit_card_linked,2025-07-18,active,VALID
justin6376@upi,cust106279,kotak,savings,2024-09-20,active,VALID
kimberly6774@upi,cust103745,icici,savings,2025-08-05,active,VALID
marc7157@upi,cust102221,pnb,credit_card_linked,2024-03-28,active,VALID
renee8077@upi,cust105842,icici,savings,2024-01-14,active,VALID
sharon9319@upi,cust102075,sbi,credit_card_linked,2024-10-02,active,VALID
carla9324@upi,cust100480,axis,current,2025-06-23,active,VALID
calvin2434@upi,cust104157,axis,savings,2024-06-26,active,VALID
mary5059@upi,cust102468,sbi,savings,2024-07-09,active,VALID
maurice3977@upi,cust104762,pnb,current,2025-03-09,active,VALID
dale9451@upi,cust101785,sbi,current,2023-03-14,active,VALID
abigail5199@upi,cust109209,kotak,savings,2025-07-25,active,VALID
daniel2031@upi,cust102905,kotak,credit_card_linked,2025-06-08,active,VALID
kelly2360@upi,cust109048,axis,credit_card_linked,2024-11-06,active,VALID
melanie5949@upi,cust101307,axis,credit_card_linked,2025-01-17,active,VALID
mary6103@upi,cust107345,icici,savings,2023-11-17,active,VALID
claudia5198@upi,cust104910,axis,savings,2024-10-29,active,VALID
joshua1717@upi,cust100742,hdfc,credit_card_linked,2025-03-07,active,VALID
darryl6866@upi,cust101433,pnb,current,2023-01-14,active,VALID
michael7347@upi,cust109570,axis,current,2025-08-01,suspended,VALID
theresa1452@upi,cust105110,kotak,savings,2025-03-05,active,VALID
brian4750@upi,cust106671,pnb,credit_card_linked,2025-04-29,active,VALID
vincent5527@upi,cust106331,pnb,credit_card_linked,2025-07-04,active,VALID
samantha1677@upi,cust103346,hdfc,savings,2025-04-22,active,VALID
robin4432@upi,cust108529,icici,savings,2024-11-29,active,VALID
john9098@upi,cust101865,icici,savings,2023-09-12,active,VALID
matthew7824@upi,cust102074,axis,current,2022-12-11,active,VALID
william7187@upi,cust107688,kotak,current,2025-05-15,active,VALID
vincent2765@upi,cust105524,sbi,current,2024-03-05,active,VALID
madeline5237@upi,cust104498,sbi,credit_card_linked,2025-05-05,active,VALID
jason7531@upi,cust104990,hdfc,credit_card_linked,2024-01-10,active,VALID
stanley7780@upi,cust108650,axis,credit_card_linked,2024-08-14,active,VALID
deanna6575@upi,cust101028,kotak,credit_card_linked,2024-10-25,active,VALID
peter4261@upi,cust105305,sbi,current,2024-05-09,active,VALID
nicole9691@upi,cust102177,sbi,credit_card_linked,2025-06-19,suspended,VALID
natalie9405@upi,cust103702,sbi,current,2025-08-02,active,VALID
judy5002@upi,cust109314,axis,current,2023-08-21,suspended,VALID
kayla5342@upi,cust109723,hdfc,credit_card_linked,2025-03-05,active,VALID
james1517@upi,cust102834,icici,current,2024-10-13,active,VALID
diane7264@upi,cust107614,sbi,current,2024-02-13,active,VALID
roger5008@upi,cust106785,kotak,credit_card_linked,2025-04-06,active,VALID
mrs.9672@upi,cust106330,pnb,current,2023-09-23,active,VALID
christopher4934@upi,cust106606,axis,current,2024-05-01,suspended,VALID
pamela6891@upi,cust108018,icici,savings,2022-05-29,active,VALID
bryan7921@upi,cust106596,axis,credit_card_linked,2025-03-05,active,VALID
brianna7875@upi,cust109246,icici,credit_card_linked,2024-01-20,active,VALID
joseph4867@upi,cust101254,sbi,savings,2024-02-09,active,VALID
brandon6105@upi,cust107327,hdfc,current,2023-12-26,active,VALID
jesse4959@upi,cust109545,pnb,current,2025-07-27,active,VALID
jennifer7015@upi,cust101774,pnb,savings,2024-06-01,active,VALID
jared4240@upi,cust104388,hdfc,current,2021-08-19,active,VALID
john9937@upi,cust103023,kotak,current,2025-06-20,active,VALID
johnny7463@upi,cust107842,icici,savings,2024-12-23,active,VALID
zachary8853@upi,cust109485,pnb,credit_card_linked,2024-10-29,active,VALID
carla6946@upi,cust109502,kotak,credit_card_linked,2025-06-08,active,VALID
robert2679@upi,cust101650,hdfc,current,2024-08-21,active,VALID
kristin6215@upi,cust108408,pnb,current,2025-03-15,active,VALID
mary3201@upi,cust108200,icici,credit_card_linked,2025-03-13,active,VALID
diana6489@upi,cust104992,pnb,savings,2025-07-10,active,VALID
robert1461@upi,cust107690,kotak,credit_card_linked,2024-07-20,active,VALID
melissa1480@upi,cust103182,kotak,credit_card_linked,2025-03-11,active,VALID
melanie2194@upi,cust105283,kotak,savings,2024-11-18,active,VALID
johnathan6890@upi,cust100444,hdfc,current,2022-10-12,active,VALID
amanda8644@upi,cust104534,icici,credit_card_linked,2024-02-02,active,VALID
matthew7166@upi,cust103194,pnb,current,2025-07-23,active,VALID
brandon2469@upi,cust107799,sbi,credit_card_linked,2024-09-06,active,VALID
mrs.8871@upi,cust103757,axis,savings,2024-10-29,active,VALID
anna7062@upi,cust106263,kotak,savings,2022-10-10,active,VALID
jennifer7831@upi,cust102912,axis,current,2024-09-02,active,VALID
william5816@upi,cust100149,icici,credit_card_linked,2024-10-16,active,VALID
donald5453@upi,cust108345,pnb,credit_card_linked,2024-10-08,active,VALID
adrian9115@upi,cust105564,hdfc,credit_card_linked,2025-07-26,active,VALID
john2439@upi,cust109575,pnb,savings,2023-08-31,active,VALID
mr.4872@upi,cust105532,axis,savings,2023-11-02,active,VALID
cassandra2761@upi,cust101131,sbi,savings,2021-10-29,active,VALID
molly6986@upi,cust109693,axis,savings,2022-01-16,active,VALID
evan2851@upi,cust105878,hdfc,savings,2024-06-16,active,VALID
nicole1569@upi,cust102471,icici,savings,2025-05-20,active,VALID
patricia3303@upi,cust108513,kotak,savings,2024-11-28,active,VALID
david3024@upi,cust108990,kotak,savings,2025-07-20,active,VALID
tammie3638@upi,cust108805,sbi,savings,2024-03-16,active,VALID
gregory5259@upi,cust104208,kotak,savings,2022-08-30,active,VALID
patrick9372@upi,cust108443,kotak,savings,2024-09-08,active,VALID
jonathan2945@upi,cust101876,hdfc,credit_card_linked,2024-01-09,active,VALID
jason5599@upi,cust109843,hdfc,current,2025-06-14,active,VALID
amanda6303@upi,cust102428,sbi,current,2023-06-12,active,VALID
jose1563@upi,cust101480,axis,current,2025-01-20,active,VALID
stephen8588@upi,cust107617,pnb,credit_card_linked,2021-04-10,active,VALID
dean7987@upi,cust106416,axis,current,2025-03-12,blocked,VALID
rebecca2491@upi,cust101150,kotak,credit_card_linked,2023-10-27,active,VALID
john6890@upi,cust106520,icici,current,2024-08-09,active,VALID
natalie3170@upi,cust108634,pnb,savings,2021-06-16,active,VALID
kristen3573@upi,cust104227,hdfc,savings,2025-07-06,suspended,VALID
rebecca1790@upi,cust107540,axis,savings,2025-02-21,active,VALID
zachary1793@upi,cust106788,axis,credit_card_linked,2024-12-04,active,VALID
denise2285@upi,cust103179,sbi,credit_card_linked,2024-01-24,active,VALID
april3813@upi,cust109976,axis,savings,2023-07-21,active,VALID
kevin7854@upi,cust106838,axis,savings,2023-04-19,active,VALID
benjamin6506@upi,cust102219,pnb,current,2021-05-20,active,VALID
robert7640@upi,cust102549,pnb,savings,2024-06-23,active,VALID
todd9264@upi,cust109211,hdfc,savings,2025-03-06,active,VALID
miss8740@upi,cust105289,icici,current,2024-06-25,active,VALID
sarah8469@upi,cust108482,sbi,current,2024-03-24,active,VALID
michael7547@upi,cust107024,axis,current,2024-03-01,active,VALID
edward9455@upi,cust101742,icici,current,2025-06-16,active,VALID
samantha7076@upi,cust103032,pnb,savings,2021-06-17,active,VALID
cassidy7520@upi,cust103317,pnb,savings,2025-02-08,active,VALID
gabriela9376@upi,cust106202,hdfc,current,2022-11-17,active,VALID
jill1311@upi,cust100437,axis,current,2024-09-14,active,VALID
beth9406@upi,cust106749,hdfc,savings,2023-06-02,active,VALID
gina8638@upi,cust104995,sbi,credit_card_linked,2023-07-25,active,VALID
lauren4851@upi,cust105115,axis,savings,2025-07-13,active,VALID
elizabeth2586@upi,cust101429,hdfc,credit_card_linked,2023-11-30,active,VALID
lori2738@upi,cust107903,kotak,savings,2025-07-02,active,VALID
anna8433@upi,cust104547,axis,current,2024-12-25,active,VALID
robert9477@upi,cust105809,pnb,current,2024-03-31,active,VALID
lisa8532@upi,cust102337,sbi,current,2023-10-07,active,VALID
alexander3241@upi,cust100939,axis,credit_card_linked,2025-01-11,active,VALID
dana9202@upi,cust109098,hdfc,credit_card_linked,2024-05-22,active,VALID
jacqueline9894@upi,cust103222,hdfc,savings,2022-10-28,active,VALID
gabriel1859@upi,cust109289,axis,current,2021-11-27,active,VALID
marcia6510@upi,cust101870,axis,savings,2025-05-06,active,VALID
michele6795@upi,cust104141,icici,credit_card_linked,2025-04-15,active,VALID
mark3136@upi,cust104303,sbi,savings,2024-12-13,active,VALID
amanda9844@upi,cust108045,sbi,credit_card_linked,2023-08-05,active,VALID
grant7660@upi,cust100344,hdfc,savings,2025-03-23,active,VALID
billy9504@upi,cust101707,pnb,credit_card_linked,2025-06-30,active,VALID
steven7569@upi,cust104645,kotak,savings,2023-05-13,active,VALID
james8249@upi,cust100179,sbi,current,2023-08-05,active,VALID
jennifer5526@upi,cust109754,kotak,current,2024-02-07,active,VALID
dana2185@upi,cust103607,icici,current,2023-10-08,suspended,VALID
jeffrey3991@upi,cust109969,kotak,savings,2025-08-04,active,VALID
eric5626@upi,cust104974,hdfc,credit_card_linked,2024-04-05,active,VALID
charles5966@upi,cust107930,pnb,savings,2025-06-18,active,VALID
jeffrey8859@upi,cust102374,icici,savings,2024-12-14,active,VALID
catherine7492@upi,cust102356,kotak,current,2025-07-01,active,VALID
holly5084@upi,cust109267,icici,current,2025-05-24,active,VALID
michael4835@upi,cust104685,pnb,savings,2023-04-15,active,VALID
daniel7794@upi,cust102884,hdfc,savings,2025-04-18,active,VALID
mary1529@upi,cust109187,hdfc,savings,2024-05-01,blocked,VALID
ronald8711@upi,cust103560,pnb,credit_card_linked,2023-03-30,active,VALID
julie7740@upi,cust105633,hdfc,credit_card_linked,2024-12-08,active,VALID
jennifer5959@upi,cust106822,icici,credit_card_linked,2025-07-14,active,VALID
jacqueline5826@upi,cust109818,pnb,credit_card_linked,2022-09-17,active,VALID
terry3044@upi,cust100435,axis,savings,2025-03-24,active,VALID
lindsey3962@upi,cust102028,axis,savings,2025-07-03,blocked,VALID
oscar8649@upi,cust104400,axis,current,2025-05-05,suspended,VALID
mrs.4411@upi,cust105199,sbi,credit_card_linked,2024-10-17,active,VALID
patricia3457@upi,cust104582,hdfc,credit_card_linked,2023-12-21,active,VALID
mrs.1591@upi,cust109501,axis,credit_card_linked,2023-08-13,blocked,VALID
john2046@upi,cust103224,axis,credit_card_linked,2022-07-11,active,VALID
david6315@upi,cust103304,axis,current,2023-07-14,active,VALID
heather7021@upi,cust102723,icici,current,2025-04-27,active,VALID
antonio9781@upi,cust106286,icici,current,2025-01-21,active,VALID
aaron9251@upi,cust108237,icici,current,2023-05-09,active,VALID
cindy5188@upi,cust107658,hdfc,credit_card_linked,2025-06-25,active,VALID
kayla4430@upi,cust107333,pnb,savings,2025-03-16,active,VALID
ronald4343@upi,cust104117,sbi,credit_card_linked,2025-07-21,active,VALID
brenda7079@upi,cust103956,hdfc,savings,2022-08-18,active,VALID
christopher9104@upi,cust104379,axis,current,2023-05-20,active,VALID
desiree6434@upi,cust107167,sbi,savings,2022-08-09,active,VALID
justin7113@upi,cust108227,hdfc,savings,2025-07-29,active,VALID
lisa1425@upi,cust102934,pnb,credit_card_linked,2024-03-31,active,VALID
michael5139@upi,cust100669,hdfc,current,2025-06-21,active,VALID
melody9491@upi,cust109204,icici,credit_card_linked,2023-02-24,active,VALID
robin3524@upi,cust102790,sbi,savings,2025-07-01,active,VALID
alicia6650@upi,cust100092,sbi,savings,2025-05-21,active,VALID
sheila9411@upi,cust101112,sbi,savings,2025-07-27,active,VALID
ann3062@upi,cust106837,pnb,credit_card_linked,2025-06-10,active,VALID
christopher6093@upi,cust100372,icici,current,2024-10-15,active,VALID
keith3989@upi,cust105993,kotak,credit_card_linked,2022-06-16,active,VALID
meagan1014@upi,cust107619,axis,current,2025-04-26,active,VALID
valerie5538@upi,cust107552,hdfc,current,2024-12-11,active,VALID
michael1088@upi,cust100796,hdfc,savings,2024-12-08,active,VALID
andrea4771@upi,cust104153,sbi,current,2025-05-10,active,VALID
melissa7288@upi,cust101921,axis,credit_card_linked,2025-07-24,active,VALID
miranda7004@upi,cust101568,sbi,credit_card_linked,2023-12-03,active,VALID
brooke4499@upi,cust102773,sbi,savings,2025-06-30,active,VALID
angela9763@upi,cust100638,sbi,credit_card_linked,2023-11-30,active,VALID
timothy2492@upi,cust102170,sbi,current,2024-07-08,active,VALID
ian7987@upi,cust109614,icici,current,2022-07-23,suspended,VALID
jamie2856@upi,cust107207,kotak,credit_card_linked,2025-06-12,active,VALID
adrienne3627@upi,cust104650,pnb,credit_card_linked,2025-03-31,active,VALID
ashley8592@upi,cust102882,pnb,credit_card_linked,2023-09-21,active,VALID
lisa2896@upi,cust102934,hdfc,credit_card_linked,2024-11-07,active,VALID
bradley3475@upi,cust103277,hdfc,savings,2025-08-02,active,VALID
tamara4719@upi,cust104131,kotak,current,2023-04-23,active,VALID
evelyn5722@upi,cust106998,axis,credit_card_linked,2023-01-28,active,VALID
kayla1648@upi,cust102861,pnb,credit_card_linked,2025-03-25,suspended,VALID
marc2540@upi,cust104051,icici,credit_card_linked,2024-01-01,active,VALID
vanessa3511@upi,cust106644,sbi,savings,2025-06-07,active,VALID
douglas6695@upi,cust102962,sbi,current,2025-06-10,active,VALID
jeffrey9805@upi,cust108386,kotak,current,2025-04-28,active,VALID
richard4439@upi,cust103656,hdfc,savings,2024-07-12,active,VALID
jared9553@upi,cust107406,axis,current,2024-04-19,active,VALID
lori9699@upi,cust107563,icici,savings,2025-01-15,active,VALID
lucas7048@upi,cust103867,pnb,credit_card_linked,2023-04-04,active,VALID
michelle5738@upi,cust108283,hdfc,current,2022-01-20,active,VALID
jennifer9089@upi,cust102035,icici,savings,2024-02-22,active,VALID
william1787@upi,cust103590,sbi,credit_card_linked,2023-04-14,active,VALID
tracy3728@upi,cust109581,pnb,credit_card_linked,2023-01-11,active,VALID
joseph1169@upi,cust103281,pnb,savings,2025-01-06,active,VALID
joseph8391@upi,cust106971,pnb,savings,2024-10-10,active,VALID
brianna1623@upi,cust106809,hdfc,savings,2023-10-14,active,VALID
scott1708@upi,cust107800,sbi,credit_card_linked,2025-01-15,active,VALID
kelsey9567@upi,cust103850,kotak,savings,2024-09-22,active,VALID
joseph9909@upi,cust109116,sbi,savings,2023-07-20,active,VALID
amy8675@upi,cust101163,pnb,savings,2025-06-26,active,VALID
charles1901@upi,cust107856,axis,current,2025-05-10,active,VALID
justin7705@upi,cust103661,hdfc,savings,2025-06-29,active,VALID
jay5903@upi,cust106080,sbi,current,2022-12-03,active,VALID
stephanie9345@upi,cust104263,hdfc,savings,2024-12-04,active,VALID
michele6349@upi,cust104548,axis,savings,2024-09-01,active,VALID
cody7352@upi,cust103111,icici,credit_card_linked,2022-12-15,active,VALID
keith7844@upi,cust103337,icici,current,2025-04-08,active,VALID
connie2505@upi,cust103964,sbi,savings,2024-06-29,blocked,VALID
william2981@upi,cust103738,hdfc,credit_card_linked,2024-09-04,active,VALID
lauren6304@upi,cust108367,pnb,current,2022-06-06,active,VALID
jesse6741@upi,cust101391,icici,credit_card_linked,2023-05-21,active,VALID
bruce9336@upi,cust102708,icici,current,2024-09-09,active,VALID
erika4155@upi,cust100226,kotak,current,2023-01-22,blocked,VALID
carl4191@upi,cust101354,axis,credit_card_linked,2023-12-27,active,VALID
lisa4862@upi,cust103445,kotak,savings,2025-06-18,active,VALID
david7014@upi,cust107312,pnb,current,2024-11-23,suspended,VALID
brady9181@upi,cust102016,sbi,savings,2023-08-03,active,VALID
mr.4047@upi,cust108717,sbi,credit_card_linked,2024-03-01,active,VALID
jose6923@upi,cust109521,hdfc,current,2024-05-06,active,VALID
rebecca2865@upi,cust104138,pnb,savings,2023-11-15,active,VALID
scott6005@upi,cust106258,sbi,credit_card_linked,2024-07-11,active,VALID
billy1641@upi,cust102939,kotak,savings,2025-06-19,active,VALID
paul5571@upi,cust104103,sbi,current,2023-10-01,active,VALID
sarah1867@upi,cust103000,icici,current,2025-07-15,active,VALID
stephanie2538@upi,cust105914,axis,credit_card_linked,2024-02-15,active,VALID
ashley9670@upi,cust101044,axis,current,2022-12-21,active,VALID
hannah8960@upi,cust105966,kotak,credit_card_linked,2021-12-29,active,VALID
michael3601@upi,cust106047,sbi,current,2021-01-14,active,VALID
joe9758@upi,cust106368,axis,credit_card_linked,2024-11-06,active,VALID
douglas8165@upi,cust100396,icici,credit_card_linked,2025-08-03,active,VALID
isaac5497@upi,cust101842,hdfc,current,2025-03-19,active,VALID
gary6497@upi,cust101761,hdfc,savings,2024-11-20,active,VALID
edward5999@upi,cust109619,kotak,current,2024-05-31,active,VALID
tonya8760@upi,cust105880,hdfc,current,2023-11-28,active,VALID
taylor8304@upi,cust103149,kotak,current,2024-05-30,active,VALID
michelle1795@upi,cust107100,pnb,savings,2024-12-09,active,VALID
jennifer6195@upi,cust103489,icici,credit_card_linked,2023-07-15,active,VALID
brian7684@upi,cust104075,sbi,credit_card_linked,2025-05-26,active,VALID
rachael8295@upi,cust100015,pnb,current,2021-07-13,active,VALID
ronald6996@upi,cust104393,kotak,credit_card_linked,2025-08-03,active,VALID
samuel9130@upi,cust108591,sbi,savings,2025-03-05,active,VALID
daryl3116@upi,cust101709,kotak,current,2025-07-02,active,VALID
alexis4078@upi,cust109156,axis,savings,2025-03-13,active,VALID
kelly3126@upi,cust109307,kotak,savings,2021-01-15,active,VALID
mr.1897@upi,cust105886,hdfc,current,2023-01-23,active,VALID
adrienne2177@upi,cust106975,kotak,current,2024-08-20,suspended,VALID
jillian4938@upi,cust105202,hdfc,credit_card_linked,2025-06-17,active,VALID
darrell8262@upi,cust104771,kotak,current,2024-03-26,active,VALID
allen2669@upi,cust106989,icici,savings,2023-10-14,active,VALID
kathryn6540@upi,cust100991,hdfc,credit_card_linked,2023-06-13,active,VALID
miguel3811@upi,cust103655,kotak,savings,2022-02-20,active,VALID
alejandro2725@upi,cust108854,axis,savings,2023-11-02,active,VALID
michael7061@upi,cust109585,hdfc,current,2024-11-02,suspended,VALID
sonya6595@upi,cust109835,axis,credit_card_linked,2024-04-10,active,VALID
tammy2622@upi,cust104170,axis,savings,2021-07-12,active,VALID
madison6960@upi,cust101089,pnb,credit_card_linked,2025-05-07,active,VALID
dana4745@upi,cust102700,sbi,credit_card_linked,2023-04-22,active,VALID
sarah2998@upi,cust103240,sbi,savings,2024-08-15,active,VALID
richard1118@upi,cust104940,sbi,credit_card_linked,2022-05-12,active,VALID
vanessa7257@upi,cust108504,sbi,credit_card_linked,2025-06-08,active,VALID
eric9437@upi,cust109886,icici,current,2022-12-25,suspended,VALID
james2669@upi,cust107016,icici,current,2023-02-10,active,VALID
dustin1643@upi,cust102351,icici,credit_card_linked,2025-06-26,active,VALID
carol9661@upi,cust107896,kotak,savings,2025-06-27,active,VALID
donald1392@upi,cust102731,pnb,credit_card_linked,2025-02-15,suspended,VALID
angela8191@upi,cust107334,icici,savings,2024-08-05,active,VALID
connor7212@upi,cust109213,axis,current,2023-02-17,active,VALID
cheryl1021@upi,cust102889,pnb,current,2023-06-01,active,VALID
colleen3480@upi,cust100650,icici,credit_card_linked,2024-05-24,active,VALID
melissa1718@upi,cust106061,axis,savings,2025-01-13,active,VALID
katherine2308@upi,cust107329,sbi,credit_card_linked,2025-03-24,active,VALID
matthew1653@upi,cust101276,axis,savings,2023-11-07,active,VALID
maria4014@upi,cust109872,icici,savings,2025-05-21,active,VALID
christopher8207@upi,cust102513,hdfc,savings,2024-09-22,active,VALID
claire2604@upi,cust109304,sbi,savings,2025-06-05,blocked,VALID
mark4058@upi,cust105584,icici,savings,2022-06-02,active,VALID
angela5391@upi,cust107007,icici,credit_card_linked,2023-06-10,active,VALID
shawn5461@upi,cust105367,hdfc,savings,2024-05-14,active,VALID
gloria8172@upi,cust102180,hdfc,current,2024-03-04,active,VALID
kathleen5271@upi,cust102259,kotak,current,2023-09-22,active,VALID
darrell1013@upi,cust104355,pnb,credit_card_linked,2025-07-05,active,VALID
matthew2555@upi,cust103259,icici,current,2025-07-09,active,VALID
cameron2417@upi,cust103782,hdfc,credit_card_linked,2024-12-07,active,VALID
mindy7341@upi,cust105641,pnb,current,2023-03-22,active,VALID
joshua4981@upi,cust100741,pnb,credit_card_linked,2024-11-11,active,VALID
philip4664@upi,cust107862,icici,credit_card_linked,2024-01-08,active,VALID
mark4837@upi,cust102445,sbi,credit_card_linked,2023-11-08,blocked,VALID
monique5460@upi,cust101072,sbi,savings,2025-05-07,active,VALID
brett7791@upi,cust106053,kotak,credit_card_linked,2025-08-03,active,VALID
richard2247@upi,cust102883,axis,savings,2025-02-03,suspended,VALID
randy1733@upi,cust107685,kotak,savings,2025-08-05,active,VALID
james3650@upi,cust106722,icici,savings,2022-11-22,active,VALID
dalton7789@upi,cust109839,sbi,savings,2024-11-09,active,VALID
megan1806@upi,cust104014,kotak,savings,2024-09-19,suspended,VALID
sean5388@upi,cust101786,axis,savings,2025-07-27,active,VALID
kenneth2672@upi,cust107765,kotak,current,2024-01-24,active,VALID
alexander9531@upi,cust106881,icici,current,2025-07-17,active,VALID
katherine8687@upi,cust106174,axis,current,2023-03-16,active,VALID
kelly2728@upi,cust105591,kotak,credit_card_linked,2023-10-01,active,VALID
zachary1110@upi,cust106317,icici,current,2024-11-30,active,VALID
katrina5637@upi,cust107912,pnb,savings,2025-05-25,active,VALID
aaron9564@upi,cust103036,axis,current,2025-04-08,active,VALID
erika8522@upi,cust102725,kotak,savings,2024-03-04,active,VALID
billy2584@upi,cust105498,icici,current,2023-12-14,active,VALID
robin6347@upi,cust108529,kotak,current,2023-11-24,active,VALID
gabriel5878@upi,cust108624,sbi,savings,2022-12-23,active,VALID
michael6079@upi,cust108192,hdfc,savings,2025-05-14,active,VALID
shelia1302@upi,cust103108,hdfc,current,2025-07-24,active,VALID
crystal2265@upi,cust109712,icici,current,2024-08-21,active,VALID
ivan8092@upi,cust102045,pnb,savings,2025-03-07,active,VALID
kayla9632@upi,cust107600,sbi,savings,2025-03-14,active,VALID
cameron5805@upi,cust102750,axis,credit_card_linked,2024-10-09,active,VALID
cathy2572@upi,cust109892,icici,credit_card_linked,2025-08-01,active,VALID
thomas3060@upi,cust108905,hdfc,current,2024-03-19,active,VALID
jason7844@upi,cust109021,kotak,current,2025-01-05,active,VALID
derrick1854@upi,cust106578,pnb,credit_card_linked,2025-07-07,active,VALID
carmen7683@upi,cust104384,axis,savings,2021-09-11,active,VALID
nancy8218@upi,cust107904,icici,credit_card_linked,2023-06-11,active,VALID
evelyn8912@upi,cust106998,sbi,credit_card_linked,2023-06-14,active,VALID
stephanie1192@upi,cust102058,hdfc,credit_card_linked,2023-06-30,active,VALID
wanda9407@upi,cust100959,kotak,credit_card_linked,2025-02-18,active,VALID
anthony7119@upi,cust107917,axis,credit_card_linked,2024-08-23,active,VALID
dr.2589@upi,cust107621,pnb,current,2023-02-10,active,VALID
lindsey9074@upi,cust100836,hdfc,savings,2024-09-20,active,VALID
daniel8818@upi,cust100119,pnb,credit_card_linked,2024-09-03,active,VALID
michael2334@upi,cust108046,hdfc,savings,2025-05-27,blocked,VALID
seth2433@upi,cust107071,axis,credit_card_linked,2023-11-11,active,VALID
jean4357@upi,cust102940,kotak,savings,2023-03-16,active,VALID
anita6875@upi,cust104867,kotak,current,2022-11-21,active,VALID
susan3914@upi,cust106076,axis,credit_card_linked,2025-06-05,active,VALID
mrs.7206@upi,cust106789,axis,credit_card_linked,2025-07-31,active,VALID
erica1666@upi,cust108912,sbi,savings,2024-12-17,suspended,VALID
mr.4923@upi,cust103407,axis,credit_card_linked,2025-01-28,active,VALID
bryan4167@upi,cust102336,kotak,current,2023-01-28,active,VALID
jesse4103@upi,cust106341,kotak,credit_card_linked,2025-03-27,active,VALID
sonya4073@upi,cust100546,kotak,credit_card_linked,2023-12-10,active,VALID
ronald3791@upi,cust104117,kotak,savings,2025-06-19,active,VALID
david9620@upi,cust102553,pnb,credit_card_linked,2025-01-22,active,VALID
don1707@upi,cust105718,icici,current,2025-07-11,active,VALID
brian5504@upi,cust109110,kotak,current,2023-12-13,active,VALID
michael4224@upi,cust104720,axis,credit_card_linked,2024-05-01,suspended,VALID
mary7967@upi,cust101900,pnb,savings,2025-06-14,active,VALID
casey4902@upi,cust102044,hdfc,savings,2024-01-19,active,VALID
katelyn2401@upi,cust105416,pnb,savings,2025-06-21,blocked,VALID
christopher6278@upi,cust109043,axis,current,2024-04-04,active,VALID
charles5453@upi,cust109333,sbi,current,2024-05-23,active,VALID
sherry2667@upi,cust109934,icici,credit_card_linked,2024-09-14,active,VALID
ruth5467@upi,cust109819,pnb,savings,2023-01-03,active,VALID
christina2153@upi,cust108863,axis,current,2025-01-26,active,VALID
wesley5300@upi,cust109215,icici,savings,2024-02-27,active,VALID
ryan3146@upi,cust102593,hdfc,current,2022-02-13,active,VALID
matthew6631@upi,cust103206,sbi,current,2025-01-13,active,VALID
debra7088@upi,cust100957,kotak,credit_card_linked,2024-03-26,active,VALID
bryan9866@upi,cust107372,hdfc,credit_card_linked,2025-07-09,active,VALID
michael6047@upi,cust109272,sbi,savings,2024-10-29,active,VALID
matthew4502@upi,cust105286,axis,credit_card_linked,2024-05-30,active,VALID
brittany4949@upi,cust105759,sbi,savings,2025-03-19,active,VALID
nathan2780@upi,cust100479,sbi,current,2024-06-25,active,VALID
victoria5981@upi,cust102733,kotak,current,2025-02-17,blocked,VALID
jill3391@upi,cust105854,icici,credit_card_linked,2024-05-26,active,VALID
caitlin1819@upi,cust107998,pnb,credit_card_linked,2025-07-16,active,VALID
rachael9630@upi,cust105065,icici,current,2024-12-25,active,VALID
gabrielle3993@upi,cust108332,sbi,current,2024-02-15,active,VALID
beverly6777@upi,cust107522,axis,savings,2025-03-30,active,VALID
jason8667@upi,cust105343,axis,credit_card_linked,2025-01-29,active,VALID
gabriel1295@upi,cust101984,kotak,savings,2025-05-19,active,VALID
deborah9363@upi,cust103784,sbi,current,2025-07-13,active,VALID
justin6792@upi,cust100081,sbi,credit_card_linked,2024-02-20,active,VALID
morgan4666@upi,cust100888,axis,credit_card_linked,2025-05-29,active,VALID
elizabeth3131@upi,cust106272,axis,current,2024-11-12,active,VALID
melinda3422@upi,cust104891,axis,current,2023-08-08,active,VALID
pamela7936@upi,cust104880,pnb,credit_card_linked,2024-07-15,active,VALID
mark4442@upi,cust109337,pnb,current,2024-02-06,active,VALID
brandon5872@upi,cust102000,axis,current,2024-01-20,active,VALID
sarah5442@upi,cust103000,pnb,current,2025-07-28,active,VALID
john3869@upi,cust100196,kotak,current,2025-05-08,active,VALID
sherry5081@upi,cust106642,pnb,savings,2025-03-28,active,VALID
emily2040@upi,cust100714,pnb,current,2024-09-13,active,VALID
brenda5928@upi,cust105535,kotak,credit_card_linked,2021-08-10,active,VALID
darius4541@upi,cust109750,axis,credit_card_linked,2025-03-31,active,VALID
tamara6688@upi,cust104131,kotak,credit_card_linked,2025-05-06,suspended,VALID
timothy1217@upi,cust101197,hdfc,savings,2025-01-21,active,VALID
danny3247@upi,cust108914,icici,credit_card_linked,2022-03-05,active,VALID
crystal1801@upi,cust102087,kotak,current,2023-12-13,active,VALID
gerald7276@upi,cust101516,hdfc,current,2024-06-12,active,VALID
brady6222@upi,cust104775,kotak,current,2023-05-13,active,VALID
jenny3394@upi,cust107399,icici,current,2023-09-26,active,VALID
jamie2614@upi,cust106732,icici,credit_card_linked,2023-05-26,blocked,VALID
steven7631@upi,cust104574,pnb,credit_card_linked,2025-03-19,suspended,VALID
andrea5118@upi,cust103218,icici,credit_card_linked,2025-03-14,active,VALID
christopher1587@upi,cust109412,hdfc,current,2024-07-12,active,VALID
samuel1229@upi,cust108630,hdfc,credit_card_linked,2024-05-09,active,VALID
jeffrey4931@upi,cust101270,hdfc,credit_card_linked,2024-03-04,active,VALID
henry8649@upi,cust104571,sbi,current,2022-02-04,active,VALID
heather9967@upi,cust107521,sbi,current,2023-05-30,active,VALID
stephanie3834@upi,cust102713,kotak,credit_card_linked,2022-09-28,active,VALID
sean6353@upi,cust109184,axis,credit_card_linked,2025-08-01,active,VALID
rebecca9883@upi,cust103400,hdfc,credit_card_linked,2024-10-30,active,VALID
amanda2822@upi,cust105808,hdfc,credit_card_linked,2023-01-19,active,VALID
michael9246@upi,cust105567,icici,savings,2024-04-24,active,VALID
steven5139@upi,cust103349,sbi,current,2025-06-09,active,VALID
john5626@upi,cust101591,hdfc,credit_card_linked,2021-03-29,active,VALID
alicia2741@upi,cust101514,sbi,credit_card_linked,2023-06-11,active,VALID
timothy3162@upi,cust107198,kotak,current,2025-07-04,active,VALID
robert2668@upi,cust100058,pnb,credit_card_linked,2025-01-13,active,VALID
jessica9743@upi,cust104660,icici,savings,2024-06-04,active,VALID
michele7747@upi,cust101182,kotak,savings,2023-08-20,active,VALID
randall5628@upi,cust102785,kotak,savings,2024-08-04,active,VALID
hayley3022@upi,cust106394,axis,current,2025-08-05,active,VALID
stephanie8302@upi,cust106124,icici,current,2024-06-28,blocked,VALID
stacy2657@upi,cust103333,axis,savings,2023-04-11,active,VALID
christopher8201@upi,cust102179,hdfc,current,2023-05-11,active,VALID
rachel7045@upi,cust104271,hdfc,credit_card_linked,2022-12-15,active,VALID
mark1449@upi,cust108428,kotak,credit_card_linked,2022-04-18,active,VALID
connie5581@upi,cust106540,sbi,credit_card_linked,2024-11-27,active,VALID
emma3194@upi,cust103851,sbi,current,2024-02-24,active,VALID
brenda8463@upi,cust104145,pnb,credit_card_linked,2025-02-23,suspended,VALID
john7806@upi,cust102340,hdfc,credit_card_linked,2023-11-06,active,VALID
sarah9980@upi,cust101279,axis,credit_card_linked,2025-04-04,active,VALID
michael2988@upi,cust105685,sbi,savings,2023-03-21,active,VALID
bonnie8587@upi,cust103499,kotak,savings,2025-08-04,active,VALID
adam2524@upi,cust102880,axis,current,2025-04-01,active,VALID
kathleen5201@upi,cust109342,sbi,credit_card_linked,2025-08-02,active,VALID
dylan3046@upi,cust102589,hdfc,credit_card_linked,2024-04-16,active,VALID
stephanie1854@upi,cust108896,sbi,current,2021-11-12,active,VALID
sara7847@upi,cust107170,hdfc,current,2025-05-15,active,VALID
tyler7154@upi,cust105925,pnb,current,2023-07-13,active,VALID
gerald7816@upi,cust101967,kotak,savings,2024-10-22,active,VALID
scott1266@upi,cust108916,sbi,savings,2025-07-15,active,VALID
kristina1666@upi,cust106453,kotak,savings,2025-05-25,active,VALID
amanda8516@upi,cust103958,kotak,current,2024-10-11,active,VALID
tyler3218@upi,cust107994,hdfc,savings,2025-05-10,active,VALID
robert4440@upi,cust101252,axis,savings,2021-06-27,blocked,VALID
david5669@upi,cust106169,hdfc,savings,2025-03-12,active,VALID
timothy1020@upi,cust107605,icici,savings,2023-04-19,active,VALID
eric4834@upi,cust108806,kotak,current,2022-02-24,active,VALID
jessica2352@upi,cust102009,pnb,current,2022-08-26,active,VALID
tara2590@upi,cust101423,sbi,savings,2025-04-23,active,VALID
jacob6827@upi,cust100106,kotak,savings,2023-05-13,active,VALID
miranda7688@upi,cust109751,icici,savings,2025-04-17,active,VALID
charles1701@upi,cust101598,hdfc,current,2024-08-23,active,VALID
nicholas6964@upi,cust104854,pnb,credit_card_linked,2022-04-21,active,VALID
stephanie8327@upi,cust104875,pnb,credit_card_linked,2025-02-17,active,VALID
keith4749@upi,cust103337,kotak,current,2023-12-16,active,VALID
kathleen3067@upi,cust101463,kotak,current,2025-03-27,active,VALID
robert3611@upi,cust108244,axis,current,2022-05-25,active,VALID
scott1470@upi,cust106782,sbi,current,2025-05-22,active,VALID
melissa1619@upi,cust103546,axis,credit_card_linked,2023-04-18,active,VALID
lori5135@upi,cust107135,sbi,savings,2025-04-05,active,VALID
karen1255@upi,cust109821,hdfc,savings,2025-04-21,active,VALID
jason6690@upi,cust106871,pnb,savings,2025-04-20,active,VALID
lisa8142@upi,cust106049,icici,credit_card_linked,2023-11-09,active,VALID
richard3940@upi,cust105676,sbi,current,2023-09-20,blocked,VALID
dominic1532@upi,cust106591,axis,credit_card_linked,2025-07-25,active,VALID
amanda4951@upi,cust104534,sbi,current,2024-06-03,active,VALID
rick4597@upi,cust109651,kotak,credit_card_linked,2023-04-20,active,VALID
douglas8179@upi,cust105695,sbi,credit_card_linked,2023-12-22,active,VALID
morgan9350@upi,cust100704,kotak,savings,2024-07-14,active,VALID
brent6430@upi,cust109594,hdfc,current,2024-12-18,blocked,VALID
alejandro3213@upi,cust106879,sbi,current,2025-06-15,active,VALID
jesse2421@upi,cust106341,sbi,credit_card_linked,2025-06-27,active,VALID
ashley8755@upi,cust105253,axis,credit_card_linked,2025-02-13,active,VALID
lisa8397@upi,cust102934,icici,credit_card_linked,2023-12-06,active,VALID
david2936@upi,cust108376,sbi,current,2022-12-10,active,VALID
abigail8994@upi,cust105782,icici,current,2024-10-12,active,VALID
kari8933@upi,cust105731,hdfc,current,2022-08-16,active,VALID
kelsey4901@upi,cust106089,icici,credit_card_linked,2024-02-19,active,VALID
carolyn3691@upi,cust105631,kotak,credit_card_linked,2025-05-09,active,VALID
bryan3264@upi,cust105408,pnb,credit_card_linked,2024-02-11,active,VALID
jennifer5886@upi,cust105583,sbi,savings,2024-07-05,active,VALID
wendy3820@upi,cust100747,axis,current,2024-04-18,active,VALID
michael7049@upi,cust109138,sbi,credit_card_linked,2025-06-19,active,VALID
cynthia8795@upi,cust107459,hdfc,savings,2022-09-23,active,VALID
manuel2873@upi,cust100700,icici,current,2025-07-08,active,VALID
ryan5925@upi,cust100723,axis,current,2025-01-05,active,VALID
kayla3093@upi,cust103417,hdfc,savings,2025-04-24,active,VALID
kevin6431@upi,cust104339,icici,current,2024-09-16,active,VALID
billy2572@upi,cust105330,pnb,savings,2021-10-18,active,VALID
kenneth4764@upi,cust103175,hdfc,current,2024-06-05,active,VALID
nathan4807@upi,cust100508,hdfc,savings,2025-07-22,active,VALID
sharon3446@upi,cust102075,kotak,credit_card_linked,2023-06-13,active,VALID
angela4735@upi,cust100843,pnb,current,2025-05-20,active,VALID
cynthia9389@upi,cust105468,icici,current,2023-01-06,active,VALID
robert4035@upi,cust102549,kotak,savings,2024-06-12,active,VALID
christopher5149@upi,cust104168,pnb,credit_card_linked,2025-05-24,active,VALID
jordan8794@upi,cust100996,icici,credit_card_linked,2025-07-22,active,VALID
robert4740@upi,cust108668,kotak,credit_card_linked,2023-03-14,active,VALID
scott7335@upi,cust102456,icici,savings,2023-05-09,active,VALID
casey6970@upi,cust107127,hdfc,current,2024-08-29,active,VALID
lori9090@upi,cust104592,hdfc,savings,2024-04-06,active,VALID
andre4937@upi,cust109551,hdfc,savings,2023-12-11,active,VALID
elizabeth3177@upi,cust103217,icici,savings,2025-02-12,active,VALID
sandra8452@upi,cust106096,sbi,credit_card_linked,2024-02-20,active,VALID
ruth3814@upi,cust109819,hdfc,credit_card_linked,2024-07-04,active,VALID
jane7359@upi,cust107850,axis,savings,2025-06-02,active,VALID
jason2296@upi,cust104849,hdfc,credit_card_linked,2023-07-30,suspended,VALID
michael9104@upi,cust107024,hdfc,credit_card_linked,2025-06-30,active,VALID
lauren3278@upi,cust100689,icici,credit_card_linked,2022-03-23,active,VALID
andrew6323@upi,cust107472,pnb,credit_card_linked,2023-09-23,active,VALID
bobby5305@upi,cust109922,axis,credit_card_linked,2024-11-13,active,VALID
keith2116@upi,cust108396,kotak,credit_card_linked,2025-02-18,active,VALID
brian6142@upi,cust106332,kotak,current,2022-01-08,active,VALID
james8803@upi,cust100041,axis,savings,2022-06-25,active,VALID
joseph5337@upi,cust108894,kotak,savings,2024-07-18,active,VALID
jacob4461@upi,cust103963,hdfc,credit_card_linked,2024-11-15,active,VALID
brianna9650@upi,cust102822,hdfc,current,2025-02-09,active,VALID
craig9436@upi,cust104840,hdfc,credit_card_linked,2025-07-09,active,VALID
brandon2225@upi,cust108436,pnb,current,2025-01-10,active,VALID
jacqueline4832@upi,cust101310,kotak,credit_card_linked,2025-06-08,active,VALID
kevin6158@upi,cust100204,pnb,credit_card_linked,2024-05-09,active,VALID
robert2305@upi,cust107690,hdfc,savings,2024-10-04,active,VALID
daryl8028@upi,cust103324,icici,credit_card_linked,2025-06-20,active,VALID
alexander5020@upi,cust106222,pnb,savings,2024-07-22,active,VALID
amanda6266@upi,cust109054,kotak,credit_card_linked,2023-01-11,active,VALID
robert4352@upi,cust100279,sbi,savings,2023-09-03,active,VALID
christopher6205@upi,cust103974,sbi,credit_card_linked,2025-03-29,active,VALID
pam1791@upi,cust100460,kotak,current,2022-03-10,active,VALID
margaret7086@upi,cust109685,axis,savings,2025-06-07,active,VALID
charles7426@upi,cust102452,axis,current,2024-10-02,active,VALID
matthew3626@upi,cust109859,pnb,credit_card_linked,2024-04-14,active,VALID
jason5415@upi,cust105511,sbi,savings,2024-04-24,active,VALID
kenneth5492@upi,cust108257,hdfc,savings,2021-09-27,active,VALID
ms.7248@upi,cust106478,pnb,credit_card_linked,2025-01-13,active,VALID
christopher2931@upi,cust103680,hdfc,current,2025-06-04,active,VALID
katie2216@upi,cust106909,icici,current,2023-01-07,active,VALID
joshua7001@upi,cust102596,kotak,credit_card_linked,2025-03-30,active,VALID
elizabeth9513@upi,cust102117,pnb,current,2024-08-09,active,VALID
austin5574@upi,cust109039,axis,credit_card_linked,2025-07-31,active,VALID
dwayne3246@upi,cust107273,pnb,current,2023-08-08,active,VALID
derek9156@upi,cust103635,kotak,savings,2025-05-21,active,VALID
ariana1665@upi,cust102476,icici,credit_card_linked,2025-01-15,active,VALID
robert7642@upi,cust100137,axis,current,2022-08-21,suspended,VALID
ryan3932@upi,cust102724,axis,savings,2025-06-12,active,VALID
cindy4123@upi,cust104308,hdfc,current,2025-07-04,active,VALID
zachary4982@upi,cust104830,pnb,savings,2024-03-12,active,VALID
taylor7121@upi,cust104615,icici,credit_card_linked,2023-03-16,suspended,VALID
kelli7632@upi,cust109364,sbi,current,2024-07-10,active,VALID
amanda7448@upi,cust109091,pnb,savings,2025-06-17,active,VALID
erica2139@upi,cust105671,pnb,savings,2022-02-10,active,VALID
linda9212@upi,cust108711,hdfc,savings,2025-06-28,active,VALID
laura3865@upi,cust107574,kotak,current,2025-01-23,active,VALID
timothy3925@upi,cust105208,icici,credit_card_linked,2023-08-11,active,VALID
christopher4471@upi,cust109183,hdfc,credit_card_linked,2025-03-13,active,VALID
amy3392@upi,cust105362,icici,savings,2024-08-05,active,VALID
mr.4128@upi,cust107468,sbi,current,2024-06-24,active,VALID
douglas1532@upi,cust107817,kotak,credit_card_linked,2025-04-29,active,VALID
mark2619@upi,cust107993,pnb,credit_card_linked,2024-12-02,active,VALID
francisco1391@upi,cust109579,axis,credit_card_linked,2024-06-08,active,VALID
joshua5039@upi,cust103123,hdfc,credit_card_linked,2023-09-06,active,VALID
shelley1777@upi,cust107430,axis,current,2021-12-10,active,VALID
diane4953@upi,cust100686,sbi,credit_card_linked,2025-06-20,active,VALID
alan6030@upi,cust102949,pnb,savings,2025-06-30,blocked,VALID
tracy5633@upi,cust101332,icici,savings,2025-04-18,active,VALID
casey3831@upi,cust100995,kotak,credit_card_linked,2024-09-24,active,VALID
craig1871@upi,cust104840,hdfc,savings,2024-10-10,active,VALID
morgan3523@upi,cust108584,sbi,credit_card_linked,2025-03-01,active,VALID
james7989@upi,cust106233,sbi,current,2023-12-26,active,VALID
danielle4830@upi,cust100135,icici,current,2024-11-06,active,VALID
sarah4369@upi,cust106954,axis,credit_card_linked,2025-01-31,active,VALID
nicholas6685@upi,cust103363,pnb,credit_card_linked,2025-08-02,active,VALID
anthony4846@upi,cust104437,icici,savings,2022-09-22,active,VALID
kimberly8516@upi,cust108463,kotak,credit_card_linked,2025-06-22,active,VALID
jennifer5012@upi,cust109193,kotak,savings,2022-05-28,active,VALID
walter9506@upi,cust106592,hdfc,savings,2025-01-11,active,VALID
aaron1366@upi,cust106060,kotak,current,2025-05-25,active,VALID
jermaine9537@upi,cust107283,pnb,credit_card_linked,2025-06-29,active,VALID
mario1453@upi,cust101831,icici,credit_card_linked,2023-07-28,active,VALID
elizabeth4796@upi,cust106462,sbi,savings,2025-07-27,active,VALID
matthew4113@upi,cust102307,hdfc,current,2023-05-25,active,VALID
lori9416@upi,cust104983,hdfc,current,2024-07-13,active,VALID
marie3967@upi,cust109227,hdfc,savings,2024-07-03,active,VALID
april9442@upi,cust109004,hdfc,savings,2021-05-15,active,VALID
robert4664@upi,cust106411,pnb,credit_card_linked,2021-07-11,active,VALID
lori6295@upi,cust108715,sbi,savings,2023-08-01,active,VALID
wesley3881@upi,cust100247,axis,savings,2025-04-10,active,VALID
angela3886@upi,cust109927,hdfc,savings,2024-03-12,active,VALID
christine3573@upi,cust103475,axis,credit_card_linked,2024-01-11,active,VALID
timothy3200@upi,cust103890,kotak,current,2023-09-17,active,VALID
michael7953@upi,cust105298,icici,credit_card_linked,2025-06-20,active,VALID
kaitlyn4130@upi,cust109950,sbi,current,2025-06-10,active,VALID
kelly5527@upi,cust103692,kotak,current,2025-06-22,active,VALID
michelle4711@upi,cust106012,kotak,credit_card_linked,2025-02-24,active,VALID
william5217@upi,cust109356,pnb,credit_card_linked,2021-08-13,active,VALID
nina8125@upi,cust104294,axis,credit_card_linked,2025-07-20,active,VALID
sherri6999@upi,cust106797,kotak,credit_card_linked,2023-08-01,suspended,VALID
brenda7305@upi,cust109361,sbi,credit_card_linked,2023-03-25,active,VALID
adam2609@upi,cust106273,sbi,savings,2023-06-18,active,VALID
shelby2477@upi,cust109632,axis,savings,2025-03-28,active,VALID
frank5116@upi,cust108095,hdfc,current,2023-06-04,active,VALID
erin5490@upi,cust105342,sbi,credit_card_linked,2025-06-05,active,VALID
mary3664@upi,cust103868,pnb,savings,2024-08-08,active,VALID
william1809@upi,cust107688,axis,credit_card_linked,2025-07-13,active,VALID
jacob2873@upi,cust101689,pnb,current,2022-12-29,active,VALID
darren5880@upi,cust102879,icici,credit_card_linked,2023-08-14,active,VALID
amanda8491@upi,cust103729,pnb,credit_card_linked,2022-12-02,active,VALID
raymond6868@upi,cust108076,sbi,savings,2025-03-08,active,VALID
linda7334@upi,cust101187,sbi,savings,2023-10-27,active,VALID
alexandra1530@upi,cust100593,pnb,current,2025-04-03,active,VALID
jacqueline6886@upi,cust100225,pnb,credit_card_linked,2025-04-11,active,VALID
brian6243@upi,cust109496,axis,current,2025-05-19,active,VALID
alan1622@upi,cust105555,pnb,credit_card_linked,2025-06-15,active,VALID
peter8703@upi,cust105513,pnb,current,2025-05-12,active,VALID
wendy7414@upi,cust103310,pnb,credit_card_linked,2025-07-28,active,VALID
stephanie8813@upi,cust101452,sbi,credit_card_linked,2025-04-01,active,VALID
matthew8275@upi,cust106137,hdfc,credit_card_linked,2024-09-05,active,VALID
lori6618@upi,cust107205,hdfc,current,2024-01-02,active,VALID
peter6461@upi,cust105204,axis,credit_card_linked,2025-01-25,active,VALID
samuel3918@upi,cust107671,icici,credit_card_linked,2023-01-11,active,VALID
danielle2860@upi,cust107788,axis,current,2025-06-01,active,VALID
tanya9397@upi,cust100891,pnb,credit_card_linked,2022-11-22,active,VALID
michael5256@upi,cust102372,kotak,savings,2023-09-02,active,VALID
anthony3565@upi,cust100371,icici,current,2021-10-26,active,VALID
jacob2187@upi,cust108215,axis,current,2025-07-15,active,VALID
jessica9032@upi,cust108413,icici,current,2022-04-20,active,VALID
jonathan1204@upi,cust106855,sbi,current,2024-04-26,active,VALID
natasha1171@upi,cust105503,kotak,credit_card_linked,2025-04-27,active,VALID
jackie2270@upi,cust102583,icici,credit_card_linked,2023-09-08,active,VALID
brandon4223@upi,cust108749,sbi,savings,2024-07-27,active,VALID
richard3742@upi,cust109514,axis,current,2023-10-20,active,VALID
cynthia4633@upi,cust108327,icici,savings,2024-03-26,active,VALID
chase9071@upi,cust104027,icici,credit_card_linked,2024-12-27,blocked,VALID
abigail8850@upi,cust109017,hdfc,current,2025-07-28,active,VALID
tracy8600@upi,cust102222,hdfc,current,2025-05-24,active,VALID
jennifer9621@upi,cust107756,sbi,savings,2025-04-15,active,VALID
rachael8951@upi,cust100398,sbi,savings,2025-02-01,active,VALID
paul5040@upi,cust102325,pnb,credit_card_linked,2024-12-01,active,VALID
erica6460@upi,cust108824,axis,savings,2025-06-13,active,VALID
lauren5496@upi,cust107154,hdfc,credit_card_linked,2025-05-14,active,VALID
joshua9826@upi,cust105252,kotak,credit_card_linked,2024-12-08,active,VALID
richard7379@upi,cust107696,kotak,credit_card_linked,2025-04-07,active,VALID
christina1519@upi,cust107942,kotak,credit_card_linked,2024-11-15,active,VALID
kristina6373@upi,cust101338,axis,credit_card_linked,2025-06-11,active,VALID
michael8641@upi,cust102924,sbi,credit_card_linked,2025-06-28,active,VALID
mitchell5080@upi,cust108350,sbi,credit_card_linked,2024-01-11,active,VALID
raven4501@upi,cust103547,icici,credit_card_linked,2024-10-22,active,VALID
thomas4001@upi,cust100845,kotak,current,2022-06-19,active,VALID
kristin1898@upi,cust108408,pnb,current,2025-05-07,suspended,VALID
caitlyn3841@upi,cust108991,icici,credit_card_linked,2024-04-01,active,VALID
lisa9474@upi,cust107018,icici,credit_card_linked,2025-05-18,active,VALID
manuel7494@upi,cust100700,hdfc,savings,2025-07-30,active,VALID
carolyn5401@upi,cust105497,hdfc,current,2024-05-23,active,VALID
daniel7057@upi,cust100313,axis,savings,2023-10-05,active,VALID
tami8419@upi,cust107357,hdfc,current,2025-01-18,active,VALID
morgan8488@upi,cust109700,sbi,savings,2023-11-15,active,VALID
jesse6730@upi,cust104698,pnb,savings,2023-10-27,active,VALID
olivia9067@upi,cust104886,axis,savings,2025-06-11,active,VALID
grant1083@upi,cust100636,hdfc,current,2025-07-29,active,VALID
katelyn1778@upi,cust108718,pnb,current,2022-12-04,active,VALID
sarah2789@upi,cust103376,sbi,credit_card_linked,2022-12-05,active,VALID
robert2733@upi,cust105128,icici,savings,2024-11-23,active,VALID
tara8308@upi,cust108669,axis,credit_card_linked,2024-06-29,active,VALID
sonya9008@upi,cust109616,kotak,savings,2025-05-18,active,VALID
mary4698@upi,cust100141,icici,current,2023-12-02,active,VALID
christine4665@upi,cust106134,icici,savings,2025-07-27,active,VALID
nicholas3726@upi,cust105827,pnb,savings,2023-01-18,active,VALID
travis4581@upi,cust104868,axis,credit_card_linked,2024-10-13,active,VALID
michael6122@upi,cust108827,icici,credit_card_linked,2021-07-26,active,VALID
alexandria1194@upi,cust100388,pnb,credit_card_linked,2023-09-17,active,VALID
gerald7078@upi,cust103272,sbi,savings,2025-04-11,active,VALID
emily4167@upi,cust102386,icici,current,2024-03-25,active,VALID
andrew5049@upi,cust106090,kotak,savings,2025-07-29,active,VALID
sean7884@upi,cust104673,icici,savings,2024-06-26,active,VALID
elizabeth8176@upi,cust107380,axis,current,2024-08-01,active,VALID
michael3962@upi,cust109749,pnb,credit_card_linked,2022-05-08,active,VALID
donald2120@upi,cust107101,pnb,savings,2024-11-03,active,VALID
amanda7358@upi,cust100585,icici,savings,2024-04-05,active,VALID
amanda1781@upi,cust108358,icici,savings,2025-03-03,active,VALID
tina3981@upi,cust109117,axis,credit_card_linked,2022-02-23,active,VALID
maria6906@upi,cust102881,axis,credit_card_linked,2025-02-16,blocked,VALID
daniel3313@upi,cust103292,hdfc,credit_card_linked,2024-06-08,blocked,VALID
nicole4700@upi,cust109758,pnb,current,2025-02-02,active,VALID
joel3597@upi,cust102001,kotak,savings,2023-12-30,active,VALID
adam1788@upi,cust102217,pnb,credit_card_linked,2025-07-28,active,VALID
robin1702@upi,cust104692,pnb,savings,2024-07-05,active,VALID
kristina3791@upi,cust107818,icici,savings,2020-11-21,active,VALID
mr.5108@upi,cust109081,axis,current,2025-07-03,active,VALID
andrew5442@upi,cust104984,sbi,savings,2024-09-03,active,VALID
jimmy7594@upi,cust101930,pnb,savings,2024-10-26,active,VALID
kathleen7933@upi,cust105372,pnb,credit_card_linked,2022-06-03,active,VALID
trevor3946@upi,cust103092,pnb,credit_card_linked,2024-11-11,active,VALID
steven7163@upi,cust108390,kotak,current,2025-01-03,active,VALID
mark3961@upi,cust109895,kotak,current,2025-07-31,active,VALID
dorothy5025@upi,cust105179,kotak,credit_card_linked,2022-10-27,active,VALID
christina9255@upi,cust106628,hdfc,current,2025-02-15,active,VALID
rebecca8143@upi,cust100073,hdfc,credit_card_linked,2025-06-26,suspended,VALID
brian6411@upi,cust109646,kotak,credit_card_linked,2023-06-09,active,VALID
ann7455@upi,cust103826,hdfc,credit_card_linked,2025-01-25,active,VALID
mark1693@upi,cust109025,hdfc,current,2025-07-14,active,VALID
jennifer3439@upi,cust103489,icici,savings,2024-06-10,suspended,VALID
michael3119@upi,cust104202,icici,savings,2025-05-31,active,VALID
pamela6533@upi,cust109379,hdfc,credit_card_linked,2023-07-30,active,VALID
douglas2203@upi,cust109243,sbi,current,2022-11-07,active,VALID
james2520@upi,cust103031,axis,savings,2024-06-20,active,VALID
amanda6859@upi,cust106229,pnb,current,2022-05-28,active,VALID
robert9529@upi,cust109663,icici,savings,2025-04-11,active,VALID
christopher7418@upi,cust106562,hdfc,current,2025-05-22,active,VALID
robert9707@upi,cust102549,hdfc,current,2020-12-26,active,VALID
samantha1095@upi,cust108242,hdfc,credit_card_linked,2025-03-25,active,VALID
mark4512@upi,cust102394,kotak,savings,2023-12-04,active,VALID
stacy2505@upi,cust101555,hdfc,credit_card_linked,2025-04-08,active,VALID
victoria6951@upi,cust100750,sbi,savings,2025-06-09,active,VALID
ethan2207@upi,cust103832,pnb,current,2024-08-27,active,VALID
dr.6706@upi,cust103663,sbi,credit_card_linked,2025-06-01,active,VALID
shelly7809@upi,cust103468,hdfc,savings,2025-07-04,active,VALID
andrea6627@upi,cust105316,sbi,current,2025-07-04,active,VALID
rachel2695@upi,cust101396,sbi,credit_card_linked,2024-12-09,blocked,VALID
barbara8076@upi,cust109436,hdfc,savings,2022-10-23,active,VALID
james7598@upi,cust105035,sbi,savings,2024-08-16,active,VALID
anthony2760@upi,cust105222,pnb,credit_card_linked,2025-04-22,active,VALID
michael9408@upi,cust109052,axis,savings,2024-07-28,active,VALID
brian8625@upi,cust101866,hdfc,current,2025-06-05,blocked,VALID
suzanne7771@upi,cust102718,axis,current,2021-10-24,active,VALID
ashley7024@upi,cust102153,kotak,credit_card_linked,2025-05-17,active,VALID
edward9472@upi,cust102722,axis,savings,2025-04-18,active,VALID
jessica2552@upi,cust104353,pnb,savings,2023-05-11,active,VALID
ian2485@upi,cust109614,axis,savings,2024-12-18,active,VALID
larry5757@upi,cust108895,sbi,credit_card_linked,2024-08-28,active,VALID
mike7134@upi,cust105005,icici,current,2025-07-30,active,VALID
cathy7745@upi,cust104326,kotak,credit_card_linked,2024-01-13,active,VALID
jennifer7412@upi,cust103855,kotak,credit_card_linked,2024-10-24,active,VALID
shane3774@upi,cust109793,sbi,savings,2024-01-17,active,VALID
miguel7213@upi,cust109235,hdfc,credit_card_linked,2024-03-06,active,VALID
lucas6480@upi,cust109684,hdfc,savings,2025-06-13,active,VALID
jeremy7239@upi,cust106472,sbi,credit_card_linked,2025-05-03,active,VALID
holly3837@upi,cust106430,icici,current,2024-07-07,active,VALID
troy4049@upi,cust105890,sbi,savings,2024-10-15,active,VALID
peter6471@upi,cust101341,kotak,current,2021-11-03,active,VALID
christopher1415@upi,cust105637,sbi,credit_card_linked,2025-07-19,active,VALID
daniel8404@upi,cust101431,axis,savings,2024-09-19,active,VALID
derrick4436@upi,cust103969,sbi,savings,2025-04-10,active,VALID
mark8791@upi,cust104378,axis,current,2025-07-11,active,VALID
joseph6214@upi,cust102904,kotak,savings,2023-11-06,active,VALID
daniel7240@upi,cust100763,hdfc,current,2023-05-13,active,VALID
stephen4349@upi,cust106766,pnb,savings,2024-06-16,blocked,VALID
jamie1167@upi,cust101879,axis,current,2023-04-13,active,VALID
john9153@upi,cust109822,pnb,credit_card_linked,2022-07-07,active,VALID
sean1636@upi,cust101825,hdfc,savings,2023-06-23,active,VALID
paul6181@upi,cust101014,pnb,credit_card_linked,2024-09-04,suspended,VALID
daniel5771@upi,cust106365,hdfc,credit_card_linked,2025-04-11,active,VALID
benjamin8039@upi,cust101265,hdfc,credit_card_linked,2025-03-19,active,VALID
christie7292@upi,cust100799,icici,current,2025-06-16,suspended,VALID
haley6875@upi,cust100002,axis,credit_card_linked,2022-02-15,active,VALID
barbara4172@upi,cust107821,hdfc,savings,2025-07-10,active,VALID
rebekah4740@upi,cust102585,sbi,credit_card_linked,2025-03-03,active,VALID
brendan2583@upi,cust102938,axis,savings,2024-01-05,active,VALID
kristin6846@upi,cust104536,hdfc,savings,2025-07-03,active,VALID
brandon4318@upi,cust105672,sbi,credit_card_linked,2024-07-30,active,VALID
jonathan3903@upi,cust106498,sbi,current,2025-07-02,active,VALID
emily5320@upi,cust109937,hdfc,current,2025-03-12,suspended,VALID
craig6194@upi,cust109648,axis,savings,2025-07-07,active,VALID
mary9569@upi,cust106329,axis,credit_card_linked,2025-07-05,active,VALID
jonathan7943@upi,cust109490,pnb,credit_card_linked,2024-05-07,active,VALID
charles2604@upi,cust105551,hdfc,current,2025-08-05,active,VALID
matthew2029@upi,cust102483,hdfc,savings,2024-02-07,active,VALID
alice2090@upi,cust104394,axis,current,2024-10-12,active,VALID
austin3002@upi,cust108077,kotak,current,2021-12-14,blocked,VALID
tara4616@upi,cust104647,sbi,credit_card_linked,2024-01-25,active,VALID
robert5905@upi,cust102540,pnb,savings,2023-08-28,active,VALID
michael6623@upi,cust103331,pnb,savings,2024-09-09,active,VALID
andrew1245@upi,cust100246,sbi,current,2025-03-02,active,VALID
suzanne8647@upi,cust104929,hdfc,credit_card_linked,2022-12-06,active,VALID
paige5753@upi,cust104559,kotak,current,2025-03-11,active,VALID
lisa6231@upi,cust106066,pnb,savings,2025-08-05,blocked,VALID
michael7644@upi,cust109585,hdfc,credit_card_linked,2025-05-24,active,VALID
vanessa5681@upi,cust101583,hdfc,savings,2024-12-22,active,VALID
trevor2002@upi,cust106876,kotak,current,2024-12-28,active,VALID
robert9931@upi,cust105978,axis,current,2025-06-20,active,VALID
rebecca5051@upi,cust100373,hdfc,savings,2024-08-28,active,VALID
kyle8947@upi,cust104977,icici,current,2024-05-03,active,VALID
emily6074@upi,cust108531,kotak,credit_card_linked,2025-07-21,active,VALID
jane8331@upi,cust102572,kotak,credit_card_linked,2024-04-29,active,VALID
crystal7368@upi,cust104143,icici,savings,2024-11-25,active,VALID
amanda3155@upi,cust107208,sbi,current,2024-05-31,active,VALID
loretta8330@upi,cust105309,kotak,credit_card_linked,2024-11-20,active,VALID
martha2574@upi,cust106728,pnb,current,2021-06-14,active,VALID
todd5799@upi,cust103679,hdfc,current,2025-04-18,active,VALID
lori5981@upi,cust104253,pnb,credit_card_linked,2023-04-30,blocked,VALID
debbie5784@upi,cust106792,icici,current,2025-05-19,active,VALID
michael9017@upi,cust109451,pnb,current,2022-02-13,active,VALID
logan2905@upi,cust108312,kotak,current,2024-05-13,active,VALID
joseph6843@upi,cust101630,axis,credit_card_linked,2025-01-03,active,VALID
jeffrey7761@upi,cust104631,icici,credit_card_linked,2025-05-20,active,VALID
steven4797@upi,cust106678,kotak,credit_card_linked,2024-05-06,active,VALID
kelly9735@upi,cust103662,axis,current,2024-05-10,active,VALID
barry6068@upi,cust102870,sbi,savings,2023-01-02,active,VALID
james4845@upi,cust101807,axis,savings,2022-09-06,active,VALID
christy3137@upi,cust102985,kotak,savings,2025-05-07,active,VALID
jason7217@upi,cust108389,hdfc,credit_card_linked,2024-12-09,active,VALID
jennifer8827@upi,cust107011,kotak,credit_card_linked,2022-09-01,suspended,VALID
emma8556@upi,cust103733,axis,current,2022-08-04,active,VALID
dr.6757@upi,cust107928,hdfc,savings,2024-05-24,active,VALID
terry6045@upi,cust106572,sbi,credit_card_linked,2025-05-31,active,VALID
jessica5928@upi,cust104827,kotak,savings,2025-04-18,blocked,VALID
mark6773@upi,cust108506,sbi,credit_card_linked,2025-07-22,active,VALID
courtney8074@upi,cust104883,sbi,savings,2024-11-11,active,VALID
carolyn6482@upi,cust108598,pnb,current,2024-01-12,active,VALID
mrs.6563@upi,cust106247,icici,current,2024-12-16,active,VALID
aaron2136@upi,cust106141,icici,credit_card_linked,2024-10-30,active,VALID
jacqueline3711@upi,cust105927,kotak,credit_card_linked,2024-12-12,active,VALID
kristina8244@upi,cust103138,sbi,current,2025-07-31,suspended,VALID
zachary8828@upi,cust107078,axis,credit_card_linked,2024-07-01,active,VALID
joshua3191@upi,cust102596,kotak,credit_card_linked,2023-04-24,active,VALID
sarah2002@upi,cust100566,kotak,current,2024-02-29,active,VALID
diane5066@upi,cust109951,kotak,current,2023-06-05,active,VALID
michael5279@upi,cust105708,axis,savings,2023-04-26,active,VALID
nathan8320@upi,cust102825,hdfc,current,2023-06-27,active,VALID
edward3672@upi,cust102567,hdfc,savings,2023-03-09,active,VALID
melinda1400@upi,cust106223,kotak,savings,2025-07-30,active,VALID
mr.1694@upi,cust102969,pnb,credit_card_linked,2024-08-09,active,VALID
jessica1751@upi,cust103579,sbi,credit_card_linked,2024-04-22,active,VALID
mrs.6714@upi,cust105199,axis,savings,2025-07-01,blocked,VALID
sherri7192@upi,cust101588,icici,savings,2022-09-15,active,VALID
michelle6587@upi,cust107956,axis,savings,2025-07-30,active,VALID
scott9893@upi,cust107911,icici,current,2024-08-30,active,VALID
misty7355@upi,cust109198,pnb,credit_card_linked,2025-05-24,active,VALID
wesley8775@upi,cust103957,pnb,savings,2025-04-03,active,VALID
wesley1609@upi,cust100132,sbi,savings,2024-08-15,active,VALID
mr.6284@upi,cust106091,hdfc,savings,2025-03-23,active,VALID
jaime1287@upi,cust101832,pnb,current,2024-11-23,active,VALID
wendy3108@upi,cust105276,hdfc,current,2024-08-07,active,VALID
stephanie4887@upi,cust100034,axis,savings,2024-09-18,active,VALID
erin3019@upi,cust105342,kotak,savings,2024-02-10,active,VALID
lisa2335@upi,cust102977,icici,savings,2024-02-09,active,VALID
lindsey9124@upi,cust106064,kotak,savings,2025-04-07,active,VALID
david8267@upi,cust106429,sbi,savings,2023-04-18,active,VALID
antonio1258@upi,cust109058,hdfc,savings,2025-07-17,active,VALID
mary4171@upi,cust100940,axis,savings,2025-01-31,suspended,VALID
matthew9750@upi,cust101110,axis,current,2023-10-23,blocked,VALID
cynthia4809@upi,cust103586,axis,current,2022-10-06,active,VALID
shawn9267@upi,cust100419,kotak,savings,2025-05-29,active,VALID
benjamin4048@upi,cust103146,sbi,savings,2023-05-31,active,VALID
michelle1417@upi,cust108714,icici,current,2025-01-03,active,VALID
ryan3222@upi,cust103336,axis,current,2025-04-12,active,VALID
gregory1798@upi,cust109990,hdfc,savings,2022-11-25,active,VALID
william5948@upi,cust103578,sbi,savings,2022-12-29,active,VALID
charles3401@upi,cust101205,pnb,current,2024-01-12,active,VALID
mr.8436@upi,cust105909,axis,savings,2025-01-16,active,VALID
deborah2147@upi,cust101409,pnb,current,2023-10-25,active,VALID
dustin4980@upi,cust107133,axis,credit_card_linked,2022-09-20,active,VALID
peter9292@upi,cust104450,sbi,current,2024-05-12,active,VALID
timothy7370@upi,cust105021,icici,current,2025-05-24,active,VALID
sharon7209@upi,cust103081,icici,credit_card_linked,2024-07-31,active,VALID
julie7449@upi,cust103106,kotak,credit_card_linked,2025-04-10,active,VALID
danny6977@upi,cust106522,kotak,savings,2025-01-21,active,VALID
morgan4996@upi,cust104327,sbi,savings,2021-04-03,blocked,VALID
taylor8274@upi,cust102229,axis,credit_card_linked,2024-09-20,active,VALID
victoria2240@upi,cust109019,hdfc,savings,2022-02-09,active,VALID
amanda3686@upi,cust103452,pnb,credit_card_linked,2025-03-18,active,VALID
mario8627@upi,cust106552,icici,savings,2023-05-08,active,VALID
jennifer8469@upi,cust101239,pnb,current,2025-07-13,active,VALID
mark1379@upi,cust101943,axis,savings,2025-08-04,active,VALID
jennifer6982@upi,cust104503,icici,credit_card_linked,2025-07-12,active,VALID
justin5406@upi,cust106483,icici,current,2024-02-28,active,VALID
patrick3917@upi,cust108443,sbi,savings,2025-05-26,active,VALID
joy4273@upi,cust102413,sbi,credit_card_linked,2024-11-19,active,VALID
andrew1908@upi,cust102020,icici,savings,2025-03-30,active,VALID
pamela9609@upi,cust106240,hdfc,current,2021-03-19,active,VALID
ann5660@upi,cust109319,axis,current,2024-02-07,active,VALID
william8753@upi,cust107268,sbi,savings,2024-05-26,active,VALID
vicki3040@upi,cust107963,pnb,current,2025-06-28,active,VALID
lauren5141@upi,cust100020,axis,savings,2024-10-31,active,VALID
robert4227@upi,cust103605,icici,current,2025-07-29,active,VALID
carla2395@upi,cust106720,sbi,credit_card_linked,2024-03-04,active,VALID
maureen3255@upi,cust101561,pnb,savings,2022-12-03,active,VALID
ronald5531@upi,cust103560,sbi,credit_card_linked,2023-08-06,active,VALID
angie4523@upi,cust103829,sbi,savings,2024-11-13,active,VALID
charles1206@upi,cust103869,kotak,savings,2025-04-27,active,VALID
jackie4894@upi,cust102947,icici,savings,2024-08-25,active,VALID
kevin5701@upi,cust103709,pnb,current,2024-09-22,active,VALID
erik5929@upi,cust105231,hdfc,current,2024-07-06,active,VALID
mrs.4281@upi,cust102292,hdfc,savings,2025-06-29,active,VALID
erin5794@upi,cust107555,pnb,current,2024-04-05,active,VALID
sydney8111@upi,cust105156,kotak,credit_card_linked,2022-11-06,active,VALID
danielle4167@upi,cust106497,kotak,current,2024-04-27,active,VALID
ms.5869@upi,cust109124,pnb,credit_card_linked,2024-06-15,active,VALID
maria9214@upi,cust101446,icici,current,2025-06-08,active,VALID
matthew8763@upi,cust104317,sbi,current,2023-11-17,active,VALID
laura7519@upi,cust100710,sbi,savings,2025-07-18,active,VALID
larry4004@upi,cust103629,axis,current,2025-03-04,active,VALID
jeffrey3227@upi,cust100779,kotak,current,2025-01-30,active,VALID
michael1552@upi,cust109196,icici,credit_card_linked,2023-03-04,active,VALID
tammy6543@upi,cust104837,sbi,savings,2025-07-31,active,VALID
joshua8907@upi,cust102272,icici,current,2023-05-06,active,VALID
leah8396@upi,cust109051,axis,savings,2025-07-18,active,VALID
courtney2958@upi,cust100757,axis,current,2023-04-22,active,VALID
joel3697@upi,cust103213,sbi,credit_card_linked,2025-06-10,active,VALID
marissa5287@upi,cust108302,pnb,credit_card_linked,2022-11-20,active,VALID
christina1886@upi,cust100902,pnb,credit_card_linked,2025-01-02,active,VALID
kristen4399@upi,cust105425,hdfc,credit_card_linked,2024-06-09,active,VALID
linda2505@upi,cust108706,axis,credit_card_linked,2024-05-24,active,VALID
craig4856@upi,cust106760,pnb,savings,2025-01-16,active,VALID
james2051@upi,cust100443,sbi,current,2025-06-14,active,VALID
shannon9730@upi,cust108318,icici,savings,2025-06-08,active,VALID
michael1492@upi,cust101628,axis,savings,2025-06-17,blocked,VALID
natasha4294@upi,cust105228,icici,credit_card_linked,2022-09-15,active,VALID
nicholas3329@upi,cust104825,hdfc,savings,2023-08-09,active,VALID
john1340@upi,cust102383,pnb,credit_card_linked,2024-02-22,active,VALID
jeremy7478@upi,cust101677,pnb,savings,2022-01-06,active,VALID
angela6070@upi,cust107899,sbi,current,2025-06-25,active,VALID
joseph2587@upi,cust108894,kotak,savings,2022-10-12,active,VALID
patrick8070@upi,cust104252,axis,credit_card_linked,2025-01-19,active,VALID
ricky7790@upi,cust103054,pnb,savings,2024-03-17,active,VALID
jacob8263@upi,cust103641,axis,savings,2025-05-28,active,VALID
cynthia5547@upi,cust105979,pnb,credit_card_linked,2024-01-18,active,VALID
dominique2709@upi,cust102376,pnb,savings,2022-07-01,active,VALID
katrina6363@upi,cust104626,icici,credit_card_linked,2022-04-20,active,VALID
steven8531@upi,cust103716,kotak,savings,2023-09-03,active,VALID
david7236@upi,cust104292,pnb,current,2022-03-28,active,VALID
david5647@upi,cust100924,pnb,savings,2023-11-14,active,VALID
brian1757@upi,cust104799,axis,savings,2024-09-11,active,VALID
tammy5759@upi,cust106780,kotak,current,2025-08-03,active,VALID
melissa2383@upi,cust107361,pnb,current,2024-07-13,active,VALID
john5690@upi,cust102383,hdfc,current,2024-04-06,active,VALID
shannon7791@upi,cust101531,hdfc,credit_card_linked,2025-07-25,active,VALID
jeremiah6917@upi,cust109341,hdfc,credit_card_linked,2025-03-28,active,VALID
mrs.7887@upi,cust109501,hdfc,savings,2023-05-23,active,VALID
matthew7983@upi,cust104994,axis,current,2025-07-23,active,VALID
monique4075@upi,cust106414,icici,savings,2025-04-25,suspended,VALID
shannon9165@upi,cust102486,pnb,current,2021-12-15,active,VALID
tina2855@upi,cust109237,hdfc,current,2024-06-05,active,VALID
jenna8371@upi,cust102782,icici,current,2025-07-25,active,VALID
mark3422@upi,cust104053,hdfc,current,2023-12-14,blocked,VALID
mark7200@upi,cust104606,kotak,credit_card_linked,2023-11-04,active,VALID
phyllis2769@upi,cust107683,pnb,current,2025-06-15,active,VALID
victoria4482@upi,cust100033,axis,savings,2025-02-26,active,VALID
rebecca8519@upi,cust108467,sbi,savings,2023-06-20,active,VALID
maria1017@upi,cust100386,icici,current,2025-02-19,active,VALID
victor7366@upi,cust107302,kotak,current,2024-10-31,active,VALID
kendra1427@upi,cust107970,icici,savings,2022-11-18,active,VALID
david9735@upi,cust106733,icici,current,2022-10-29,active,VALID
cheryl4442@upi,cust108769,axis,credit_card_linked,2020-12-24,active,VALID
wanda1733@upi,cust107579,sbi,credit_card_linked,2024-09-25,active,VALID
francisco1036@upi,cust104904,axis,current,2025-06-02,active,VALID
claudia2815@upi,cust101116,icici,current,2025-05-16,active,VALID
kelly3999@upi,cust104099,hdfc,current,2024-10-13,active,VALID
kathleen2795@upi,cust106372,pnb,savings,2022-05-18,active,VALID
victoria2376@upi,cust105521,pnb,savings,2022-12-19,active,VALID
brian8794@upi,cust109482,sbi,current,2025-07-08,active,VALID
robert8145@upi,cust109649,pnb,credit_card_linked,2024-07-05,active,VALID
michael7288@upi,cust109555,hdfc,credit_card_linked,2025-07-13,active,VALID
thomas8292@upi,cust103838,sbi,savings,2025-07-19,active,VALID
melissa6777@upi,cust105378,hdfc,credit_card_linked,2025-05-24,active,VALID
anthony1903@upi,cust104613,pnb,savings,2025-01-13,active,VALID
amber5725@upi,cust102614,hdfc,savings,2024-09-03,active,VALID
sarah4400@upi,cust106028,pnb,current,2024-10-11,active,VALID
tiffany6411@upi,cust104313,pnb,savings,2025-03-12,active,VALID
anthony3098@upi,cust104613,kotak,current,2023-10-19,active,VALID
deborah4152@upi,cust101409,icici,current,2023-10-06,active,VALID
dylan1011@upi,cust100975,icici,current,2025-05-09,active,VALID
robert6145@upi,cust103284,axis,savings,2022-05-18,active,VALID
suzanne8982@upi,cust100895,hdfc,current,2025-05-07,active,VALID
anthony3656@upi,cust102661,sbi,current,2023-09-16,blocked,VALID
deanna8976@upi,cust109752,icici,savings,2023-08-16,active,VALID
christina4305@upi,cust109034,kotak,current,2024-04-07,active,VALID
julie4110@upi,cust102696,hdfc,current,2025-01-10,active,VALID
amy6386@upi,cust107362,hdfc,credit_card_linked,2025-04-08,active,VALID
kiara4874@upi,cust105807,hdfc,credit_card_linked,2024-10-31,active,VALID
cassandra5931@upi,cust109970,axis,savings,2025-01-02,active,VALID
teresa3520@upi,cust106802,icici,savings,2022-05-08,active,VALID
ashley9277@upi,cust101838,kotak,current,2023-05-27,active,VALID
gregory6740@upi,cust106920,axis,savings,2021-05-12,active,VALID
jody4171@upi,cust107267,axis,savings,2023-04-01,active,VALID
pamela4267@upi,cust108632,kotak,current,2024-10-24,active,VALID
miranda9028@upi,cust101568,icici,savings,2023-08-29,active,VALID
gregory8493@upi,cust107056,sbi,credit_card_linked,2023-01-06,active,VALID
susan8005@upi,cust109553,pnb,credit_card_linked,2024-10-11,active,VALID
edward1507@upi,cust108488,sbi,current,2025-07-29,active,VALID
lawrence4012@upi,cust108323,sbi,savings,2024-07-31,active,VALID
michael1667@upi,cust102194,kotak,current,2023-07-02,active,VALID
tina4554@upi,cust100446,sbi,credit_card_linked,2023-05-24,active,VALID
april3751@upi,cust107924,kotak,savings,2025-06-11,active,VALID
gregory5920@upi,cust106301,hdfc,current,2025-06-05,active,VALID
bobby7338@upi,cust107627,kotak,current,2023-12-07,active,VALID
matthew6634@upi,cust100538,sbi,savings,2025-07-27,active,VALID
mr.8385@upi,cust104438,hdfc,current,2022-10-14,active,VALID
joshua3361@upi,cust105701,kotak,credit_card_linked,2023-01-15,active,VALID
marc8714@upi,cust105722,sbi,savings,2025-03-20,active,VALID
john9284@upi,cust106554,axis,current,2024-05-09,active,VALID
richard3374@upi,cust106854,icici,current,2024-10-29,active,VALID
elizabeth6769@upi,cust106602,axis,savings,2025-01-16,active,VALID
william4752@upi,cust101483,hdfc,current,2023-12-26,active,VALID
krista2326@upi,cust100206,kotak,credit_card_linked,2025-06-12,active,VALID
nicholas3761@upi,cust108234,sbi,credit_card_linked,2024-08-04,active,VALID
tonya6398@upi,cust107979,sbi,current,2024-03-23,active,VALID
joel5399@upi,cust100043,kotak,credit_card_linked,2025-02-21,active,VALID
kimberly1436@upi,cust100118,icici,savings,2025-03-04,suspended,VALID
steven7130@upi,cust102145,sbi,credit_card_linked,2025-05-10,active,VALID
benjamin6999@upi,cust105388,sbi,credit_card_linked,2024-01-30,active,VALID
brett8311@upi,cust107236,pnb,current,2025-07-09,active,VALID
patty7914@upi,cust109076,hdfc,savings,2025-04-01,active,VALID
veronica9299@upi,cust103432,axis,credit_card_linked,2025-07-10,active,VALID
christopher8348@upi,cust109552,sbi,current,2023-09-12,active,VALID
linda4588@upi,cust108706,hdfc,savings,2021-12-23,active,VALID
donald3764@upi,cust106002,pnb,savings,2024-06-25,active,VALID
eric1463@upi,cust104265,icici,credit_card_linked,2023-04-19,active,VALID
david3744@upi,cust108274,sbi,current,2022-09-06,active,VALID
jermaine6725@upi,cust107283,icici,savings,2024-03-13,active,VALID
stephanie2376@upi,cust105844,sbi,savings,2022-08-24,active,VALID
eddie6501@upi,cust103594,icici,savings,2025-04-26,active,VALID
ashley2561@upi,cust103591,icici,savings,2025-02-10,active,VALID
jennifer2899@upi,cust100656,sbi,savings,2024-09-17,blocked,VALID
jennifer7814@upi,cust103208,kotak,current,2022-08-14,active,VALID
brian4310@upi,cust102997,icici,current,2025-07-08,active,VALID
james2923@upi,cust106231,pnb,current,2021-09-17,active,VALID
hunter4639@upi,cust103790,pnb,savings,2025-05-18,active,VALID
monique5137@upi,cust101236,pnb,savings,2025-01-22,active,VALID
leah4128@upi,cust109051,hdfc,credit_card_linked,2025-02-17,active,VALID
sandra4085@upi,cust107477,hdfc,current,2024-12-28,active,VALID
ronald1836@upi,cust102649,icici,credit_card_linked,2021-06-17,active,VALID
joshua6787@upi,cust105252,icici,current,2025-03-11,active,VALID
karen1687@upi,cust100145,sbi,current,2021-04-22,active,VALID
cody7041@upi,cust100683,sbi,savings,2024-08-01,active,VALID
jason3390@upi,cust109021,kotak,savings,2025-06-11,active,VALID
kelsey8236@upi,cust107570,kotak,savings,2025-05-17,active,VALID
brenda3377@upi,cust103543,icici,savings,2021-10-29,active,VALID
sue6562@upi,cust103484,kotak,current,2024-10-23,active,VALID
kaitlyn8063@upi,cust104144,hdfc,savings,2022-09-13,active,VALID
oscar8502@upi,cust104400,kotak,current,2025-05-16,active,VALID
aimee3894@upi,cust104011,hdfc,savings,2025-05-02,suspended,VALID
rachel1870@upi,cust109056,axis,current,2024-01-25,active,VALID
tiffany1840@upi,cust108737,icici,current,2022-09-22,active,VALID
nancy4545@upi,cust103571,sbi,current,2025-05-05,active,VALID
troy8367@upi,cust108190,sbi,current,2024-07-08,active,VALID
erica7753@upi,cust108871,axis,credit_card_linked,2025-04-30,active,VALID
jessica1326@upi,cust101436,pnb,savings,2025-01-12,active,VALID
annette1215@upi,cust105616,sbi,savings,2025-05-21,active,VALID
sandra8263@upi,cust107532,axis,savings,2025-07-10,active,VALID
amanda3757@upi,cust103958,kotak,savings,2024-11-18,active,VALID
hayden8494@upi,cust103742,kotak,savings,2024-01-21,active,VALID
christopher3000@upi,cust101959,pnb,current,2021-09-25,active,VALID
jeremy7426@upi,cust103166,pnb,current,2025-05-19,active,VALID
jacqueline8025@upi,cust104345,axis,credit_card_linked,2025-05-28,active,VALID
damon9514@upi,cust106764,sbi,credit_card_linked,2025-02-07,active,VALID
tiffany8386@upi,cust106158,pnb,current,2025-03-05,active,VALID
michelle5003@upi,cust102952,kotak,savings,2023-08-31,active,VALID
michelle5556@upi,cust105262,pnb,current,2025-01-02,active,VALID
christina9589@upi,cust106738,kotak,savings,2023-05-29,active,VALID
franklin7938@upi,cust100896,icici,current,2025-07-05,active,VALID
thomas4681@upi,cust103932,axis,current,2025-01-16,active,VALID
marcus5534@upi,cust109634,sbi,savings,2023-05-29,active,VALID
kim6100@upi,cust105774,kotak,savings,2024-11-22,active,VALID
christian2198@upi,cust101474,axis,credit_card_linked,2025-01-17,active,VALID
bruce9797@upi,cust102708,sbi,credit_card_linked,2023-10-21,active,VALID
cindy3741@upi,cust109276,axis,current,2022-11-18,active,VALID
randy5163@upi,cust107685,kotak,savings,2025-07-31,active,VALID
rebecca3052@upi,cust101699,axis,credit_card_linked,2024-12-03,active,VALID
kevin5360@upi,cust102664,pnb,credit_card_linked,2025-01-15,active,VALID
stephanie3568@upi,cust109971,icici,current,2023-02-08,active,VALID
nicholas7800@upi,cust106338,icici,current,2022-01-13,active,VALID
charles2744@upi,cust107856,kotak,credit_card_linked,2025-05-17,active,VALID
stephen3554@upi,cust105053,axis,credit_card_linked,2023-01-20,active,VALID
michael8123@upi,cust106650,icici,credit_card_linked,2024-10-26,active,VALID
david3729@upi,cust103787,hdfc,credit_card_linked,2024-08-09,active,VALID
mario3740@upi,cust107176,axis,credit_card_linked,2025-03-31,active,VALID
james2942@upi,cust100540,pnb,current,2023-02-10,active,VALID
christopher2502@upi,cust108395,hdfc,current,2025-08-05,active,VALID
renee9606@upi,cust103485,sbi,credit_card_linked,2023-09-20,active,VALID
melinda4341@upi,cust100562,sbi,credit_card_linked,2025-07-19,active,VALID
jennifer1721@upi,cust108272,sbi,current,2022-07-17,active,VALID
robert6098@upi,cust106298,pnb,current,2021-07-04,active,VALID
linda1992@upi,cust108711,sbi,savings,2025-04-19,active,VALID
matthew3318@upi,cust109948,icici,savings,2025-03-11,active,VALID
marilyn8229@upi,cust100603,hdfc,current,2025-01-18,active,VALID
patrick3535@upi,cust107776,icici,savings,2025-03-14,active,VALID
dr.1266@upi,cust103735,pnb,credit_card_linked,2021-12-07,active,VALID
nicholas9146@upi,cust101458,pnb,current,2025-08-01,active,VALID
linda4598@upi,cust103402,sbi,credit_card_linked,2025-02-18,active,VALID
debra5759@upi,cust101304,axis,savings,2024-03-06,active,VALID
rhonda1082@upi,cust101379,axis,credit_card_linked,2024-06-07,active,VALID
austin2651@upi,cust105415,icici,current,2025-06-23,active,VALID
stephanie2381@upi,cust102616,sbi,current,2023-12-22,active,VALID
eric2390@upi,cust105354,pnb,current,2021-05-09,active,VALID
dylan6073@upi,cust102794,pnb,credit_card_linked,2022-04-14,active,VALID
paul9364@upi,cust108844,hdfc,savings,2022-11-25,active,VALID
deborah9814@upi,cust109994,sbi,current,2025-08-05,active,VALID
jacob6628@upi,cust101325,sbi,credit_card_linked,2022-12-25,active,VALID
justin8852@upi,cust101145,icici,current,2025-07-28,active,VALID
richard1785@upi,cust103678,kotak,savings,2025-06-07,active,VALID
kyle1550@upi,cust107947,axis,savings,2025-04-29,active,VALID
donna4920@upi,cust108789,hdfc,credit_card_linked,2025-07-09,suspended,VALID
leslie8939@upi,cust102970,axis,savings,2025-05-30,active,VALID
andres1675@upi,cust109274,pnb,credit_card_linked,2024-08-24,active,VALID
jennifer2486@upi,cust103561,sbi,savings,2025-03-28,active,VALID
patrick5088@upi,cust108443,sbi,credit_card_linked,2024-12-26,active,VALID
amy5661@upi,cust108366,sbi,credit_card_linked,2025-07-13,active,VALID
christina7050@upi,cust101492,pnb,current,2023-06-23,active,VALID
phillip1554@upi,cust103882,sbi,savings,2024-04-02,active,VALID
christina9442@upi,cust109474,kotak,current,2022-03-07,suspended,VALID
sara9181@upi,cust104169,pnb,credit_card_linked,2023-01-15,active,VALID
john8030@upi,cust105431,pnb,savings,2022-06-01,active,VALID
chelsea3375@upi,cust107153,pnb,savings,2025-07-01,active,VALID
joseph9449@upi,cust102226,kotak,current,2023-11-22,active,VALID
rachel5207@upi,cust104808,pnb,current,2024-03-13,active,VALID
robert6486@upi,cust102540,axis,savings,2023-11-24,active,VALID
eric7848@upi,cust100563,axis,current,2023-10-03,blocked,VALID
karen4325@upi,cust104314,hdfc,savings,2025-07-03,active,VALID
linda6603@upi,cust101187,axis,current,2024-02-11,active,VALID
jeffery3545@upi,cust105831,icici,current,2025-02-16,active,VALID
jason9988@upi,cust103158,sbi,savings,2023-10-16,active,VALID
marissa1202@upi,cust105865,hdfc,credit_card_linked,2025-03-17,active,VALID
travis2481@upi,cust109769,sbi,savings,2025-07-15,active,VALID
steven8038@upi,cust102145,sbi,credit_card_linked,2025-08-02,active,VALID
michael5082@upi,cust109272,hdfc,credit_card_linked,2025-07-08,active,VALID
christopher1130@upi,cust101698,kotak,savings,2025-04-01,active,VALID
andrew7832@upi,cust107305,icici,credit_card_linked,2025-07-09,active,VALID
courtney6097@upi,cust103365,sbi,savings,2025-02-13,active,VALID
hannah2802@upi,cust109795,hdfc,credit_card_linked,2024-01-22,active,VALID
michael6148@upi,cust107024,kotak,credit_card_linked,2025-04-27,active,VALID
jillian5067@upi,cust104605,sbi,credit_card_linked,2025-07-13,suspended,VALID
shawn3822@upi,cust106398,sbi,current,2022-04-29,active,VALID
karen8312@upi,cust100200,sbi,credit_card_linked,2024-12-25,active,VALID
anthony5820@upi,cust108932,icici,current,2024-11-16,active,VALID
angel2319@upi,cust102636,axis,current,2024-04-25,active,VALID
cathy2152@upi,cust108231,hdfc,credit_card_linked,2024-05-05,active,VALID
mary1654@upi,cust102227,pnb,current,2021-05-18,active,VALID
mario8599@upi,cust106552,pnb,credit_card_linked,2021-08-17,active,VALID
emily9182@upi,cust108049,kotak,savings,2025-07-28,active,VALID
robert8525@upi,cust104337,pnb,savings,2025-07-19,active,VALID
charles7064@upi,cust104708,hdfc,savings,2023-10-10,active,VALID
michelle5791@upi,cust102788,kotak,current,2024-03-11,active,VALID
kendra6223@upi,cust102942,hdfc,savings,2022-09-11,suspended,VALID
ashley8290@upi,cust100934,hdfc,current,2024-01-22,active,VALID
mary7006@upi,cust106803,hdfc,current,2024-09-20,active,VALID
anna1485@upi,cust100792,kotak,savings,2025-05-05,suspended,VALID
randy2280@upi,cust107085,hdfc,savings,2025-02-07,active,VALID
deborah9233@upi,cust109719,hdfc,current,2024-09-12,active,VALID
gregory9740@upi,cust102302,kotak,savings,2024-09-12,active,VALID
ellen9503@upi,cust102835,hdfc,current,2024-02-19,active,VALID
douglas4771@upi,cust106657,sbi,credit_card_linked,2023-02-20,active,VALID
erica6551@upi,cust108824,axis,savings,2025-07-19,active,VALID
jason6927@upi,cust106122,pnb,savings,2024-11-07,active,VALID
lisa3368@upi,cust100188,axis,current,2024-11-07,active,VALID
franklin5022@upi,cust100521,kotak,savings,2022-01-14,active,VALID
anna7084@upi,cust103528,kotak,credit_card_linked,2021-09-12,active,VALID
lynn7801@upi,cust109687,sbi,savings,2025-03-27,suspended,VALID
catherine1455@upi,cust102231,pnb,savings,2024-05-21,blocked,VALID
matthew4124@upi,cust108347,kotak,credit_card_linked,2024-08-24,active,VALID
wendy9955@upi,cust107585,sbi,current,2025-07-23,active,VALID
lisa1544@upi,cust105159,axis,credit_card_linked,2025-06-14,active,VALID
nicole9269@upi,cust107320,icici,savings,2025-05-08,blocked,VALID
tyler8079@upi,cust103300,sbi,credit_card_linked,2024-12-15,active,VALID
angel6706@upi,cust105191,icici,credit_card_linked,2024-02-13,active,VALID
patrick3474@upi,cust102435,hdfc,credit_card_linked,2024-08-24,active,VALID
michael4244@upi,cust103034,sbi,current,2023-09-02,active,VALID
natalie1188@upi,cust104290,hdfc,current,2025-07-12,active,VALID
maria3499@upi,cust104810,kotak,credit_card_linked,2022-10-31,active,VALID
cynthia6518@upi,cust108881,axis,savings,2024-12-26,active,VALID
vincent1118@upi,cust104212,hdfc,credit_card_linked,2025-07-02,active,VALID
andrew8951@upi,cust100522,pnb,credit_card_linked,2024-12-17,active,VALID
pamela2789@upi,cust108987,hdfc,savings,2024-10-14,active,VALID
james2760@upi,cust105970,icici,current,2024-06-01,active,VALID
dr.2592@upi,cust104670,icici,savings,2024-12-01,active,VALID
anthony4096@upi,cust104872,kotak,savings,2022-07-13,active,VALID
donald8212@upi,cust108345,sbi,current,2022-06-23,active,VALID
carol6850@upi,cust100576,sbi,savings,2025-04-06,active,VALID
jessica2291@upi,cust101894,icici,credit_card_linked,2022-12-04,active,VALID
brandon4419@upi,cust104176,axis,credit_card_linked,2023-04-07,blocked,VALID
angela2510@upi,cust109830,icici,savings,2025-03-30,active,VALID
brian8518@upi,cust104826,icici,savings,2024-01-27,active,VALID
eric4879@upi,cust103342,kotak,credit_card_linked,2022-08-22,active,VALID
nicole1825@upi,cust103427,sbi,credit_card_linked,2024-02-03,active,VALID
rhonda3138@upi,cust105706,icici,current,2024-06-29,active,VALID
jonathan7815@upi,cust108539,hdfc,credit_card_linked,2023-11-11,active,VALID
stephen9427@upi,cust109160,axis,current,2024-03-08,active,VALID
brandon6306@upi,cust109190,hdfc,credit_card_linked,2022-11-21,active,VALID
tiffany2008@upi,cust101500,pnb,current,2025-03-03,active,VALID
tyler3663@upi,cust103300,hdfc,savings,2025-05-06,active,VALID
marisa2638@upi,cust106244,kotak,savings,2024-10-18,blocked,VALID
yvonne5494@upi,cust104146,sbi,current,2022-11-27,active,VALID
victoria4353@upi,cust106036,axis,savings,2025-02-11,active,VALID
john1493@upi,cust105434,pnb,current,2021-10-19,active,VALID
jennifer3616@upi,cust109595,sbi,savings,2021-11-28,active,VALID
cassandra7959@upi,cust104196,hdfc,savings,2021-08-31,active,VALID
natasha9498@upi,cust106963,hdfc,credit_card_linked,2024-09-02,active,VALID
kevin6059@upi,cust102856,pnb,savings,2024-07-30,active,VALID
timothy3056@upi,cust101716,hdfc,credit_card_linked,2025-05-02,active,VALID
jamie6347@upi,cust100897,sbi,current,2025-06-21,active,VALID
michelle8630@upi,cust104570,sbi,credit_card_linked,2025-04-13,active,VALID
joshua8470@upi,cust101570,icici,savings,2024-04-17,active,VALID
donna2531@upi,cust107277,sbi,current,2021-08-23,active,VALID
jose6808@upi,cust108616,sbi,credit_card_linked,2023-06-19,active,VALID
peggy1876@upi,cust102584,hdfc,current,2024-11-22,active,VALID
anthony5835@upi,cust103209,kotak,credit_card_linked,2024-12-28,active,VALID
james4944@upi,cust103977,icici,savings,2024-01-17,active,VALID
kyle3107@upi,cust107562,pnb,credit_card_linked,2021-10-24,active,VALID
joseph8889@upi,cust100082,axis,savings,2024-11-02,active,VALID
natasha6269@upi,cust103596,axis,credit_card_linked,2023-05-18,active,VALID
thomas3200@upi,cust101895,hdfc,savings,2025-02-06,active,VALID
julie8814@upi,cust104961,pnb,credit_card_linked,2024-08-16,active,VALID
sarah7331@upi,cust108482,sbi,savings,2024-11-08,active,VALID
mary2947@upi,cust109569,kotak,savings,2022-06-07,active,VALID
hannah3173@upi,cust108104,axis,current,2021-01-04,active,VALID
travis9515@upi,cust105635,axis,credit_card_linked,2024-06-19,active,VALID
chris1788@upi,cust107727,hdfc,savings,2025-01-19,active,VALID
shawn3072@upi,cust106398,icici,current,2024-05-12,active,VALID
laurie9989@upi,cust100289,pnb,savings,2024-09-07,active,VALID
brenda3876@upi,cust106104,kotak,savings,2022-12-26,active,VALID
mr.2385@upi,cust106374,hdfc,credit_card_linked,2022-11-25,active,VALID
rachel2195@upi,cust109488,pnb,savings,2025-01-16,active,VALID
thomas8368@upi,cust107791,pnb,savings,2025-08-04,active,VALID
stephen8242@upi,cust104813,pnb,credit_card_linked,2023-10-03,active,VALID
jennifer5998@upi,cust103273,pnb,savings,2025-06-22,active,VALID
elizabeth1062@upi,cust104203,pnb,savings,2023-08-28,active,VALID
john6842@upi,cust100196,hdfc,current,2025-04-24,active,VALID
craig9500@upi,cust108969,axis,credit_card_linked,2025-06-30,active,VALID
carol5549@upi,cust106479,icici,current,2024-03-14,active,VALID
amy1844@upi,cust100641,pnb,credit_card_linked,2024-04-17,active,VALID
jean9876@upi,cust102940,icici,credit_card_linked,2025-07-12,active,VALID
joseph3633@upi,cust101936,kotak,current,2024-11-03,active,VALID
andrew8836@upi,cust102432,pnb,savings,2025-01-07,active,VALID
patricia5065@upi,cust104582,hdfc,credit_card_linked,2022-09-07,active,VALID
deborah9584@upi,cust109881,sbi,current,2025-02-13,blocked,VALID
ernest7569@upi,cust106125,icici,savings,2023-04-21,active,VALID
scott3152@upi,cust100191,kotak,savings,2025-06-03,active,VALID
kenneth6309@upi,cust109591,kotak,current,2024-05-24,active,VALID
charles9519@upi,cust104708,kotak,credit_card_linked,2024-05-15,active,VALID
steven2851@upi,cust108845,hdfc,current,2024-09-28,active,VALID
andrea9540@upi,cust100865,kotak,savings,2025-05-13,active,VALID
curtis8130@upi,cust105456,hdfc,credit_card_linked,2024-08-18,active,VALID
angela6141@upi,cust104648,sbi,current,2023-08-18,blocked,VALID
jermaine8300@upi,cust109972,axis,savings,2025-02-25,active,VALID
terry5194@upi,cust105303,axis,current,2020-12-11,active,VALID
rick7409@upi,cust105463,hdfc,savings,2022-07-09,active,VALID
jeffrey8015@upi,cust104201,sbi,savings,2021-05-31,active,VALID
julian5872@upi,cust105760,axis,credit_card_linked,2025-03-02,active,VALID
james6333@upi,cust100921,axis,current,2024-09-21,active,VALID
ruth4766@upi,cust109874,pnb,current,2025-04-16,active,VALID
justin9181@upi,cust106483,hdfc,current,2024-05-18,active,VALID
duane8689@upi,cust105180,pnb,current,2024-10-01,active,VALID
brandy1488@upi,cust100828,icici,credit_card_linked,2025-05-28,active,VALID
cheryl6059@upi,cust102889,sbi,credit_card_linked,2023-10-20,active,VALID
clifford6839@upi,cust109658,pnb,credit_card_linked,2023-07-10,active,VALID
brandy4496@upi,cust100828,icici,current,2025-07-16,active,VALID
robert7770@upi,cust104186,axis,current,2025-01-13,active,VALID
juan7878@upi,cust100774,sbi,savings,2024-06-16,active,VALID
tonya3249@upi,cust105880,hdfc,credit_card_linked,2024-02-20,suspended,VALID
donald4619@upi,cust106959,kotak,current,2024-08-05,active,VALID
kristy5234@upi,cust105700,hdfc,savings,2024-11-12,active,VALID
charles1646@upi,cust101598,icici,credit_card_linked,2025-02-20,active,VALID
eric4047@upi,cust104434,sbi,savings,2024-12-16,active,VALID
dawn7486@upi,cust103200,axis,savings,2024-07-25,active,VALID
ronald2224@upi,cust101914,sbi,credit_card_linked,2025-06-11,active,VALID
joseph5907@upi,cust105255,axis,credit_card_linked,2022-03-02,active,VALID
kevin8092@upi,cust105414,hdfc,savings,2024-10-16,active,VALID
robert5295@upi,cust103463,axis,savings,2025-07-03,active,VALID
dr.6686@upi,cust107195,icici,savings,2025-07-24,suspended,VALID
phillip5622@upi,cust104540,axis,current,2023-10-26,suspended,VALID
austin4712@upi,cust107794,pnb,savings,2023-07-04,active,VALID
ashley4675@upi,cust105124,hdfc,current,2024-03-12,active,VALID
ronald4640@upi,cust103560,icici,credit_card_linked,2024-03-01,active,VALID
edward5170@upi,cust104048,axis,credit_card_linked,2024-04-13,active,VALID
justin8250@upi,cust109535,sbi,savings,2022-07-28,active,VALID
anna4971@upi,cust104806,axis,credit_card_linked,2022-07-25,active,VALID
mary3464@upi,cust100141,axis,current,2023-08-13,active,VALID
larry9942@upi,cust103459,icici,current,2023-01-11,active,VALID
kimberly1617@upi,cust109332,sbi,current,2024-12-25,active,VALID
lisa2127@upi,cust104578,axis,savings,2023-01-06,suspended,VALID
brian6435@upi,cust105897,icici,credit_card_linked,2021-09-05,active,VALID
mary1243@upi,cust104211,pnb,credit_card_linked,2023-10-04,active,VALID
brandon6095@upi,cust102711,pnb,savings,2024-11-08,active,VALID
samuel9989@upi,cust103314,icici,credit_card_linked,2024-07-14,active,VALID
nathan4179@upi,cust100520,axis,savings,2025-01-25,active,VALID
timothy4615@upi,cust109741,axis,credit_card_linked,2022-10-13,active,VALID
kevin6412@upi,cust106153,pnb,credit_card_linked,2023-11-14,active,VALID
beverly5558@upi,cust103243,pnb,current,2022-02-27,active,VALID
ryan7201@upi,cust104494,hdfc,current,2023-05-30,active,VALID
megan7047@upi,cust105873,sbi,savings,2025-06-24,active,VALID
joseph3332@upi,cust105728,hdfc,savings,2024-08-04,active,VALID
james5729@upi,cust108536,axis,current,2024-11-05,active,VALID
bernard9509@upi,cust106897,pnb,savings,2025-08-01,active,VALID
robert3363@upi,cust106298,axis,current,2023-04-22,active,VALID
samantha7710@upi,cust108298,pnb,current,2025-06-27,active,VALID
cindy7531@upi,cust103816,hdfc,savings,2023-02-04,active,VALID
william7433@upi,cust101521,pnb,current,2024-01-27,blocked,VALID
thomas7716@upi,cust106086,icici,credit_card_linked,2022-10-09,active,VALID
jason5111@upi,cust103378,pnb,savings,2025-02-22,active,VALID
daniel6839@upi,cust109550,pnb,credit_card_linked,2025-04-15,active,VALID
justin6535@upi,cust100919,pnb,savings,2024-06-07,active,VALID
lisa9373@upi,cust107464,kotak,current,2022-11-17,active,VALID
tommy9964@upi,cust105173,hdfc,credit_card_linked,2024-09-08,active,VALID
diane9716@upi,cust100686,sbi,current,2025-05-25,active,VALID
jeffery7059@upi,cust109926,hdfc,current,2024-04-10,active,VALID
adam4297@upi,cust103997,pnb,credit_card_linked,2021-04-14,active,VALID
hannah2920@upi,cust102420,sbi,savings,2022-07-09,active,VALID
gary9817@upi,cust101761,sbi,savings,2024-09-19,active,VALID
stuart9636@upi,cust105117,kotak,savings,2025-07-14,active,VALID
mr.8336@upi,cust101203,kotak,savings,2025-04-03,active,VALID
oscar6490@upi,cust103618,axis,credit_card_linked,2023-02-06,blocked,VALID
nancy6601@upi,cust109801,icici,credit_card_linked,2025-06-25,active,VALID
brad1394@upi,cust103916,hdfc,savings,2024-05-20,active,VALID
john7880@upi,cust100971,hdfc,current,2024-01-01,active,VALID
erica2127@upi,cust108912,pnb,savings,2025-03-18,active,VALID
jeffrey1795@upi,cust105019,pnb,savings,2024-10-12,active,VALID
yvonne9182@upi,cust108784,hdfc,credit_card_linked,2025-03-15,active,VALID
deanna4100@upi,cust100427,icici,credit_card_linked,2025-08-01,active,VALID
stephanie2813@upi,cust102616,kotak,current,2025-05-03,active,VALID
kelsey1757@upi,cust100835,kotak,current,2025-08-05,active,VALID
jacob8889@upi,cust108808,pnb,savings,2025-05-22,active,VALID
amber1369@upi,cust100833,hdfc,savings,2024-12-23,active,VALID
julie6390@upi,cust105575,sbi,credit_card_linked,2025-07-28,active,VALID
michelle3510@upi,cust101680,icici,savings,2024-06-03,active,VALID
stacey4092@upi,cust102269,kotak,savings,2023-03-10,active,VALID
renee8424@upi,cust105842,pnb,current,2025-07-14,active,VALID
eric8669@upi,cust102285,hdfc,savings,2024-09-16,active,VALID
hannah4399@upi,cust105966,axis,credit_card_linked,2021-11-08,active,VALID
melvin4067@upi,cust109291,hdfc,credit_card_linked,2023-06-09,active,VALID
breanna8817@upi,cust108748,kotak,credit_card_linked,2021-06-30,active,VALID
raven3038@upi,cust109313,axis,current,2024-12-22,active,VALID
ryan3231@upi,cust104340,icici,savings,2024-01-13,active,VALID
donald2033@upi,cust106002,hdfc,savings,2024-09-20,active,VALID
mr.6040@upi,cust105557,pnb,credit_card_linked,2023-07-03,active,VALID
kevin7945@upi,cust106838,hdfc,current,2024-08-16,active,VALID
samuel7381@upi,cust104816,sbi,credit_card_linked,2025-06-21,active,VALID
christopher5225@upi,cust101277,kotak,current,2025-05-02,active,VALID
evan3731@upi,cust108974,axis,savings,2024-01-09,active,VALID
harry3326@upi,cust107115,icici,savings,2025-01-21,active,VALID
daniel6176@upi,cust104686,axis,credit_card_linked,2025-05-21,active,VALID
margaret8342@upi,cust105862,axis,savings,2025-04-05,active,VALID
barbara1776@upi,cust108160,hdfc,savings,2021-02-16,active,VALID
maria7329@upi,cust101446,axis,savings,2025-06-14,active,VALID
george7309@upi,cust103910,hdfc,credit_card_linked,2023-09-16,active,VALID
patrick8898@upi,cust103163,axis,credit_card_linked,2023-07-10,active,VALID
vincent6303@upi,cust107861,pnb,savings,2023-11-20,active,VALID
michael3339@upi,cust109451,hdfc,savings,2023-04-08,active,VALID
lisa5875@upi,cust100879,sbi,savings,2024-12-25,active,VALID
nathan2865@upi,cust109294,axis,current,2025-05-19,active,VALID
andrew3510@upi,cust107747,pnb,savings,2024-02-03,active,VALID
kenneth5990@upi,cust100461,axis,savings,2024-10-30,active,VALID
shane7386@upi,cust109300,kotak,current,2024-05-18,active,VALID
barbara1646@upi,cust102481,axis,credit_card_linked,2024-11-25,active,VALID
emily7863@upi,cust109136,pnb,current,2025-07-16,active,VALID
john8864@upi,cust101591,kotak,savings,2023-09-04,active,VALID
matthew8950@upi,cust102483,sbi,savings,2021-01-28,active,VALID
kristi5520@upi,cust101392,hdfc,current,2025-03-29,active,VALID
megan8524@upi,cust100176,pnb,current,2022-10-21,active,VALID
jennifer7780@upi,cust104300,icici,credit_card_linked,2024-03-04,active,VALID
heidi2677@upi,cust102525,sbi,current,2023-08-29,active,VALID
jessica9584@upi,cust109779,pnb,credit_card_linked,2024-01-17,active,VALID
melinda4301@upi,cust100562,hdfc,credit_card_linked,2024-09-24,active,VALID
anna2763@upi,cust109385,hdfc,current,2024-07-31,active,VALID
jessica5734@upi,cust106699,axis,savings,2024-04-11,active,VALID
anthony6156@upi,cust108380,hdfc,credit_card_linked,2024-03-27,blocked,VALID
michael9745@upi,cust108763,axis,savings,2024-07-22,suspended,VALID
kimberly1267@upi,cust108275,icici,current,2024-02-04,active,VALID
ronald4099@upi,cust108214,pnb,current,2025-03-16,active,VALID
jennifer9192@upi,cust105583,axis,current,2024-10-06,active,VALID
shannon2919@upi,cust101531,sbi,credit_card_linked,2025-07-31,active,VALID
william2230@upi,cust102139,kotak,savings,2025-01-24,active,VALID
courtney7405@upi,cust108057,hdfc,savings,2022-06-08,active,VALID
spencer2107@upi,cust100615,axis,credit_card_linked,2022-04-08,active,VALID
travis2223@upi,cust105740,axis,credit_card_linked,2025-07-01,active,VALID
amanda6511@upi,cust108657,icici,current,2021-08-14,active,VALID
evan3814@upi,cust100387,kotak,savings,2023-10-27,active,VALID
chelsea5568@upi,cust107982,hdfc,savings,2021-12-14,active,VALID
margaret5316@upi,cust109316,pnb,current,2025-06-26,active,VALID
mr.3233@upi,cust101822,sbi,savings,2025-04-07,active,VALID
richard2501@upi,cust109629,kotak,current,2024-10-21,active,VALID
leah8018@upi,cust107951,hdfc,current,2025-06-16,active,VALID
gregory9829@upi,cust103989,sbi,credit_card_linked,2025-04-15,active,VALID
cindy8602@upi,cust104308,sbi,credit_card_linked,2025-07-28,active,VALID
robert5505@upi,cust103535,kotak,current,2025-06-08,active,VALID
zachary6684@upi,cust104830,pnb,savings,2022-06-21,active,VALID
rachel9578@upi,cust104271,kotak,savings,2022-03-31,active,VALID
ashlee3954@upi,cust100928,kotak,credit_card_linked,2025-01-09,active,VALID
eric7457@upi,cust102252,axis,current,2025-04-06,active,VALID
jason9199@upi,cust102569,kotak,current,2025-04-28,active,VALID
lynn4219@upi,cust102328,pnb,current,2025-02-05,active,VALID
mr.7096@upi,cust102516,sbi,savings,2025-07-25,active,VALID
brett8685@upi,cust100040,sbi,savings,2023-04-26,active,VALID
rebecca8462@upi,cust108798,kotak,savings,2023-11-17,active,VALID
william5798@upi,cust104074,pnb,savings,2024-05-12,active,VALID
joe5951@upi,cust105658,sbi,savings,2025-06-02,active,VALID
bridget3836@upi,cust108621,kotak,current,2025-08-03,active,VALID
austin6253@upi,cust105717,axis,credit_card_linked,2022-02-20,active,VALID
peggy1868@upi,cust102584,pnb,credit_card_linked,2025-06-01,active,VALID
mallory8214@upi,cust102353,hdfc,savings,2025-04-06,active,VALID
traci8536@upi,cust100570,icici,savings,2025-06-05,active,VALID
john9168@upi,cust100260,axis,savings,2024-12-03,active,VALID
james3379@upi,cust104652,axis,credit_card_linked,2024-08-15,active,VALID
lori9860@upi,cust104700,kotak,savings,2025-02-23,active,VALID
crystal7746@upi,cust103959,sbi,credit_card_linked,2023-09-15,active,VALID
larry5793@upi,cust108555,pnb,current,2022-12-13,active,VALID
ryan7857@upi,cust100936,hdfc,savings,2024-04-12,active,VALID
rhonda9942@upi,cust109783,pnb,current,2024-09-02,active,VALID
edward6370@upi,cust101115,axis,current,2023-05-27,active,VALID
james9563@upi,cust107016,icici,credit_card_linked,2025-02-03,active,VALID
tanya1599@upi,cust101771,icici,credit_card_linked,2021-06-13,active,VALID
jennifer2985@upi,cust108266,sbi,current,2024-10-01,active,VALID
harold5792@upi,cust103434,hdfc,savings,2024-08-24,active,VALID
nicole1663@upi,cust103109,icici,current,2025-03-21,blocked,VALID
mr.7350@upi,cust109781,pnb,current,2024-12-16,active,VALID
james1708@upi,cust109531,hdfc,current,2025-06-30,active,VALID
laura4291@upi,cust101672,axis,credit_card_linked,2021-09-29,suspended,VALID
nicole8916@upi,cust102702,pnb,credit_card_linked,2025-02-10,active,VALID
anthony8875@upi,cust101903,icici,current,2022-04-02,active,VALID
lauren1020@upi,cust108576,pnb,current,2025-04-06,active,VALID
ricky9653@upi,cust105920,axis,savings,2024-04-15,active,VALID
melinda5563@upi,cust101948,icici,credit_card_linked,2024-06-19,active,VALID
karen6303@upi,cust105143,pnb,credit_card_linked,2024-11-09,active,VALID
kenneth4763@upi,cust104899,hdfc,credit_card_linked,2024-07-07,active,VALID
kari8296@upi,cust105078,hdfc,credit_card_linked,2024-02-19,active,VALID
michelle6703@upi,cust109615,axis,credit_card_linked,2023-12-06,active,VALID
melissa6401@upi,cust104665,icici,savings,2021-11-23,active,VALID
deborah2566@upi,cust108571,axis,current,2025-07-17,active,VALID
amanda6453@upi,cust100242,axis,current,2023-03-12,blocked,VALID
victoria1199@upi,cust109217,axis,credit_card_linked,2025-03-15,suspended,VALID
robert2806@upi,cust104723,kotak,current,2023-12-22,active,VALID
annette8121@upi,cust105459,axis,savings,2024-06-02,active,VALID
monica4992@upi,cust105311,icici,credit_card_linked,2025-07-12,active,VALID
toni4443@upi,cust109799,icici,current,2025-03-07,suspended,VALID
beverly4031@upi,cust106100,kotak,current,2024-09-19,suspended,VALID
richard2947@upi,cust101415,pnb,savings,2025-08-03,active,VALID
christopher1855@upi,cust108378,hdfc,current,2023-04-12,active,VALID
jean9031@upi,cust105176,icici,current,2025-07-17,active,VALID
mr.1023@upi,cust107471,sbi,credit_card_linked,2022-12-07,active,VALID
sandra4960@upi,cust109491,hdfc,current,2022-02-04,active,VALID
charles2645@upi,cust103227,pnb,savings,2023-12-26,active,VALID
warren6785@upi,cust103835,kotak,credit_card_linked,2022-06-03,active,VALID
kayla1571@upi,cust108861,pnb,current,2024-04-10,active,VALID
mrs.4571@upi,cust108363,hdfc,credit_card_linked,2025-04-26,active,VALID
crystal5866@upi,cust106450,axis,current,2023-04-03,blocked,VALID
amy3369@upi,cust107069,pnb,credit_card_linked,2025-03-20,active,VALID
allison9432@upi,cust100483,icici,savings,2025-03-30,active,VALID
michelle6151@upi,cust107789,hdfc,current,2024-01-27,suspended,VALID
isaac8007@upi,cust109743,hdfc,current,2023-03-20,active,VALID
michelle5592@upi,cust103766,icici,current,2024-04-04,active,VALID
joseph9555@upi,cust101750,sbi,current,2022-07-03,active,VALID
eric6420@upi,cust104974,sbi,savings,2025-04-08,active,VALID
brandon3871@upi,cust106260,sbi,credit_card_linked,2021-09-15,active,VALID
christine6373@upi,cust109876,sbi,credit_card_linked,2023-11-15,active,VALID
aaron3119@upi,cust101695,icici,credit_card_linked,2025-06-09,active,VALID
steven2041@upi,cust108845,axis,savings,2023-10-03,suspended,VALID
christopher3571@upi,cust107079,axis,credit_card_linked,2025-04-02,active,VALID
kevin6930@upi,cust107625,kotak,current,2025-06-26,active,VALID
danielle7253@upi,cust100614,sbi,current,2025-05-30,active,VALID
sydney9081@upi,cust105138,axis,current,2025-02-05,active,VALID
shawn8738@upi,cust102345,hdfc,current,2022-12-06,active,VALID
levi4062@upi,cust102820,kotak,current,2023-08-10,active,VALID
patrick3980@upi,cust100266,icici,savings,2022-05-02,active,VALID
mr.7936@upi,cust106287,icici,savings,2024-06-02,active,VALID
mark2197@upi,cust108506,sbi,credit_card_linked,2025-07-21,active,VALID
lisa3472@upi,cust102751,kotak,current,2021-05-03,active,VALID
brandy6173@upi,cust104254,pnb,current,2024-04-19,active,VALID
tina1206@upi,cust108137,sbi,credit_card_linked,2024-03-20,suspended,VALID
sue4902@upi,cust107470,axis,credit_card_linked,2024-03-07,active,VALID
lisa7508@upi,cust104305,pnb,credit_card_linked,2025-07-25,active,VALID
mark1254@upi,cust100064,icici,credit_card_linked,2024-07-23,active,VALID
tami5971@upi,cust108788,kotak,current,2024-07-16,blocked,VALID
kimberly8451@upi,cust103688,icici,credit_card_linked,2025-03-22,active,VALID
sarah8343@upi,cust101778,icici,savings,2025-07-25,active,VALID
eric9974@upi,cust108320,hdfc,current,2025-02-22,active,VALID
danny3583@upi,cust106651,pnb,current,2023-08-23,active,VALID
stephanie9225@upi,cust102560,kotak,credit_card_linked,2024-12-19,active,VALID
robert5178@upi,cust108058,axis,credit_card_linked,2025-07-02,active,VALID
ms.4844@upi,cust106746,axis,credit_card_linked,2024-10-31,active,VALID
matthew6182@upi,cust108224,kotak,current,2024-01-11,active,VALID
joseph5452@upi,cust100093,axis,current,2025-06-29,active,VALID
scott9884@upi,cust107800,axis,savings,2025-06-06,active,VALID
thomas9798@upi,cust106092,icici,savings,2024-10-25,active,VALID
jerome5660@upi,cust102532,hdfc,credit_card_linked,2024-12-27,active,VALID
patricia4608@upi,cust105788,pnb,current,2022-02-11,active,VALID
dana2367@upi,cust102858,hdfc,savings,2022-01-10,active,VALID
stephen1490@upi,cust105632,sbi,credit_card_linked,2025-02-05,active,VALID
jonathan1102@upi,cust106340,hdfc,current,2024-09-05,active,VALID
dawn4071@upi,cust107758,axis,current,2024-05-25,active,VALID
charles7690@upi,cust108704,kotak,savings,2024-08-04,active,VALID
raymond9560@upi,cust100254,icici,credit_card_linked,2023-10-27,active,VALID
rachel8985@upi,cust108288,icici,savings,2023-09-08,active,VALID
roger5407@upi,cust106455,kotak,credit_card_linked,2025-06-02,active,VALID
julie5418@upi,cust107338,hdfc,savings,2023-03-03,active,VALID
melissa4459@upi,cust108754,sbi,credit_card_linked,2024-06-06,active,VALID
jacob2549@upi,cust101325,kotak,current,2024-05-14,active,VALID
kimberly5534@upi,cust106208,hdfc,current,2023-04-14,active,VALID
andrew4236@upi,cust109654,icici,credit_card_linked,2024-12-29,active,VALID
darren2996@upi,cust108279,kotak,credit_card_linked,2024-12-08,active,VALID
lynn2536@upi,cust105660,kotak,credit_card_linked,2025-07-05,active,VALID
derrick2351@upi,cust107168,axis,credit_card_linked,2022-10-06,active,VALID
thomas7289@upi,cust104009,pnb,credit_card_linked,2024-06-14,active,VALID
michael4376@upi,cust102606,sbi,savings,2023-08-09,active,VALID
cole5795@upi,cust105495,kotak,savings,2023-07-05,active,VALID
kaitlyn2010@upi,cust107186,axis,credit_card_linked,2025-02-16,active,VALID
diana9861@upi,cust107855,pnb,savings,2025-04-14,active,VALID
randall7294@upi,cust106276,axis,current,2024-10-07,active,VALID
julia2632@upi,cust103372,kotak,credit_card_linked,2024-04-18,active,VALID
kimberly2927@upi,cust101614,hdfc,savings,2023-12-10,active,VALID
jordan1190@upi,cust103425,kotak,credit_card_linked,2025-05-11,active,VALID
jay9928@upi,cust102308,icici,current,2021-07-03,active,VALID
kristina9751@upi,cust105449,pnb,current,2024-01-28,active,VALID
jeffrey7510@upi,cust106995,axis,savings,2025-03-05,active,VALID
kayla3625@upi,cust104054,icici,savings,2024-05-03,active,VALID
sandra2869@upi,cust106038,pnb,savings,2023-12-26,active,VALID
stephanie3115@upi,cust108896,pnb,current,2022-06-08,active,VALID
jessica9339@upi,cust109779,sbi,savings,2023-11-20,suspended,VALID
tyler7011@upi,cust108746,hdfc,current,2025-06-06,active,VALID
dr.4730@upi,cust106176,icici,savings,2022-05-21,active,VALID
ronald4313@upi,cust108245,kotak,current,2021-07-27,active,VALID
marcus7586@upi,cust103923,kotak,current,2022-09-26,active,VALID
mark8978@upi,cust108522,icici,savings,2022-06-13,active,VALID
karen4297@upi,cust104493,pnb,credit_card_linked,2025-06-13,blocked,VALID
larry4226@upi,cust102615,icici,current,2023-04-27,active,VALID
joshua1160@upi,cust107008,axis,current,2025-03-23,active,VALID
kara3699@upi,cust109296,sbi,credit_card_linked,2024-06-15,active,VALID
christine4640@upi,cust107504,kotak,current,2023-06-08,active,VALID
paul1760@upi,cust103079,pnb,credit_card_linked,2025-07-24,active,VALID
kara9704@upi,cust106424,sbi,credit_card_linked,2025-06-14,active,VALID
sean2400@upi,cust100633,pnb,savings,2023-01-02,blocked,VALID
nicole5296@upi,cust109425,axis,credit_card_linked,2023-01-24,active,VALID
brandon1800@upi,cust100413,sbi,savings,2025-01-17,active,VALID
justin1849@upi,cust109535,hdfc,current,2024-05-31,active,VALID
matthew1273@upi,cust103206,pnb,credit_card_linked,2024-07-23,active,VALID
david8960@upi,cust106469,pnb,current,2025-05-31,active,VALID
amy2239@upi,cust100641,hdfc,current,2025-08-02,blocked,VALID
sarah9280@upi,cust108054,sbi,current,2024-07-15,active,VALID
george7855@upi,cust103657,icici,current,2024-07-18,active,VALID
wendy4786@upi,cust108149,kotak,credit_card_linked,2023-12-09,active,VALID
tyler9143@upi,cust104881,icici,credit_card_linked,2025-06-10,active,VALID
john8963@upi,cust104901,icici,credit_card_linked,2024-07-14,active,VALID
joseph7901@upi,cust103025,axis,current,2022-11-28,suspended,VALID
mary1285@upi,cust104594,hdfc,savings,2025-05-12,active,VALID
christina4167@upi,cust101302,hdfc,savings,2025-06-21,active,VALID
jeffery6061@upi,cust103438,icici,current,2025-05-28,active,VALID
mr.5219@upi,cust102575,hdfc,current,2025-06-30,active,VALID
thomas9858@upi,cust107064,axis,current,2023-04-25,active,VALID
ashley2956@upi,cust100442,pnb,credit_card_linked,2025-05-04,active,VALID
jeffrey9133@upi,cust103941,hdfc,savings,2024-11-29,active,VALID
alisha6611@upi,cust104638,sbi,current,2021-10-15,active,VALID
mary3332@upi,cust109139,axis,current,2024-08-11,active,VALID
lisa3172@upi,cust107984,axis,savings,2024-05-09,active,VALID
angela6402@upi,cust102559,kotak,current,2022-02-16,active,VALID
meghan1019@upi,cust103059,icici,credit_card_linked,2023-04-04,active,VALID
jessica9605@upi,cust105379,axis,current,2023-05-28,active,VALID
ana7432@upi,cust107173,sbi,credit_card_linked,2025-08-05,active,VALID
todd3589@upi,cust107453,icici,credit_card_linked,2022-04-28,suspended,VALID
mrs.7552@upi,cust104573,axis,current,2024-02-08,active,VALID
lauren8178@upi,cust108367,pnb,savings,2021-02-24,active,VALID
danielle7611@upi,cust107673,hdfc,credit_card_linked,2024-10-25,active,VALID
steven9703@upi,cust104680,kotak,current,2024-06-23,active,VALID
sandra1445@upi,cust109491,axis,credit_card_linked,2023-06-19,active,VALID
elizabeth6444@upi,cust107547,pnb,current,2023-05-03,active,VALID
sergio5282@upi,cust108028,kotak,credit_card_linked,2023-11-04,active,VALID
gregory6512@upi,cust106915,kotak,credit_card_linked,2025-04-11,suspended,VALID
claudia5732@upi,cust101050,axis,credit_card_linked,2021-12-18,active,VALID
norman2094@upi,cust109069,hdfc,current,2025-01-17,active,VALID
melissa1773@upi,cust102995,axis,current,2024-08-10,active,VALID
jessica3608@upi,cust101744,pnb,savings,2025-07-24,active,VALID
carol5143@upi,cust100576,kotak,credit_card_linked,2024-06-19,active,VALID
maria7405@upi,cust103580,pnb,savings,2022-06-02,active,VALID
hannah2800@upi,cust102849,sbi,current,2024-05-22,active,VALID
gina6095@upi,cust103978,icici,credit_card_linked,2023-10-11,active,VALID
daniel9939@upi,cust108736,sbi,credit_card_linked,2024-12-28,active,VALID
brianna8178@upi,cust104569,hdfc,credit_card_linked,2023-12-30,active,VALID
harold8984@upi,cust101806,icici,credit_card_linked,2025-05-18,active,VALID
robert1353@upi,cust100299,icici,current,2024-07-16,active,VALID
cameron9534@upi,cust105968,kotak,credit_card_linked,2021-12-16,active,VALID
sherri4550@upi,cust107634,axis,credit_card_linked,2025-01-20,blocked,VALID
tina5872@upi,cust103395,axis,credit_card_linked,2024-06-08,active,VALID
timothy5505@upi,cust105518,icici,credit_card_linked,2025-05-04,active,VALID
rachel1983@upi,cust107572,icici,credit_card_linked,2025-06-24,active,VALID
shawn7150@upi,cust105367,pnb,current,2024-10-27,active,VALID
john8498@upi,cust105959,pnb,savings,2025-07-14,active,VALID
pamela3269@upi,cust101737,pnb,credit_card_linked,2025-01-15,active,VALID
jerry8436@upi,cust109517,kotak,current,2023-02-05,active,VALID
david7890@upi,cust106970,hdfc,credit_card_linked,2025-08-05,active,VALID
robert6404@upi,cust102819,hdfc,current,2023-07-04,active,VALID
isaiah2298@upi,cust102401,axis,savings,2025-03-08,active,VALID
stephanie3950@upi,cust101363,pnb,current,2025-01-08,active,VALID
thomas9071@upi,cust108360,icici,credit_card_linked,2025-07-22,active,VALID
john8451@upi,cust103057,sbi,current,2025-02-17,active,VALID
daniel2661@upi,cust107486,kotak,current,2021-03-03,active,VALID
natasha2360@upi,cust105228,icici,credit_card_linked,2024-07-05,active,VALID
mark5634@upi,cust104053,pnb,current,2023-04-08,active,VALID
tammy8162@upi,cust106307,hdfc,current,2025-01-08,active,VALID
rebecca8012@upi,cust107021,axis,savings,2023-01-08,active,VALID
william1201@upi,cust106461,icici,credit_card_linked,2025-07-08,active,VALID
samuel5885@upi,cust105478,axis,savings,2025-01-20,active,VALID
scott6225@upi,cust102742,axis,credit_card_linked,2022-04-03,active,VALID
chris2276@upi,cust108304,hdfc,current,2024-01-05,active,VALID
jill3831@upi,cust105854,pnb,credit_card_linked,2024-06-16,active,VALID
kimberly3565@upi,cust107046,hdfc,credit_card_linked,2025-01-24,active,VALID
laura9518@upi,cust103239,pnb,savings,2024-08-20,suspended,VALID
james6071@upi,cust102727,sbi,savings,2023-09-28,active,VALID
beverly3034@upi,cust103847,pnb,credit_card_linked,2025-07-15,active,VALID
troy9047@upi,cust107000,hdfc,current,2023-10-25,active,VALID
frank5754@upi,cust103456,icici,current,2025-02-25,active,VALID
mark7775@upi,cust106170,axis,credit_card_linked,2024-11-22,active,VALID
michael7272@upi,cust100568,hdfc,savings,2025-04-23,active,VALID
john3067@upi,cust109541,kotak,current,2023-04-25,active,VALID
crystal1129@upi,cust100317,axis,credit_card_linked,2024-02-02,suspended,VALID
mikayla8902@upi,cust104843,pnb,current,2025-08-01,active,VALID
nancy2729@upi,cust106366,kotak,credit_card_linked,2022-03-14,active,VALID
jennifer1679@upi,cust105651,kotak,credit_card_linked,2025-05-25,active,VALID
jeffrey4598@upi,cust100415,pnb,credit_card_linked,2022-09-18,active,VALID
denise8550@upi,cust109908,sbi,savings,2025-03-10,active,VALID
deborah8893@upi,cust101472,hdfc,savings,2023-01-25,active,VALID
gilbert5787@upi,cust109946,hdfc,credit_card_linked,2025-03-18,active,VALID
shannon3362@upi,cust100739,axis,current,2025-05-09,active,VALID
michael9489@upi,cust104124,hdfc,savings,2025-04-07,active,VALID
martha1924@upi,cust104814,kotak,current,2024-08-15,active,VALID
elizabeth2896@upi,cust105943,icici,credit_card_linked,2024-12-01,active,VALID
lance7710@upi,cust108801,icici,savings,2022-06-18,active,VALID
michelle6683@upi,cust104659,sbi,credit_card_linked,2025-01-19,active,VALID
taylor9847@upi,cust104180,sbi,savings,2022-12-22,active,VALID
james4721@upi,cust102727,hdfc,savings,2023-06-16,active,VALID
debbie6192@upi,cust103700,hdfc,current,2022-08-03,active,VALID
samuel7028@upi,cust103137,sbi,current,2025-08-02,active,VALID
david5009@upi,cust102931,pnb,savings,2023-11-11,active,VALID
marcus7336@upi,cust101738,kotak,credit_card_linked,2025-07-28,active,VALID
robert9623@upi,cust101201,kotak,savings,2025-07-14,blocked,VALID
david7287@upi,cust102181,pnb,credit_card_linked,2024-06-15,active,VALID
nancy2677@upi,cust101691,axis,current,2023-12-29,active,VALID
jill5236@upi,cust103015,kotak,credit_card_linked,2023-03-05,active,VALID
dana5690@upi,cust103607,sbi,savings,2025-03-18,active,VALID
roger7095@upi,cust107750,kotak,credit_card_linked,2025-06-27,blocked,VALID
crystal3491@upi,cust108485,sbi,current,2023-09-25,active,VALID
wendy6544@upi,cust105276,axis,credit_card_linked,2025-08-01,suspended,VALID
steven1112@upi,cust102633,kotak,savings,2025-06-10,active,VALID
michael2446@upi,cust107086,sbi,credit_card_linked,2024-10-16,active,VALID
russell1912@upi,cust107741,icici,current,2025-04-03,active,VALID
david7643@upi,cust107918,hdfc,current,2025-01-25,active,VALID
mr.8518@upi,cust107471,axis,savings,2023-01-26,active,VALID
aaron5963@upi,cust105135,axis,savings,2022-04-17,active,VALID
joseph9242@upi,cust107226,sbi,current,2025-05-29,active,VALID
amy2749@upi,cust107894,icici,savings,2023-04-17,suspended,VALID
laura2796@upi,cust107389,hdfc,credit_card_linked,2024-12-03,active,VALID
regina8892@upi,cust108774,icici,savings,2025-01-04,active,VALID
megan1714@upi,cust108884,icici,savings,2024-02-29,active,VALID
shannon6931@upi,cust100634,sbi,current,2025-07-04,active,VALID
melanie8685@upi,cust109308,axis,credit_card_linked,2025-08-01,active,VALID
patty3441@upi,cust109076,hdfc,current,2024-03-26,active,VALID
james1163@upi,cust106707,sbi,credit_card_linked,2024-06-14,active,VALID
marc2854@upi,cust101509,axis,credit_card_linked,2024-03-10,active,VALID
timothy2620@upi,cust102170,hdfc,current,2025-03-31,active,VALID
michael9798@upi,cust104900,kotak,current,2025-04-09,active,VALID
jonathan6827@upi,cust102771,axis,credit_card_linked,2024-07-25,blocked,VALID
cheryl4430@upi,cust102048,axis,savings,2023-04-08,active,VALID
nicole2631@upi,cust103427,sbi,credit_card_linked,2022-12-21,active,VALID
amanda4753@upi,cust102990,sbi,current,2025-05-05,active,VALID
michael9134@upi,cust109942,hdfc,current,2025-04-18,active,VALID
andrew7966@upi,cust106241,kotak,savings,2024-06-15,active,VALID
dr.2579@upi,cust107664,icici,savings,2024-10-11,active,VALID
andrea9941@upi,cust107943,sbi,credit_card_linked,2025-03-07,active,VALID
barry4601@upi,cust104139,icici,savings,2024-06-23,active,VALID
kelsey3828@upi,cust100835,kotak,credit_card_linked,2025-03-13,suspended,VALID
melody8129@upi,cust108301,kotak,credit_card_linked,2023-08-28,active,VALID
david3476@upi,cust108990,icici,savings,2025-07-17,active,VALID
brian3102@upi,cust104075,hdfc,savings,2025-02-11,active,VALID
billy9900@upi,cust103821,hdfc,credit_card_linked,2025-05-22,active,VALID
scott2236@upi,cust106062,sbi,credit_card_linked,2022-02-18,active,VALID
andrew4730@upi,cust103431,sbi,credit_card_linked,2023-01-28,active,VALID
taylor1285@upi,cust103558,icici,credit_card_linked,2024-06-10,active,VALID
crystal4683@upi,cust108225,axis,current,2024-04-21,active,VALID
angelica7969@upi,cust109508,hdfc,savings,2022-09-27,active,VALID
tyler6857@upi,cust103300,kotak,credit_card_linked,2025-03-01,active,VALID
jason5614@upi,cust106179,kotak,current,2024-06-13,active,VALID
william2780@upi,cust104129,hdfc,credit_card_linked,2024-02-22,active,VALID
justin6568@upi,cust103926,icici,current,2024-01-03,active,VALID
mr.2478@upi,cust107468,hdfc,credit_card_linked,2023-09-30,active,VALID
margaret1270@upi,cust109685,pnb,credit_card_linked,2025-04-19,active,VALID
laura9747@upi,cust100710,pnb,credit_card_linked,2025-03-24,active,VALID
tanya9807@upi,cust109100,hdfc,savings,2025-02-20,active,VALID
brandon7031@upi,cust104176,pnb,savings,2024-04-30,active,VALID
matthew5656@upi,cust104372,icici,savings,2024-03-01,active,VALID
christopher8233@upi,cust108442,sbi,current,2025-04-04,active,VALID
dr.7899@upi,cust109271,icici,current,2025-07-05,suspended,VALID
patricia7149@upi,cust104861,icici,current,2022-04-14,active,VALID
susan5869@upi,cust100807,axis,current,2024-06-05,suspended,VALID
daniel7824@upi,cust100038,axis,credit_card_linked,2025-07-27,active,VALID
michelle5950@upi,cust107876,pnb,credit_card_linked,2025-05-16,active,VALID
jennifer2488@upi,cust105583,axis,credit_card_linked,2024-03-25,active,VALID
edward6863@upi,cust102438,axis,credit_card_linked,2024-08-24,active,VALID
hannah3281@upi,cust106771,sbi,credit_card_linked,2023-12-16,active,VALID
victor3759@upi,cust103328,pnb,savings,2025-01-14,active,VALID
benjamin6424@upi,cust108084,kotak,current,2024-10-23,active,VALID
rita4091@upi,cust109592,axis,current,2025-01-03,active,VALID
megan6313@upi,cust105926,sbi,savings,2024-04-19,active,VALID
mary7357@upi,cust102227,icici,current,2023-10-08,active,VALID
dustin9544@upi,cust109484,icici,credit_card_linked,2025-05-09,active,VALID
brenda5972@upi,cust100259,kotak,current,2024-01-13,blocked,VALID
andrew1657@upi,cust102341,pnb,current,2024-10-14,active,VALID
mathew8369@upi,cust109529,icici,credit_card_linked,2022-06-18,active,VALID
danny6532@upi,cust106651,hdfc,current,2023-02-10,active,VALID
joshua4590@upi,cust100115,sbi,current,2024-12-18,active,VALID
christina3098@upi,cust109806,sbi,savings,2025-07-31,active,VALID
ronald1785@upi,cust103560,icici,savings,2023-07-23,active,VALID
helen2015@upi,cust108795,kotak,credit_card_linked,2023-04-19,active,VALID
stacy5499@upi,cust107613,axis,savings,2025-05-29,active,VALID
william5997@upi,cust103226,axis,savings,2025-03-29,active,VALID
robert7265@upi,cust101271,axis,savings,2025-08-04,active,VALID
ryan3574@upi,cust103403,sbi,current,2024-03-10,active,VALID
bonnie8882@upi,cust109282,icici,savings,2024-02-21,active,VALID
brenda4012@upi,cust104145,icici,credit_card_linked,2025-07-02,active,VALID
yvonne3507@upi,cust102454,axis,current,2024-02-23,active,VALID
darren6141@upi,cust108677,icici,credit_card_linked,2022-04-13,active,VALID
jill5865@upi,cust102465,hdfc,credit_card_linked,2023-11-11,active,VALID
justin1274@upi,cust104459,icici,current,2025-03-02,active,VALID
william8730@upi,cust107688,axis,current,2025-06-22,active,VALID
ricardo4158@upi,cust100322,icici,savings,2023-11-07,active,VALID
katie2710@upi,cust100986,kotak,credit_card_linked,2025-06-28,active,VALID
glenda4310@upi,cust106033,icici,current,2023-07-21,blocked,VALID
bianca5999@upi,cust102716,sbi,savings,2024-08-16,active,VALID
timothy1947@upi,cust107015,kotak,savings,2023-05-05,active,VALID
eric5113@upi,cust109638,kotak,savings,2024-07-16,active,VALID
tiffany6502@upi,cust108993,hdfc,credit_card_linked,2025-08-02,active,VALID
patricia5713@upi,cust104975,icici,current,2025-02-16,active,VALID
sarah6752@upi,cust106434,axis,current,2025-08-05,active,VALID
haley5134@upi,cust103007,hdfc,savings,2025-04-16,suspended,VALID
anthony5845@upi,cust106978,icici,credit_card_linked,2024-05-25,active,VALID
alice1443@upi,cust102073,sbi,savings,2024-05-09,active,VALID
amanda2766@upi,cust108085,icici,current,2022-05-30,active,VALID
amber8367@upi,cust108331,hdfc,credit_card_linked,2025-06-21,active,VALID
sandra1369@upi,cust101443,axis,savings,2024-11-15,active,VALID
gregory7594@upi,cust101777,axis,current,2025-04-06,active,VALID
sabrina7785@upi,cust108596,sbi,savings,2025-07-22,active,VALID
richard2483@upi,cust106854,sbi,savings,2025-02-25,active,VALID
jeffery6444@upi,cust101685,kotak,credit_card_linked,2024-02-20,active,VALID
joann4355@upi,cust103981,kotak,savings,2024-06-30,active,VALID
victoria4537@upi,cust109019,kotak,savings,2022-12-11,active,VALID
christopher1347@upi,cust106588,kotak,savings,2021-11-26,active,VALID
jose9555@upi,cust108198,kotak,current,2025-02-28,active,VALID
mark3389@upi,cust104381,kotak,credit_card_linked,2024-09-22,active,VALID
robert8148@upi,cust105941,icici,credit_card_linked,2022-11-05,active,VALID
andrew3386@upi,cust103431,axis,credit_card_linked,2022-06-09,active,VALID
michelle1211@upi,cust106980,hdfc,savings,2025-04-28,blocked,VALID
chloe9457@upi,cust108101,pnb,credit_card_linked,2025-06-29,active,VALID
james3859@upi,cust107248,axis,current,2024-10-19,active,VALID
kimberly2816@upi,cust108275,kotak,credit_card_linked,2023-04-10,active,VALID
dylan8297@upi,cust106853,sbi,credit_card_linked,2023-05-07,active,VALID
gail2172@upi,cust103236,sbi,savings,2025-08-03,active,VALID
dawn3536@upi,cust108024,kotak,current,2023-05-12,active,VALID
victoria5168@upi,cust102197,kotak,current,2025-06-30,active,VALID
deborah3354@upi,cust103899,sbi,current,2024-06-17,active,VALID
michael2681@upi,cust104798,hdfc,savings,2023-04-17,active,VALID
gerald3699@upi,cust106926,axis,credit_card_linked,2025-04-26,suspended,VALID
crystal9280@upi,cust106180,hdfc,current,2024-04-28,active,VALID
william5329@upi,cust103900,hdfc,savings,2025-06-01,blocked,VALID
jackson4927@upi,cust108128,icici,savings,2024-11-08,active,VALID
jennifer8332@upi,cust103290,icici,credit_card_linked,2025-03-11,active,VALID
raven2397@upi,cust109313,axis,current,2025-02-09,suspended,VALID
david7172@upi,cust103854,icici,savings,2023-04-09,active,VALID
rachel7687@upi,cust100775,pnb,current,2025-03-27,active,VALID
devon4859@upi,cust106956,icici,credit_card_linked,2024-04-23,active,VALID
christina6749@upi,cust107239,sbi,credit_card_linked,2024-05-27,active,VALID
wanda2182@upi,cust100959,sbi,savings,2025-07-08,active,VALID
heather2349@upi,cust101147,kotak,credit_card_linked,2025-06-13,active,VALID
cheryl4333@upi,cust101330,kotak,savings,2023-07-29,active,VALID
jerry2500@upi,cust109517,axis,savings,2022-07-30,active,VALID
samuel8463@upi,cust105130,kotak,current,2025-05-01,active,VALID
courtney6215@upi,cust100509,pnb,current,2024-11-03,active,VALID
andrea9465@upi,cust106456,axis,credit_card_linked,2025-01-02,active,VALID
christine2884@upi,cust108978,kotak,current,2022-01-16,active,VALID
adam2445@upi,cust101281,icici,credit_card_linked,2023-05-01,active,VALID
brian6447@upi,cust100953,sbi,savings,2023-10-18,active,VALID
joseph8998@upi,cust108831,axis,current,2023-02-03,active,VALID
cassandra6514@upi,cust104196,icici,savings,2025-02-19,active,VALID
scott8697@upi,cust100346,pnb,current,2023-05-08,active,VALID
amy9401@upi,cust106291,kotak,credit_card_linked,2022-04-17,active,VALID
john7236@upi,cust109022,sbi,savings,2025-01-24,active,VALID
kaitlyn6922@upi,cust107578,sbi,credit_card_linked,2022-11-14,active,VALID
krystal9085@upi,cust101981,kotak,savings,2025-05-18,active,VALID
jennifer5706@upi,cust105377,icici,savings,2025-07-21,active,VALID
erik3577@upi,cust100768,hdfc,savings,2024-06-28,active,VALID
kevin1744@upi,cust103886,icici,credit_card_linked,2025-04-24,active,VALID
leonard4632@upi,cust107401,axis,current,2024-03-18,active,VALID
brett3671@upi,cust106053,sbi,savings,2025-07-21,active,VALID
andrew5249@upi,cust109654,hdfc,current,2025-08-02,active,VALID
jillian3614@upi,cust101631,icici,current,2023-01-31,active,VALID
kelsey8502@upi,cust107768,kotak,credit_card_linked,2024-06-07,active,VALID
casey9529@upi,cust109635,sbi,credit_card_linked,2023-12-14,active,VALID
lisa9784@upi,cust100556,icici,credit_card_linked,2024-08-13,active,VALID
jeffrey5648@upi,cust108033,kotak,credit_card_linked,2024-01-31,active,VALID
wanda9874@upi,cust108952,axis,current,2023-06-28,active,VALID
jamie8754@upi,cust104248,sbi,current,2025-06-01,active,VALID
nathaniel7576@upi,cust100699,sbi,current,2024-12-18,suspended,VALID
daniel8528@upi,cust102753,icici,savings,2024-07-09,active,VALID
kathryn4427@upi,cust103515,pnb,current,2025-07-12,active,VALID
laura6119@upi,cust102288,hdfc,current,2023-10-03,active,VALID
jordan5884@upi,cust108967,sbi,credit_card_linked,2024-04-09,active,VALID
donald2367@upi,cust101206,axis,current,2025-05-23,active,VALID
matthew9879@upi,cust109409,axis,savings,2023-06-19,active,VALID
carmen8400@upi,cust109885,sbi,savings,2024-11-27,active,VALID
krystal4157@upi,cust103736,icici,credit_card_linked,2025-04-22,active,VALID
mark6032@upi,cust108459,hdfc,current,2025-08-03,active,VALID
jonathan7660@upi,cust102291,icici,savings,2022-11-16,active,VALID
douglas2369@upi,cust102059,axis,savings,2025-02-10,active,VALID
christine1379@upi,cust106143,sbi,savings,2022-05-20,active,VALID
brian1180@upi,cust103743,pnb,credit_card_linked,2023-04-18,active,VALID
darrell6695@upi,cust102555,sbi,credit_card_linked,2025-01-11,active,VALID
andrea1999@upi,cust106456,axis,savings,2024-10-29,active,VALID
dominique7552@upi,cust109851,axis,savings,2025-05-05,active,VALID
ann4854@upi,cust100152,axis,current,2025-06-08,active,VALID
alexander2584@upi,cust101697,kotak,current,2024-01-30,active,VALID
peter8920@upi,cust106482,icici,current,2025-02-23,active,VALID
vanessa7513@upi,cust104598,hdfc,credit_card_linked,2025-06-04,active,VALID
kelly9017@upi,cust101275,hdfc,savings,2024-12-19,active,VALID
taylor6493@upi,cust101451,pnb,current,2023-06-26,active,VALID
jason5325@upi,cust102654,sbi,savings,2022-12-27,active,VALID
michelle9350@upi,cust106965,pnb,credit_card_linked,2022-10-01,active,VALID
tammy3289@upi,cust104533,kotak,savings,2023-05-16,active,VALID
kelly4590@upi,cust105709,pnb,credit_card_linked,2023-11-03,active,VALID
nicolas5787@upi,cust102846,axis,current,2024-10-29,active,VALID
tara9767@upi,cust104526,sbi,current,2024-05-22,active,VALID
luis7670@upi,cust107061,axis,current,2024-07-28,active,VALID
adam1328@upi,cust102217,sbi,credit_card_linked,2025-06-10,active,VALID
lisa8067@upi,cust105418,icici,savings,2024-03-03,active,VALID
hailey4920@upi,cust102015,pnb,savings,2025-07-15,suspended,VALID
barbara6630@upi,cust103770,pnb,savings,2025-04-07,active,VALID
daniel9192@upi,cust102055,hdfc,credit_card_linked,2022-12-14,suspended,VALID
amanda3363@upi,cust106229,hdfc,current,2022-10-19,active,VALID
michelle1098@upi,cust106000,kotak,savings,2025-07-03,active,VALID
benjamin1298@upi,cust104224,icici,current,2025-05-07,active,VALID
andrea2840@upi,cust100440,pnb,current,2022-05-05,active,VALID
holly7198@upi,cust104846,hdfc,credit_card_linked,2024-12-19,active,VALID
ronald8016@upi,cust100808,icici,savings,2023-05-06,active,VALID
colleen5703@upi,cust103950,kotak,savings,2024-08-22,active,VALID
christine4557@upi,cust102026,sbi,savings,2023-03-23,active,VALID
sandra3573@upi,cust101469,kotak,current,2023-03-09,active,VALID
elizabeth5538@upi,cust107542,hdfc,current,2024-09-15,active,VALID
diana8199@upi,cust106526,pnb,current,2024-09-04,active,VALID
michael6459@upi,cust109810,hdfc,current,2024-12-23,active,VALID
matthew4262@upi,cust107530,pnb,credit_card_linked,2024-11-14,active,VALID
erin1378@upi,cust104004,sbi,current,2024-08-20,active,VALID
christopher3769@upi,cust103806,pnb,savings,2024-07-06,suspended,VALID
angela6090@upi,cust109927,axis,savings,2021-12-12,active,VALID
ralph6922@upi,cust107415,icici,savings,2024-03-22,active,VALID
hannah2421@upi,cust106283,pnb,current,2025-07-08,active,VALID
clifford9905@upi,cust109658,sbi,savings,2023-12-17,active,VALID
robert9297@upi,cust105483,axis,savings,2025-04-15,active,VALID
jaclyn6128@upi,cust101995,axis,savings,2023-01-06,active,VALID
gregory6596@upi,cust102475,pnb,savings,2024-11-23,blocked,VALID
melissa1246@upi,cust101917,hdfc,credit_card_linked,2025-04-16,active,VALID
jason6590@upi,cust102569,pnb,savings,2025-06-16,active,VALID
jeffrey5378@upi,cust104134,kotak,savings,2021-02-16,active,VALID
claudia7591@upi,cust104910,kotak,savings,2025-05-26,active,VALID
troy8658@upi,cust105890,sbi,credit_card_linked,2024-08-03,active,VALID
tina7053@upi,cust107388,hdfc,credit_card_linked,2022-09-22,active,VALID
matthew7694@upi,cust108849,icici,current,2024-01-18,active,VALID
cynthia7076@upi,cust107295,hdfc,current,2025-06-01,blocked,VALID
laura7219@upi,cust102288,hdfc,savings,2024-05-19,active,VALID
tyrone5514@upi,cust102042,axis,credit_card_linked,2025-07-31,active,VALID
jeffrey3528@upi,cust107910,axis,credit_card_linked,2023-06-27,active,VALID
michael7926@upi,cust103169,icici,savings,2025-03-31,active,VALID
stephanie7572@upi,cust107573,sbi,savings,2024-04-12,active,VALID
corey9652@upi,cust101245,sbi,savings,2024-01-24,active,VALID
tyler5073@upi,cust108517,kotak,current,2024-10-17,active,VALID
molly8053@upi,cust101573,axis,current,2023-12-09,active,VALID
deborah3890@upi,cust101502,hdfc,credit_card_linked,2022-10-29,active,VALID
danielle6791@upi,cust109814,pnb,current,2024-07-11,active,VALID
cynthia4874@upi,cust101193,axis,credit_card_linked,2023-02-01,active,VALID
mark1903@upi,cust107191,hdfc,savings,2024-08-27,active,VALID
mr.3268@upi,cust105532,icici,credit_card_linked,2023-12-08,active,VALID
debra7368@upi,cust106573,pnb,savings,2021-05-25,active,VALID
brittany3085@upi,cust103068,axis,current,2024-08-07,active,VALID
michael6806@upi,cust103501,pnb,savings,2025-03-18,active,VALID
gerald2001@upi,cust103940,axis,current,2025-07-21,active,VALID
samuel1629@upi,cust102424,icici,current,2024-09-18,active,VALID
john5166@upi,cust104719,axis,current,2023-04-09,active,VALID
heather5055@upi,cust102541,axis,savings,2025-03-28,active,VALID
mark8700@upi,cust109337,hdfc,credit_card_linked,2022-06-23,active,VALID
mike7837@upi,cust105005,kotak,current,2025-07-03,active,VALID
michele8539@upi,cust102301,icici,current,2024-11-26,blocked,VALID
paul5777@upi,cust107594,hdfc,credit_card_linked,2024-08-28,active,VALID
joseph4239@upi,cust102914,sbi,current,2024-08-06,active,VALID
ashley6417@upi,cust102964,hdfc,current,2025-04-19,active,VALID
jeffrey4093@upi,cust105030,axis,savings,2025-07-24,active,VALID
john7255@upi,cust100260,sbi,current,2025-08-05,active,VALID
david2109@upi,cust109026,kotak,current,2025-03-23,active,VALID
dr.6867@upi,cust103156,hdfc,credit_card_linked,2024-08-29,active,VALID
janet4864@upi,cust100701,axis,savings,2022-10-11,active,VALID
david1339@upi,cust108376,hdfc,savings,2025-06-04,active,VALID
omar6935@upi,cust102278,axis,savings,2024-03-04,active,VALID
samantha2043@upi,cust109480,sbi,credit_card_linked,2025-07-17,active,VALID
brooke7616@upi,cust102773,kotak,current,2025-07-17,active,VALID
melinda6894@upi,cust104088,kotak,credit_card_linked,2022-06-10,active,VALID
mary3883@upi,cust109139,kotak,credit_card_linked,2025-03-10,active,VALID
ryan3436@upi,cust103205,hdfc,current,2022-10-31,active,VALID
ryan3140@upi,cust104114,hdfc,credit_card_linked,2023-11-15,active,VALID
joseph4415@upi,cust101424,icici,current,2021-05-13,active,VALID
stacey6292@upi,cust109991,icici,savings,2023-07-08,active,VALID
diana9125@upi,cust100917,icici,credit_card_linked,2021-11-03,active,VALID
wayne7345@upi,cust100491,hdfc,credit_card_linked,2024-10-03,active,VALID
tyler1330@upi,cust109109,kotak,current,2024-05-04,active,VALID
carl6137@upi,cust104918,axis,current,2024-08-20,active,VALID
april9285@upi,cust104024,sbi,credit_card_linked,2025-07-31,suspended,VALID
megan3435@upi,cust107859,axis,savings,2025-04-03,active,VALID
patricia4417@upi,cust101266,axis,credit_card_linked,2025-03-24,active,VALID
richard5763@upi,cust101824,axis,credit_card_linked,2024-09-23,active,VALID
dwayne2785@upi,cust105585,hdfc,current,2023-08-10,active,VALID
angel4180@upi,cust106918,icici,current,2025-07-07,active,VALID
christine7394@upi,cust100542,sbi,current,2023-11-10,active,VALID
todd6275@upi,cust108089,hdfc,credit_card_linked,2024-11-28,active,VALID
taylor6319@upi,cust101957,hdfc,current,2025-06-26,active,VALID
ashley7401@upi,cust101286,pnb,savings,2025-02-18,active,VALID
robert3163@upi,cust100137,hdfc,savings,2021-12-02,active,VALID
alicia8105@upi,cust103693,pnb,savings,2023-05-10,active,VALID
christian3228@upi,cust106412,hdfc,current,2023-10-06,suspended,VALID
dominique3338@upi,cust102246,pnb,credit_card_linked,2024-04-18,active,VALID
james3554@upi,cust109242,sbi,credit_card_linked,2023-05-17,active,VALID
bobby5072@upi,cust109922,axis,credit_card_linked,2025-02-09,active,VALID
anthony4577@upi,cust104613,hdfc,current,2022-03-16,active,VALID
anthony3181@upi,cust101607,axis,credit_card_linked,2023-12-04,active,VALID
john4918@upi,cust109030,hdfc,current,2022-08-03,active,VALID
danielle4886@upi,cust105885,hdfc,current,2023-07-01,active,VALID
travis5095@upi,cust106719,icici,credit_card_linked,2025-03-21,blocked,VALID
sharon7166@upi,cust102756,kotak,credit_card_linked,2025-02-14,active,VALID
donald5086@upi,cust109239,kotak,current,2024-05-08,active,VALID
pamela3295@upi,cust109379,icici,current,2023-06-01,active,VALID
kristopher2872@upi,cust102866,axis,savings,2024-09-02,active,VALID
jason6073@upi,cust107654,kotak,current,2023-09-22,active,VALID
lynn9631@upi,cust103727,sbi,savings,2024-12-16,active,VALID
jacqueline7631@upi,cust107729,sbi,savings,2024-11-09,active,VALID
andrew9611@upi,cust102690,sbi,credit_card_linked,2025-05-13,active,VALID
james4374@upi,cust101759,hdfc,savings,2022-11-06,active,VALID
roger6457@upi,cust105950,kotak,savings,2025-07-31,active,VALID
reginald1681@upi,cust108728,kotak,savings,2023-11-05,active,VALID
ashley9425@upi,cust108370,hdfc,savings,2025-05-25,active,VALID
dominique2963@upi,cust108142,pnb,current,2024-08-31,active,VALID
todd8588@upi,cust104250,axis,current,2023-03-08,active,VALID
brianna3035@upi,cust108299,kotak,savings,2025-05-31,active,VALID
katie3893@upi,cust102499,axis,credit_card_linked,2022-11-06,active,VALID
margaret7412@upi,cust104737,axis,current,2025-04-30,active,VALID
kimberly1131@upi,cust107256,pnb,current,2025-02-21,active,VALID
christopher5624@upi,cust102346,pnb,credit_card_linked,2022-10-02,active,VALID
richard8064@upi,cust102793,pnb,current,2024-07-11,active,VALID
hannah2966@upi,cust103012,icici,current,2025-04-08,blocked,VALID
crystal4090@upi,cust108741,sbi,credit_card_linked,2024-04-09,active,VALID
john5826@upi,cust103214,icici,current,2022-06-14,active,VALID
jeffrey6727@upi,cust104101,axis,current,2025-01-22,active,VALID
david8644@upi,cust109185,kotak,credit_card_linked,2024-09-17,active,VALID
jennifer6921@upi,cust106288,pnb,savings,2025-05-23,active,VALID
kimberly6668@upi,cust108111,hdfc,current,2023-06-02,active,VALID
denise7688@upi,cust103681,axis,credit_card_linked,2025-04-05,active,VALID
james8156@upi,cust102959,sbi,credit_card_linked,2021-04-28,active,VALID
billy8010@upi,cust101347,icici,current,2025-03-31,active,VALID
mark4463@upi,cust103634,pnb,current,2024-02-25,active,VALID
john8025@upi,cust108468,sbi,savings,2025-02-05,active,VALID
darlene4775@upi,cust101120,hdfc,current,2024-09-08,active,VALID
nancy9385@upi,cust108660,icici,credit_card_linked,2024-10-27,active,VALID
erica1669@upi,cust108824,icici,savings,2025-07-03,active,VALID
andrew9358@upi,cust103248,pnb,savings,2024-08-06,suspended,VALID
mrs.6567@upi,cust108147,hdfc,current,2022-12-09,active,VALID
joseph7686@upi,cust106840,hdfc,savings,2024-01-29,active,VALID
robert8851@upi,cust103284,kotak,current,2022-09-28,active,VALID
dr.5079@upi,cust103933,hdfc,savings,2025-01-01,active,VALID
lori7629@upi,cust105185,sbi,savings,2025-07-29,active,VALID
antonio9130@upi,cust105394,sbi,current,2023-12-25,active,VALID
kyle2049@upi,cust106030,icici,credit_card_linked,2024-04-29,active,VALID
timothy8101@upi,cust107015,kotak,savings,2022-01-17,active,VALID
christine8149@upi,cust108978,kotak,credit_card_linked,2023-04-03,active,VALID
stacie7237@upi,cust108204,pnb,credit_card_linked,2025-05-24,active,VALID
melissa7642@upi,cust100380,axis,savings,2025-04-26,active,VALID
linda9535@upi,cust104796,pnb,credit_card_linked,2023-04-12,active,VALID
whitney1723@upi,cust108656,sbi,credit_card_linked,2025-06-27,active,VALID
susan1488@upi,cust106076,axis,savings,2024-08-22,active,VALID
donna8011@upi,cust108574,hdfc,current,2024-08-03,active,VALID
daniel5846@upi,cust102905,axis,credit_card_linked,2025-07-25,active,VALID
joel1542@upi,cust104742,sbi,savings,2024-09-05,active,VALID
ashley3757@upi,cust109287,pnb,credit_card_linked,2024-06-20,active,VALID
kimberly2848@upi,cust100168,pnb,credit_card_linked,2025-01-04,active,VALID
melissa9120@upi,cust109955,icici,current,2025-04-01,active,VALID
anthony1201@upi,cust105905,axis,savings,2025-03-06,active,VALID
katrina8476@upi,cust105769,kotak,credit_card_linked,2025-05-05,active,VALID
sylvia3838@upi,cust103334,hdfc,current,2023-11-06,active,VALID
sandra6540@upi,cust101469,sbi,credit_card_linked,2024-02-21,active,VALID
kyle9834@upi,cust106030,kotak,savings,2022-12-06,active,VALID
jasmine9224@upi,cust103812,pnb,current,2025-06-24,active,VALID
nicole8101@upi,cust102471,kotak,current,2025-05-11,active,VALID
eric6334@upi,cust109850,axis,savings,2024-10-14,active,VALID
tracy2145@upi,cust102222,pnb,savings,2023-09-22,active,VALID
jerry6450@upi,cust101982,kotak,current,2024-01-27,active,VALID
heather8617@upi,cust108670,sbi,savings,2024-09-10,active,VALID
sandra3858@upi,cust107477,hdfc,credit_card_linked,2025-01-08,active,VALID
sara2808@upi,cust103613,axis,credit_card_linked,2024-01-14,active,VALID
mary3955@upi,cust107783,kotak,current,2022-01-14,active,VALID
barbara5753@upi,cust108160,pnb,current,2024-03-29,active,VALID
claudia4523@upi,cust101116,axis,savings,2025-01-13,active,VALID
phillip9328@upi,cust107188,hdfc,savings,2025-07-31,active,VALID
kenneth5220@upi,cust104899,hdfc,current,2025-07-24,suspended,VALID
mark7562@upi,cust105170,hdfc,savings,2024-02-13,active,VALID
abigail5233@upi,cust101345,pnb,savings,2021-10-23,active,VALID
jessica9322@upi,cust107346,kotak,savings,2021-08-19,active,VALID
courtney8792@upi,cust100757,icici,credit_card_linked,2024-05-08,active,VALID
shannon1088@upi,cust103309,icici,savings,2024-09-05,active,VALID
alicia3219@upi,cust104058,pnb,current,2024-08-18,active,VALID
kathleen8806@upi,cust102888,sbi,credit_card_linked,2024-05-02,active,VALID
marcus4295@upi,cust101738,hdfc,credit_card_linked,2025-02-23,active,VALID
michael6616@upi,cust102981,hdfc,savings,2025-03-31,active,VALID
cathy8094@upi,cust109892,icici,current,2025-07-30,suspended,VALID
timothy5661@upi,cust100238,pnb,savings,2022-06-08,active,VALID
wendy7219@upi,cust107585,hdfc,credit_card_linked,2025-07-03,active,VALID
keith5111@upi,cust104216,sbi,credit_card_linked,2024-03-18,active,VALID
sarah7815@upi,cust107650,icici,credit_card_linked,2023-02-26,active,VALID
sean3299@upi,cust100633,hdfc,credit_card_linked,2024-12-05,active,VALID
debbie3638@upi,cust107196,axis,credit_card_linked,2025-02-21,active,VALID
jason1731@upi,cust105799,hdfc,savings,2023-09-15,suspended,VALID
john2875@upi,cust103172,icici,credit_card_linked,2023-10-27,active,VALID
frank7384@upi,cust109993,icici,credit_card_linked,2024-08-30,active,VALID
jamie8368@upi,cust100171,pnb,credit_card_linked,2023-08-25,active,VALID
paige4090@upi,cust106744,pnb,savings,2025-04-30,active,VALID
todd7785@upi,cust102954,kotak,savings,2024-12-27,active,VALID
sarah1664@upi,cust101279,sbi,credit_card_linked,2025-05-20,active,VALID
kyle4581@upi,cust108039,kotak,savings,2025-06-09,active,VALID
dominic6747@upi,cust100305,sbi,savings,2024-06-17,active,VALID
hunter8558@upi,cust103790,axis,savings,2025-06-13,active,VALID
michele7009@upi,cust108538,axis,savings,2024-12-29,active,VALID
robert5020@upi,cust107009,pnb,savings,2024-04-27,active,VALID
tracy9159@upi,cust107996,hdfc,credit_card_linked,2025-02-16,active,VALID
kelli8952@upi,cust109364,hdfc,credit_card_linked,2025-04-26,active,VALID
mary9586@upi,cust106922,kotak,current,2024-10-03,active,VALID
ms.7306@upi,cust108068,axis,savings,2025-07-20,active,VALID
james6465@upi,cust102579,kotak,savings,2023-06-16,active,VALID
robert6590@upi,cust103548,axis,current,2025-06-30,active,VALID
jeffrey7212@upi,cust103507,sbi,savings,2025-06-03,active,VALID
morgan9737@upi,cust108584,sbi,credit_card_linked,2025-04-07,active,VALID
jesse6017@upi,cust101913,kotak,savings,2024-11-17,active,VALID
kevin5666@upi,cust104122,axis,credit_card_linked,2023-09-16,suspended,VALID
gloria4601@upi,cust107808,icici,current,2025-05-25,suspended,VALID
audrey7800@upi,cust107140,icici,current,2024-08-19,active,VALID
brianna8863@upi,cust100670,icici,savings,2024-04-27,suspended,VALID
marie6244@upi,cust105648,pnb,savings,2025-04-07,suspended,VALID
steven6465@upi,cust107516,hdfc,savings,2025-05-01,active,VALID
cory8609@upi,cust105282,kotak,current,2024-08-31,active,VALID
matthew1239@upi,cust109013,pnb,credit_card_linked,2025-06-27,active,VALID
brooke6974@upi,cust101306,pnb,credit_card_linked,2025-04-12,active,VALID
eric3227@upi,cust109725,hdfc,credit_card_linked,2024-03-17,active,VALID
michael7430@upi,cust103686,icici,credit_card_linked,2022-01-12,active,VALID
carla2810@upi,cust102503,axis,current,2024-11-04,active,VALID
laura1793@upi,cust109763,sbi,current,2025-03-15,active,VALID
david4891@upi,cust101132,hdfc,savings,2024-12-22,active,VALID
joshua8938@upi,cust108170,icici,savings,2025-05-11,active,VALID
ray2834@upi,cust108368,sbi,savings,2024-01-13,active,VALID
jacob8923@upi,cust107865,axis,credit_card_linked,2024-06-10,active,VALID
nicholas5507@upi,cust104241,hdfc,savings,2025-01-27,active,VALID
rachael5245@upi,cust100697,pnb,savings,2021-03-11,active,VALID
renee9580@upi,cust107707,kotak,credit_card_linked,2024-06-18,active,VALID
mary8667@upi,cust109574,pnb,savings,2023-11-25,blocked,VALID
tommy7072@upi,cust105173,axis,credit_card_linked,2024-04-02,active,VALID
suzanne9640@upi,cust104929,pnb,savings,2021-10-05,active,VALID
debbie6006@upi,cust107196,axis,current,2024-12-12,active,VALID
danielle2137@upi,cust108696,pnb,savings,2024-08-17,active,VALID
rachael8438@upi,cust105065,axis,savings,2025-06-16,active,VALID
kathleen7818@upi,cust101463,pnb,credit_card_linked,2025-06-02,active,VALID
tyler6776@upi,cust109220,pnb,savings,2025-07-14,active,VALID
melissa6194@upi,cust100806,sbi,savings,2023-09-09,active,VALID
michael9301@upi,cust105971,pnb,credit_card_linked,2024-05-05,active,VALID
jessica7759@upi,cust105379,hdfc,savings,2022-11-17,blocked,VALID
alexa3299@upi,cust102154,kotak,credit_card_linked,2023-02-13,active,VALID
jennifer2843@upi,cust106676,sbi,current,2022-01-14,active,VALID
alex7898@upi,cust104324,sbi,current,2025-03-04,active,VALID
brett6753@upi,cust105424,sbi,savings,2025-06-01,active,VALID
tanya1250@upi,cust100630,kotak,savings,2022-11-27,active,VALID
christopher5572@upi,cust106944,hdfc,current,2023-11-16,blocked,VALID
christina1529@upi,cust102873,sbi,savings,2024-09-30,active,VALID
raymond6589@upi,cust103759,sbi,credit_card_linked,2024-01-08,active,VALID
robert4123@upi,cust109144,sbi,current,2024-10-03,active,VALID
leslie5409@upi,cust101417,pnb,savings,2023-11-16,active,VALID
willie7556@upi,cust105125,hdfc,current,2024-03-02,blocked,VALID
joseph4316@upi,cust101750,kotak,savings,2022-09-04,active,VALID
melissa6653@upi,cust103546,kotak,credit_card_linked,2023-09-24,active,VALID
joseph2378@upi,cust101936,icici,credit_card_linked,2023-05-06,active,VALID
kelly6870@upi,cust109307,sbi,savings,2025-02-17,active,VALID
heather4480@upi,cust102199,pnb,credit_card_linked,2024-04-04,active,VALID
tammy8630@upi,cust103582,pnb,current,2024-11-26,active,VALID
rachel2362@upi,cust100370,axis,savings,2024-09-09,active,VALID
anthony7850@upi,cust100609,kotak,current,2025-07-17,active,VALID
jennifer3794@upi,cust103843,kotak,savings,2025-02-13,active,VALID
matthew5589@upi,cust103587,kotak,credit_card_linked,2024-12-07,active,VALID
amber6404@upi,cust106206,hdfc,savings,2024-07-26,active,VALID
stuart1220@upi,cust101106,pnb,current,2025-07-16,active,VALID
richard7655@upi,cust108325,axis,current,2022-06-22,active,VALID
melissa2921@upi,cust100380,hdfc,current,2025-07-01,active,VALID
jason1056@upi,cust108640,sbi,savings,2024-07-05,active,VALID
dylan1254@upi,cust106853,hdfc,current,2021-05-23,active,VALID
jennifer1070@upi,cust103397,icici,current,2024-12-22,suspended,VALID
danielle8145@upi,cust107788,icici,credit_card_linked,2025-06-13,active,VALID
jesse5365@upi,cust105048,pnb,credit_card_linked,2025-08-01,active,VALID
laura1646@upi,cust107216,kotak,credit_card_linked,2025-06-19,active,VALID
dylan3496@upi,cust101127,kotak,credit_card_linked,2021-05-18,active,VALID
brittney5979@upi,cust103864,hdfc,savings,2025-07-08,active,VALID
wanda7273@upi,cust107579,hdfc,savings,2025-03-31,active,VALID
william9375@upi,cust108580,kotak,current,2025-04-19,active,VALID
kerri8513@upi,cust102963,hdfc,credit_card_linked,2024-05-10,active,VALID
joshua5335@upi,cust109659,sbi,savings,2024-08-15,active,VALID
lindsey4546@upi,cust100836,axis,savings,2025-01-23,active,VALID
lori5773@upi,cust104759,icici,credit_card_linked,2025-07-27,active,VALID
cameron8166@upi,cust106486,kotak,savings,2024-12-21,active,VALID
philip2801@upi,cust109586,hdfc,current,2025-04-01,active,VALID
justin9610@upi,cust103966,sbi,current,2025-01-22,active,VALID
nicole2214@upi,cust107301,pnb,current,2025-07-07,active,VALID
amber3799@upi,cust100833,sbi,savings,2024-07-20,blocked,VALID
kayla7574@upi,cust104054,kotak,savings,2023-03-12,active,VALID
tammy3282@upi,cust109773,pnb,credit_card_linked,2021-05-02,active,VALID
lindsay4972@upi,cust100999,pnb,credit_card_linked,2024-01-19,active,VALID
michelle9040@upi,cust105023,axis,savings,2025-06-27,active,VALID
gary9657@upi,cust106622,kotak,savings,2025-04-01,active,VALID
shane7219@upi,cust103783,pnb,credit_card_linked,2024-02-21,active,VALID
ralph2686@upi,cust107413,icici,credit_card_linked,2025-03-22,active,VALID
tami7706@upi,cust107357,kotak,current,2024-09-23,active,VALID
teresa5050@upi,cust108155,pnb,current,2023-06-19,active,VALID
stephanie1757@upi,cust105160,sbi,current,2024-04-09,active,VALID
johnny6952@upi,cust106373,hdfc,savings,2024-12-09,active,VALID
melissa9464@upi,cust108583,axis,savings,2021-01-23,active,VALID
jonathan8802@upi,cust109424,sbi,current,2023-01-31,active,VALID
jesse5162@upi,cust109545,axis,current,2025-07-31,active,VALID
daniel1866@upi,cust102804,kotak,credit_card_linked,2021-03-23,active,VALID
albert5992@upi,cust108998,hdfc,savings,2024-09-19,active,VALID
sarah4355@upi,cust109230,sbi,savings,2024-11-05,active,VALID
richard8299@upi,cust101824,kotak,current,2025-06-12,suspended,VALID
cindy8389@upi,cust105627,sbi,savings,2022-12-16,active,VALID
theresa1924@upi,cust104031,icici,current,2023-02-16,active,VALID
stephanie7189@upi,cust109523,sbi,credit_card_linked,2024-05-14,active,VALID
michael7408@upi,cust105677,pnb,current,2024-02-19,active,VALID
austin1476@upi,cust109039,hdfc,credit_card_linked,2025-05-18,active,VALID
kathleen2615@upi,cust109704,kotak,current,2024-06-13,active,VALID
tiffany4553@upi,cust109568,pnb,savings,2025-06-10,active,VALID
heidi4713@upi,cust109363,kotak,credit_card_linked,2024-09-30,active,VALID
john8903@upi,cust105959,kotak,savings,2025-02-01,active,VALID
grant6081@upi,cust100790,sbi,credit_card_linked,2022-08-30,active,VALID
matthew6270@upi,cust105188,icici,savings,2024-09-09,active,VALID
april6369@upi,cust107924,sbi,savings,2025-03-01,active,VALID
lauren8966@upi,cust102980,hdfc,credit_card_linked,2025-04-04,active,VALID
kristopher8831@upi,cust109630,sbi,savings,2022-11-01,active,VALID
ashley9363@upi,cust106362,pnb,savings,2023-03-07,active,VALID
joseph1245@upi,cust106046,kotak,current,2024-02-28,active,VALID
alexander9411@upi,cust106582,hdfc,savings,2023-11-01,active,VALID
joseph2063@upi,cust103281,axis,savings,2024-12-26,active,VALID
justin9493@upi,cust109657,pnb,savings,2023-01-06,active,VALID
tammy1775@upi,cust100094,hdfc,current,2024-12-04,active,VALID
garrett8128@upi,cust109647,hdfc,current,2025-03-17,active,VALID
rebecca2221@upi,cust107761,axis,savings,2023-11-18,active,VALID
brett8082@upi,cust105939,pnb,credit_card_linked,2024-02-15,active,VALID
charles1055@upi,cust103566,icici,savings,2025-06-16,active,VALID
valerie7402@upi,cust107853,axis,credit_card_linked,2024-09-28,active,VALID
jesse1243@upi,cust108167,icici,credit_card_linked,2023-04-08,suspended,VALID
michele3804@upi,cust107374,axis,current,2024-10-02,active,VALID
linda5748@upi,cust107445,pnb,current,2025-02-20,active,VALID
sarah5091@upi,cust101853,icici,savings,2025-06-11,active,VALID
steven2918@upi,cust100602,kotak,current,2024-01-06,active,VALID
kevin5282@upi,cust109066,pnb,credit_card_linked,2025-06-10,active,VALID
robin3755@upi,cust108529,kotak,current,2025-04-13,active,VALID
thomas6341@upi,cust103412,axis,credit_card_linked,2023-10-18,suspended,VALID
terrence5498@upi,cust106349,axis,credit_card_linked,2021-09-04,suspended,VALID
lisa8918@upi,cust102201,kotak,credit_card_linked,2025-07-09,active,VALID
andrew5504@upi,cust104223,sbi,savings,2022-09-10,active,VALID
keith3830@upi,cust101405,kotak,savings,2022-02-20,active,VALID
tyler2081@upi,cust108746,axis,current,2025-07-09,active,VALID
ronald8953@upi,cust102203,axis,credit_card_linked,2023-04-12,active,VALID
courtney1730@upi,cust109130,hdfc,current,2023-04-02,active,VALID
mark8039@upi,cust104727,hdfc,savings,2024-09-14,active,VALID
morgan8912@upi,cust109700,hdfc,savings,2024-12-29,active,VALID
brian4591@upi,cust100942,sbi,current,2024-01-29,active,VALID
eric3709@upi,cust103339,axis,current,2024-10-15,active,VALID
austin1550@upi,cust101334,icici,savings,2025-03-11,active,VALID
joe7122@upi,cust104295,hdfc,current,2025-08-01,active,VALID
audrey7766@upi,cust101461,hdfc,current,2024-07-10,active,VALID
christopher7202@upi,cust106892,pnb,credit_card_linked,2025-06-18,active,VALID
mr.5325@upi,cust101068,icici,savings,2024-11-09,suspended,VALID
robert6886@upi,cust101660,axis,savings,2024-07-24,active,VALID
scott9330@upi,cust102456,kotak,credit_card_linked,2024-01-11,active,VALID
alex7223@upi,cust104324,hdfc,current,2023-05-28,active,VALID
julia5858@upi,cust101839,icici,credit_card_linked,2022-03-30,active,VALID
kevin9017@upi,cust104309,kotak,current,2021-10-01,active,VALID
steven7659@upi,cust106949,kotak,credit_card_linked,2023-05-01,active,VALID
samuel7554@upi,cust102618,sbi,current,2025-06-25,active,VALID
joanne7008@upi,cust105386,kotak,credit_card_linked,2025-03-16,active,VALID
michelle1077@upi,cust106965,hdfc,current,2022-10-30,active,VALID
michelle5717@upi,cust107223,kotak,credit_card_linked,2023-04-07,active,VALID
paul9496@upi,cust105956,pnb,credit_card_linked,2022-11-03,active,VALID
gary9495@upi,cust103516,sbi,credit_card_linked,2025-02-10,active,VALID
kenneth3499@upi,cust103951,kotak,current,2024-11-15,active,VALID
mark7920@upi,cust109673,sbi,savings,2023-06-09,active,VALID
benjamin8032@upi,cust108270,kotak,savings,2022-04-15,active,VALID
charles1875@upi,cust100974,hdfc,credit_card_linked,2025-06-01,active,VALID
ricardo7814@upi,cust100322,pnb,current,2023-04-06,active,VALID
james6269@upi,cust107192,axis,credit_card_linked,2022-10-10,active,VALID
steven3969@upi,cust107465,hdfc,credit_card_linked,2021-12-13,active,VALID
cheryl8021@upi,cust101373,axis,current,2025-07-13,active,VALID
teresa7835@upi,cust103753,icici,credit_card_linked,2025-06-29,active,VALID
brandy2114@upi,cust102348,kotak,current,2024-08-26,active,VALID
shari6771@upi,cust109916,hdfc,current,2024-08-19,suspended,VALID
james2195@upi,cust109639,icici,credit_card_linked,2024-03-07,active,VALID
jeffrey5079@upi,cust105019,sbi,current,2025-02-28,active,VALID
michael6093@upi,cust100101,kotak,credit_card_linked,2021-12-24,blocked,VALID
brittney8452@upi,cust104302,icici,credit_card_linked,2021-10-08,suspended,VALID
randy1202@upi,cust103115,axis,credit_card_linked,2024-01-18,active,VALID
virginia6686@upi,cust106253,axis,credit_card_linked,2023-07-16,active,VALID
karen2608@upi,cust109427,pnb,credit_card_linked,2025-05-19,active,VALID
jeffery2347@upi,cust103438,hdfc,savings,2023-06-28,active,VALID
lynn8770@upi,cust107287,icici,savings,2025-01-14,active,VALID
alyssa4706@upi,cust104805,sbi,current,2023-12-12,active,VALID
maria1480@upi,cust103580,kotak,savings,2025-08-01,active,VALID
melissa6759@upi,cust101138,icici,credit_card_linked,2025-01-15,suspended,VALID
ashley8363@upi,cust106661,kotak,savings,2025-07-23,active,VALID
christopher4756@upi,cust102357,pnb,current,2023-02-16,active,VALID
michelle4898@upi,cust107956,hdfc,savings,2025-04-07,suspended,VALID
michael7104@upi,cust108046,kotak,current,2025-05-19,active,VALID
elizabeth9070@upi,cust102117,hdfc,credit_card_linked,2022-07-03,active,VALID
daniel8279@upi,cust108003,sbi,current,2022-12-31,active,VALID
paul2326@upi,cust100965,icici,credit_card_linked,2025-04-07,blocked,VALID
richard2841@upi,cust100412,hdfc,savings,2021-12-31,active,VALID
ashley5260@upi,cust100198,sbi,credit_card_linked,2024-10-09,active,VALID
chase3246@upi,cust103035,sbi,savings,2024-11-24,active,VALID
joseph7526@upi,cust103672,icici,credit_card_linked,2025-08-02,active,VALID
susan7496@upi,cust102689,kotak,current,2025-03-09,active,VALID
robin3477@upi,cust103801,kotak,current,2025-07-20,active,VALID
kelsey1346@upi,cust106197,sbi,current,2025-03-22,active,VALID
daniel4244@upi,cust102025,axis,savings,2024-02-11,active,VALID
vincent1660@upi,cust101171,icici,current,2025-07-19,active,VALID
sandra1750@upi,cust102163,pnb,credit_card_linked,2022-10-23,active,VALID
monica9380@upi,cust109558,pnb,credit_card_linked,2024-07-05,active,VALID
jeffrey7178@upi,cust109856,kotak,savings,2025-03-14,active,VALID
justin9150@upi,cust100081,hdfc,credit_card_linked,2025-04-14,active,VALID
oscar2124@upi,cust102911,icici,credit_card_linked,2025-07-04,active,VALID
cory4866@upi,cust101887,pnb,current,2024-08-12,active,VALID
laura5242@upi,cust108238,kotak,current,2024-03-13,active,VALID
debbie9647@upi,cust103700,hdfc,current,2023-06-26,active,VALID
susan3477@upi,cust107668,pnb,current,2024-05-20,active,VALID
amanda3815@upi,cust101961,pnb,savings,2024-11-26,active,VALID
linda7238@upi,cust102005,axis,credit_card_linked,2024-12-07,active,VALID
mark1770@upi,cust104381,sbi,credit_card_linked,2025-04-11,active,VALID
stephanie3907@upi,cust107084,pnb,savings,2024-07-27,active,VALID
thomas4410@upi,cust102625,sbi,current,2024-11-10,active,VALID
laura8330@upi,cust107714,icici,current,2024-08-26,active,VALID
kenneth4494@upi,cust103302,pnb,savings,2023-06-25,active,VALID
heidi1687@upi,cust107424,icici,current,2024-04-16,active,VALID
cynthia8284@upi,cust104678,hdfc,current,2025-03-15,active,VALID
robert2144@upi,cust106530,sbi,credit_card_linked,2023-07-24,active,VALID
casey6244@upi,cust107382,kotak,current,2024-11-27,active,VALID
joshua5180@upi,cust100030,hdfc,credit_card_linked,2025-04-30,active,VALID
thomas4692@upi,cust109898,icici,credit_card_linked,2024-12-20,active,VALID
tammy6088@upi,cust102381,hdfc,credit_card_linked,2025-02-02,active,VALID
steven1352@upi,cust104584,kotak,savings,2025-05-19,active,VALID
john4358@upi,cust104319,axis,credit_card_linked,2024-02-26,active,VALID
andrew5110@upi,cust108554,pnb,credit_card_linked,2023-10-10,active,VALID
jennifer7354@upi,cust104205,axis,savings,2025-06-13,active,VALID
maria4979@upi,cust106213,sbi,current,2024-10-28,active,VALID
jared3508@upi,cust104388,hdfc,current,2021-10-10,active,VALID
melanie9127@upi,cust105523,icici,current,2025-03-23,active,VALID
jesse1652@upi,cust100867,icici,credit_card_linked,2023-10-06,active,VALID
gregory2603@upi,cust104952,axis,savings,2024-03-08,active,VALID
audrey9461@upi,cust102415,icici,credit_card_linked,2024-05-10,active,VALID
emily3989@upi,cust109611,pnb,current,2025-01-19,active,VALID
michael9805@upi,cust103501,axis,savings,2023-07-08,blocked,VALID
charles3596@upi,cust108219,axis,credit_card_linked,2025-02-27,active,VALID
carlos6891@upi,cust107450,sbi,credit_card_linked,2024-05-20,active,VALID
caroline9048@upi,cust109277,kotak,credit_card_linked,2021-11-25,active,VALID
pamela4011@upi,cust100214,pnb,current,2024-10-11,active,VALID
christina4406@upi,cust102873,kotak,current,2024-12-10,blocked,VALID
joshua9714@upi,cust107204,icici,savings,2022-07-27,active,VALID
angela2579@upi,cust107080,pnb,current,2025-03-13,active,VALID
brandon2717@upi,cust101289,pnb,savings,2025-01-13,active,VALID
kristy7058@upi,cust103289,axis,savings,2022-02-27,suspended,VALID
susan4216@upi,cust108928,icici,current,2025-07-24,blocked,VALID
kaitlyn9275@upi,cust108265,sbi,credit_card_linked,2025-05-08,active,VALID
william6061@upi,cust102139,axis,savings,2025-03-08,active,VALID
jeffrey5129@upi,cust102687,icici,current,2023-08-19,active,VALID
ian7374@upi,cust100466,pnb,current,2023-09-27,active,VALID
katie6669@upi,cust106435,sbi,current,2025-08-01,active,VALID
jennifer2576@upi,cust108394,axis,savings,2023-02-05,active,VALID
mrs.6239@upi,cust102421,pnb,savings,2024-04-05,active,VALID
mark1144@upi,cust101407,hdfc,savings,2023-03-29,active,VALID
ana9248@upi,cust107173,pnb,credit_card_linked,2025-04-01,active,VALID
jeffery1517@upi,cust108420,axis,current,2023-11-05,active,VALID
wayne8147@upi,cust109985,kotak,current,2025-03-08,active,VALID
jake3612@upi,cust102948,kotak,savings,2022-10-03,active,VALID
william1994@upi,cust108515,kotak,current,2024-02-22,active,VALID
tommy8688@upi,cust105173,axis,current,2023-01-30,active,VALID
jamie5443@upi,cust102079,axis,current,2023-02-07,active,VALID
jody8777@upi,cust108287,hdfc,credit_card_linked,2023-04-11,active,VALID
eric5844@upi,cust103988,hdfc,current,2024-03-31,active,VALID
lindsey3147@upi,cust100836,kotak,savings,2023-11-26,active,VALID
mary4080@upi,cust102227,axis,credit_card_linked,2024-06-16,active,VALID
steven8910@upi,cust106984,axis,credit_card_linked,2025-08-03,active,VALID
donna6140@upi,cust106883,icici,current,2025-08-04,active,VALID
sandra1922@upi,cust101443,hdfc,current,2024-12-21,active,VALID
abigail2969@upi,cust101345,kotak,credit_card_linked,2021-09-04,active,VALID
richard8182@upi,cust107245,axis,savings,2022-12-02,active,VALID
caroline7334@upi,cust104971,pnb,current,2024-10-18,active,VALID
heather2228@upi,cust106399,hdfc,current,2025-08-03,active,VALID
raymond3658@upi,cust105472,kotak,savings,2023-09-19,active,VALID
bradley8439@upi,cust106551,hdfc,credit_card_linked,2025-03-25,active,VALID
julie8600@upi,cust102235,sbi,credit_card_linked,2024-12-02,active,VALID
steven2105@upi,cust108725,sbi,savings,2025-06-04,active,VALID
tyler3940@upi,cust107994,icici,current,2025-03-30,active,VALID
katie8719@upi,cust105744,kotak,current,2024-12-31,active,VALID
carla2462@upi,cust109502,kotak,current,2025-05-05,active,VALID
dwayne7316@upi,cust107921,hdfc,savings,2025-04-23,active,VALID
robert3886@upi,cust107647,sbi,savings,2025-07-14,active,VALID
lynn9902@upi,cust103727,axis,credit_card_linked,2025-02-19,active,VALID
jessica8109@upi,cust109299,axis,credit_card_linked,2025-06-01,active,VALID
jonathan6136@upi,cust100855,kotak,current,2023-12-06,active,VALID
julie6125@upi,cust106131,axis,credit_card_linked,2022-12-26,active,VALID
jesus9605@upi,cust105549,kotak,credit_card_linked,2023-08-18,active,VALID
bailey9304@upi,cust109487,hdfc,credit_card_linked,2025-01-17,active,VALID
troy1833@upi,cust105890,icici,credit_card_linked,2023-07-14,active,VALID
tammy4706@upi,cust108471,sbi,current,2024-12-19,active,VALID
jason2053@upi,cust107867,icici,savings,2025-06-27,active,VALID
rachel9832@upi,cust101589,axis,current,2024-03-31,active,VALID
crystal6051@upi,cust104143,axis,current,2025-03-23,active,VALID
sheila3975@upi,cust103952,pnb,savings,2024-07-25,active,VALID
christina4757@upi,cust106580,axis,savings,2024-10-14,active,VALID
brenda2416@upi,cust107293,pnb,current,2024-09-23,active,VALID
leslie5619@upi,cust104032,kotak,savings,2024-09-06,active,VALID
ian4573@upi,cust102629,hdfc,credit_card_linked,2024-04-17,active,VALID
lorraine1010@upi,cust101352,pnb,credit_card_linked,2025-07-22,active,VALID
sharon1543@upi,cust100951,icici,credit_card_linked,2024-10-18,active,VALID
brittany4543@upi,cust104102,icici,current,2024-04-12,active,VALID
mrs.2270@upi,cust105502,pnb,credit_card_linked,2023-03-31,active,VALID
nathaniel9479@upi,cust101046,kotak,current,2025-02-14,active,VALID
nicholas8203@upi,cust109257,icici,savings,2024-01-09,active,VALID
megan3001@upi,cust109665,pnb,current,2025-01-30,active,VALID
henry1701@upi,cust100418,kotak,current,2024-10-31,active,VALID
tommy2271@upi,cust103409,hdfc,current,2023-06-29,active,VALID
anthony6495@upi,cust103209,axis,credit_card_linked,2024-02-12,active,VALID
alvin4181@upi,cust106489,sbi,credit_card_linked,2025-04-23,active,VALID
wendy8395@upi,cust103521,sbi,current,2023-05-09,active,VALID
melissa2321@upi,cust104665,icici,credit_card_linked,2023-09-06,suspended,VALID
cindy9525@upi,cust107658,hdfc,credit_card_linked,2022-10-06,active,VALID
kara6207@upi,cust105607,kotak,current,2022-04-15,active,VALID
samantha3992@upi,cust101439,hdfc,current,2025-07-27,active,VALID
carl5322@upi,cust104149,pnb,savings,2023-10-14,blocked,VALID
melissa6292@upi,cust100044,icici,savings,2024-04-26,active,VALID
jacqueline5635@upi,cust101310,sbi,current,2025-03-27,active,VALID
brandy9423@upi,cust102348,kotak,credit_card_linked,2023-12-30,active,VALID
kimberly7088@upi,cust108463,pnb,credit_card_linked,2024-06-21,active,VALID
kristopher8789@upi,cust102866,icici,savings,2023-07-12,active,VALID
samuel6088@upi,cust107309,kotak,current,2023-12-27,active,VALID
allison3953@upi,cust105366,pnb,credit_card_linked,2023-10-15,active,VALID
christina7740@upi,cust102165,pnb,savings,2025-02-08,active,VALID
charles8176@upi,cust107743,axis,credit_card_linked,2025-07-20,active,VALID
tracy2117@upi,cust109560,hdfc,current,2025-01-19,active,VALID
susan4997@upi,cust106423,hdfc,savings,2024-02-01,suspended,VALID
mia9382@upi,cust104817,hdfc,current,2025-08-05,active,VALID
dylan4230@upi,cust102589,kotak,current,2023-01-31,active,VALID
sandra9689@upi,cust104772,kotak,credit_card_linked,2025-08-04,active,VALID
marisa9792@upi,cust100872,pnb,savings,2025-07-04,blocked,VALID
benjamin9167@upi,cust104583,axis,savings,2023-10-04,active,VALID
carolyn8596@upi,cust107375,axis,credit_card_linked,2025-06-15,active,VALID
dorothy1620@upi,cust104162,axis,savings,2025-04-08,active,VALID
nicole4620@upi,cust109607,pnb,credit_card_linked,2022-06-07,active,VALID
christopher5457@upi,cust103280,kotak,credit_card_linked,2023-10-19,active,VALID
christy3224@upi,cust104882,hdfc,savings,2024-12-28,active,VALID
michele3594@upi,cust103216,pnb,current,2025-08-01,active,VALID
chelsea3753@upi,cust102237,hdfc,credit_card_linked,2025-05-09,active,VALID
andrea7654@upi,cust102693,icici,savings,2024-01-10,active,VALID
karen9848@upi,cust100145,pnb,credit_card_linked,2023-06-29,active,VALID
christina7845@upi,cust104927,icici,credit_card_linked,2025-02-05,active,VALID
anthony1872@upi,cust100609,pnb,savings,2025-07-22,active,VALID
alex7113@upi,cust109420,pnb,credit_card_linked,2025-04-12,active,VALID
nicole9149@upi,cust106289,sbi,credit_card_linked,2023-05-01,active,VALID
mark2816@upi,cust102223,axis,current,2024-12-17,active,VALID
chase1831@upi,cust103035,kotak,credit_card_linked,2023-04-13,active,VALID
amber7454@upi,cust108989,icici,current,2025-05-31,active,VALID
jason7154@upi,cust106122,sbi,credit_card_linked,2024-10-06,active,VALID
emily4161@upi,cust107949,sbi,savings,2025-03-07,active,VALID
william9633@upi,cust108580,icici,credit_card_linked,2025-04-06,active,VALID
calvin8069@upi,cust108687,hdfc,credit_card_linked,2022-07-23,active,VALID
michael7929@upi,cust107607,icici,savings,2024-07-22,active,VALID
lori1735@upi,cust109534,icici,savings,2023-10-09,active,VALID
ms.8634@upi,cust109825,pnb,current,2023-05-14,active,VALID
thomas7605@upi,cust108360,kotak,credit_card_linked,2025-08-05,active,VALID
jean9364@upi,cust102940,hdfc,current,2021-06-24,active,VALID
paul4656@upi,cust105956,hdfc,current,2024-12-13,suspended,VALID
andrea7207@upi,cust109346,kotak,current,2025-07-19,active,VALID
francisco5579@upi,cust104904,axis,credit_card_linked,2025-07-16,active,VALID
taylor7354@upi,cust103149,icici,current,2025-04-18,active,VALID
susan2999@upi,cust108928,axis,current,2021-05-23,suspended,VALID
james3030@upi,cust104521,axis,savings,2024-02-18,suspended,VALID
tina5645@upi,cust109117,hdfc,credit_card_linked,2024-03-01,active,VALID
brittany9087@upi,cust100594,pnb,current,2024-08-25,active,VALID
susan9084@upi,cust102689,pnb,savings,2025-04-01,active,VALID
david4575@upi,cust106673,kotak,savings,2025-07-10,active,VALID
adam1628@upi,cust106273,hdfc,credit_card_linked,2023-05-05,active,VALID
kristen6593@upi,cust104869,hdfc,current,2023-02-11,active,VALID
nicole8918@upi,cust100771,hdfc,savings,2023-11-17,active,VALID
travis8467@upi,cust104792,pnb,savings,2025-04-09,active,VALID
alexandra9338@upi,cust107693,sbi,current,2022-06-13,active,VALID
angela7263@upi,cust107899,kotak,credit_card_linked,2025-05-14,active,VALID
kathryn4626@upi,cust103099,sbi,credit_card_linked,2024-08-09,active,VALID
regina9633@upi,cust103961,axis,current,2022-02-23,active,VALID
christopher1467@upi,cust102289,kotak,savings,2025-01-19,active,VALID
charles6179@upi,cust109540,axis,credit_card_linked,2023-03-25,active,VALID
tiffany2722@upi,cust100961,sbi,credit_card_linked,2025-07-05,active,VALID
mark2330@upi,cust107567,pnb,savings,2021-03-09,active,VALID
amanda7440@upi,cust100451,kotak,savings,2023-04-22,active,VALID
margaret7056@upi,cust107028,sbi,savings,2025-07-23,active,VALID
ashlee6586@upi,cust105033,sbi,savings,2023-12-28,active,VALID
christine1625@upi,cust100542,sbi,current,2022-09-26,active,VALID
dr.6598@upi,cust103933,sbi,current,2025-05-28,active,VALID
matthew7619@upi,cust103587,axis,savings,2024-10-05,active,VALID
debra8509@upi,cust108329,axis,savings,2024-04-11,active,VALID
jackson5611@upi,cust108128,kotak,savings,2024-07-05,active,VALID
joseph2405@upi,cust105270,axis,credit_card_linked,2024-07-21,active,VALID
alexander6239@upi,cust100939,icici,savings,2022-12-13,active,VALID
terry2241@upi,cust103246,sbi,savings,2024-08-05,active,VALID
michael6603@upi,cust108834,sbi,savings,2024-09-10,active,VALID
michael5106@upi,cust105567,hdfc,current,2024-09-16,active,VALID
christina2999@upi,cust100902,pnb,savings,2024-07-30,active,VALID
heather2519@upi,cust101505,sbi,current,2025-05-11,active,VALID
ryan6356@upi,cust106149,pnb,current,2024-06-24,active,VALID
tiffany3672@upi,cust108340,icici,savings,2023-10-17,active,VALID
jennifer7113@upi,cust106718,axis,savings,2021-06-17,active,VALID
alex2775@upi,cust109420,icici,savings,2024-12-11,active,VALID
alisha8843@upi,cust106079,sbi,current,2024-12-23,active,VALID
daniel6315@upi,cust103268,axis,credit_card_linked,2023-11-25,active,VALID
tracey6538@upi,cust105974,icici,current,2024-07-20,active,VALID
darlene4252@upi,cust106214,sbi,credit_card_linked,2024-09-09,active,VALID
gregory4269@upi,cust102475,pnb,current,2025-02-22,active,VALID
carl1148@upi,cust105889,hdfc,credit_card_linked,2023-09-12,active,VALID
christine1681@upi,cust107396,icici,current,2024-04-02,active,VALID
john4758@upi,cust100813,sbi,current,2022-05-17,active,VALID
rhonda4201@upi,cust103664,icici,credit_card_linked,2025-04-08,active,VALID
alexander1427@upi,cust105593,axis,savings,2025-05-10,active,VALID
spencer2760@upi,cust109928,icici,current,2024-07-04,active,VALID
lauren9269@upi,cust109726,axis,credit_card_linked,2025-07-04,active,VALID
ronald7119@upi,cust101914,pnb,savings,2024-10-30,active,VALID
lisa6136@upi,cust109199,kotak,credit_card_linked,2024-07-02,active,VALID
mr.4610@upi,cust105490,icici,current,2024-06-08,active,VALID
eddie4234@upi,cust101715,icici,savings,2024-10-24,suspended,VALID
matthew2829@upi,cust105613,icici,savings,2025-08-05,suspended,VALID
james1897@upi,cust109242,axis,credit_card_linked,2023-04-18,active,VALID
daniel6774@upi,cust106073,kotak,current,2021-02-14,active,VALID
brian6351@upi,cust105327,hdfc,credit_card_linked,2025-08-02,active,VALID
francis4148@upi,cust109940,hdfc,credit_card_linked,2024-05-23,active,VALID
christopher6757@upi,cust109003,hdfc,current,2025-04-16,active,VALID
lydia1952@upi,cust107736,hdfc,savings,2024-04-02,active,VALID
kayla8206@upi,cust104545,icici,savings,2022-09-12,active,VALID
shawn2237@upi,cust106356,pnb,savings,2024-02-24,active,VALID
jordan8032@upi,cust108767,sbi,credit_card_linked,2024-08-31,active,VALID
kara9522@upi,cust109542,icici,current,2025-06-26,active,VALID
daniel6037@upi,cust104398,hdfc,current,2024-12-28,active,VALID
catherine2958@upi,cust103347,sbi,credit_card_linked,2024-07-13,active,VALID
mary7389@upi,cust105265,hdfc,credit_card_linked,2023-11-23,active,VALID
douglas1332@upi,cust104462,axis,credit_card_linked,2025-05-03,active,VALID
oscar8858@upi,cust104707,pnb,credit_card_linked,2024-09-21,active,VALID
douglas6670@upi,cust102962,kotak,savings,2025-04-26,active,VALID
charles1949@upi,cust105551,icici,savings,2025-07-20,blocked,VALID
mike6548@upi,cust106723,hdfc,current,2023-10-21,active,VALID
dustin6841@upi,cust107469,axis,credit_card_linked,2025-08-05,active,VALID
brandi6844@upi,cust108263,axis,current,2023-08-05,active,VALID
kevin2943@upi,cust103709,axis,savings,2025-06-16,active,VALID
david8307@upi,cust100801,axis,current,2022-03-02,active,VALID
yolanda3365@upi,cust109317,icici,savings,2023-03-23,active,VALID
donald1225@upi,cust100610,sbi,credit_card_linked,2024-01-17,active,VALID
colleen4074@upi,cust105930,kotak,current,2024-03-08,active,VALID
mary7272@upi,cust106329,kotak,credit_card_linked,2023-08-01,active,VALID
kathryn5050@upi,cust106078,kotak,current,2025-01-09,active,VALID
jessica5865@upi,cust105877,kotak,current,2025-07-23,active,VALID
melissa3072@upi,cust104619,axis,current,2024-10-26,active,VALID
kelly9918@upi,cust104342,icici,savings,2024-10-19,active,VALID
ryan5248@upi,cust105879,sbi,savings,2023-09-19,active,VALID
jessica2327@upi,cust102009,hdfc,savings,2021-06-30,active,VALID
rebecca8897@upi,cust102332,sbi,credit_card_linked,2023-08-13,active,VALID
craig5952@upi,cust108969,sbi,savings,2023-12-13,active,VALID
mark2051@upi,cust103965,axis,savings,2024-12-16,suspended,VALID
audrey8771@upi,cust105825,pnb,savings,2024-10-03,active,VALID
patrick7878@upi,cust108075,hdfc,credit_card_linked,2024-05-16,active,VALID
michele5671@upi,cust104522,axis,credit_card_linked,2023-09-07,active,VALID
jeremy4327@upi,cust108617,hdfc,current,2025-07-25,active,VALID
allison7208@upi,cust103477,icici,savings,2021-01-15,active,VALID
gina4981@upi,cust103978,pnb,credit_card_linked,2025-03-29,active,VALID
robert1949@upi,cust108771,axis,savings,2024-12-22,active,VALID
mrs.3726@upi,cust102421,kotak,savings,2023-06-19,active,VALID
alexander2983@upi,cust109481,kotak,savings,2023-06-24,active,VALID
jeffrey7308@upi,cust105595,icici,current,2024-11-29,active,VALID
rebecca6115@upi,cust109094,sbi,credit_card_linked,2020-09-10,active,VALID
carrie4114@upi,cust101849,axis,current,2025-03-24,active,VALID
charles6350@upi,cust101525,pnb,savings,2025-07-01,active,VALID
thomas7347@upi,cust106043,hdfc,savings,2025-05-12,active,VALID
caleb3861@upi,cust108563,sbi,current,2024-03-03,active,VALID
manuel3680@upi,cust108212,kotak,savings,2024-08-15,active,VALID
helen8521@upi,cust106484,pnb,current,2024-09-17,active,VALID
peggy9223@upi,cust102584,pnb,current,2023-10-12,blocked,VALID
mary3577@upi,cust108889,sbi,credit_card_linked,2025-07-23,active,VALID
jeffrey3987@upi,cust105510,icici,credit_card_linked,2022-06-10,active,VALID
christopher9199@upi,cust100624,axis,current,2024-02-13,suspended,VALID
cynthia8564@upi,cust108544,pnb,credit_card_linked,2023-11-13,active,VALID
brittany2971@upi,cust106877,pnb,credit_card_linked,2024-06-16,active,VALID
jesse9098@upi,cust101913,hdfc,credit_card_linked,2025-05-14,active,VALID
nicole7158@upi,cust107341,pnb,current,2021-05-10,active,VALID
beth3660@upi,cust102263,hdfc,current,2025-05-15,active,VALID
peter5524@upi,cust105513,hdfc,credit_card_linked,2024-07-28,active,VALID
jared6841@upi,cust106845,pnb,current,2024-06-14,active,VALID
joanna8038@upi,cust109266,axis,credit_card_linked,2024-07-27,active,VALID
heather4119@upi,cust100303,hdfc,credit_card_linked,2025-01-10,active,VALID
michael3873@upi,cust108108,hdfc,savings,2022-08-07,active,VALID
richard2620@upi,cust102883,axis,credit_card_linked,2024-11-12,active,VALID
kendra6623@upi,cust109939,hdfc,savings,2024-06-17,active,VALID
peter4095@upi,cust106886,pnb,credit_card_linked,2025-01-03,active,VALID
jon6081@upi,cust103388,hdfc,credit_card_linked,2023-06-02,suspended,VALID
diane3017@upi,cust104105,kotak,credit_card_linked,2024-08-31,active,VALID
tammy7400@upi,cust101829,sbi,current,2021-07-04,active,VALID
lisa7049@upi,cust105546,sbi,credit_card_linked,2024-02-18,active,VALID
david3928@upi,cust101079,hdfc,credit_card_linked,2021-05-06,active,VALID
tammy5620@upi,cust101829,kotak,savings,2021-12-10,suspended,VALID
joseph3122@upi,cust103672,kotak,current,2025-01-29,active,VALID
james4045@upi,cust106767,kotak,current,2025-01-12,active,VALID
lawrence1022@upi,cust108957,kotak,savings,2024-06-09,active,VALID
darryl7952@upi,cust101433,pnb,current,2024-03-23,active,VALID
lisa4158@upi,cust107037,icici,credit_card_linked,2024-03-27,active,VALID
john4159@upi,cust107035,icici,current,2025-06-29,active,VALID
natalie7465@upi,cust104290,pnb,current,2025-05-24,active,VALID
thomas3830@upi,cust107439,kotak,savings,2024-11-05,active,VALID
don3393@upi,cust105718,axis,credit_card_linked,2025-03-25,active,VALID
sarah9249@upi,cust102732,sbi,current,2025-03-15,active,VALID
summer5166@upi,cust109622,sbi,savings,2025-07-03,active,VALID
andrew6273@upi,cust104984,pnb,credit_card_linked,2025-02-05,active,VALID
emily1664@upi,cust100827,icici,savings,2024-11-20,active,VALID
elizabeth4448@upi,cust107822,icici,savings,2024-11-15,active,VALID
tamara2444@upi,cust103153,axis,current,2025-04-02,active,VALID
janice9067@upi,cust106967,sbi,savings,2021-08-04,active,VALID
janice4807@upi,cust109627,pnb,savings,2025-07-01,active,VALID
stephanie9055@upi,cust109442,axis,current,2023-08-03,suspended,VALID
justin9590@upi,cust103650,kotak,current,2025-05-29,active,VALID
patricia8438@upi,cust105649,pnb,savings,2024-09-02,active,VALID
taylor4952@upi,cust100280,kotak,savings,2024-06-26,active,VALID
calvin6602@upi,cust108687,hdfc,credit_card_linked,2024-03-28,active,VALID
colin5090@upi,cust103301,hdfc,savings,2025-03-22,active,VALID
michele4618@upi,cust106647,kotak,savings,2025-03-14,active,VALID
darren5926@upi,cust106665,hdfc,savings,2025-07-19,active,VALID
leon4345@upi,cust101852,axis,savings,2024-05-16,active,VALID
jay4514@upi,cust106369,pnb,credit_card_linked,2025-02-06,active,VALID
patricia8095@upi,cust103437,axis,savings,2024-08-09,active,VALID
ronald9498@upi,cust107651,axis,savings,2025-06-11,active,VALID
timothy6167@upi,cust104086,axis,credit_card_linked,2025-04-13,active,VALID
jessica5687@upi,cust107346,icici,savings,2022-03-27,active,VALID
mathew2650@upi,cust104528,sbi,current,2022-12-24,active,VALID
laura9398@upi,cust109353,axis,savings,2024-11-17,suspended,VALID
kayla4050@upi,cust102913,kotak,credit_card_linked,2025-03-24,active,VALID
justin3432@upi,cust105544,pnb,credit_card_linked,2024-06-24,active,VALID
janet4073@upi,cust107197,sbi,credit_card_linked,2024-08-20,active,VALID
misty4239@upi,cust107177,kotak,savings,2025-07-09,active,VALID
jay4579@upi,cust102308,axis,savings,2022-08-04,active,VALID
dr.8663@upi,cust108799,pnb,current,2025-06-14,active,VALID
timothy2736@upi,cust106271,pnb,savings,2024-09-18,active,VALID
julie3323@upi,cust104961,pnb,current,2025-07-03,active,VALID
stephen5118@upi,cust107617,sbi,current,2022-02-17,active,VALID
george6608@upi,cust107013,icici,current,2025-06-24,active,VALID
jamie8429@upi,cust101919,axis,credit_card_linked,2021-12-13,active,VALID
lisa6564@upi,cust108578,sbi,savings,2024-04-25,active,VALID
erin2493@upi,cust107555,axis,savings,2024-10-07,active,VALID
donna3135@upi,cust108705,icici,current,2024-07-04,active,VALID
nicole1644@upi,cust101448,pnb,credit_card_linked,2021-10-23,active,VALID
karla7266@upi,cust109175,sbi,current,2024-12-14,active,VALID
zachary8873@upi,cust109690,axis,current,2022-05-11,active,VALID
melissa9066@upi,cust106022,axis,current,2025-01-26,active,VALID
danielle7287@upi,cust100944,pnb,savings,2024-04-11,active,VALID
donald9042@upi,cust109644,icici,savings,2024-08-26,active,VALID
jennifer3850@upi,cust103855,sbi,credit_card_linked,2023-10-31,active,VALID
michelle2005@upi,cust102371,pnb,current,2023-08-04,active,VALID
nancy9362@upi,cust103717,kotak,credit_card_linked,2023-08-30,active,VALID
mike2455@upi,cust106723,hdfc,credit_card_linked,2025-07-19,active,VALID
tiffany7778@upi,cust105957,icici,credit_card_linked,2025-06-30,suspended,VALID
wendy2624@upi,cust108615,pnb,current,2022-01-26,active,VALID
wesley5221@upi,cust109497,kotak,credit_card_linked,2023-09-20,active,VALID
christine7844@upi,cust108547,hdfc,current,2022-12-24,active,VALID
ivan1206@upi,cust107661,sbi,savings,2025-07-01,suspended,VALID
william2954@upi,cust101351,axis,current,2024-07-10,active,VALID
shannon5655@upi,cust107257,axis,credit_card_linked,2025-05-18,active,VALID
jeffrey2936@upi,cust102360,sbi,current,2022-06-14,active,VALID
andrew1207@upi,cust106538,icici,savings,2025-07-13,suspended,VALID
amy8660@upi,cust104531,hdfc,credit_card_linked,2024-12-03,active,VALID
jessica7001@upi,cust109652,sbi,savings,2022-06-27,active,VALID
amanda1134@upi,cust107231,hdfc,credit_card_linked,2025-01-22,active,VALID
samuel2500@upi,cust102618,axis,current,2025-07-18,active,VALID
robert4085@upi,cust101660,pnb,savings,2024-03-22,active,VALID
peter9469@upi,cust107835,axis,current,2024-10-29,active,VALID
donald9944@upi,cust109681,axis,current,2024-06-26,active,VALID
mrs.2820@upi,cust100622,icici,credit_card_linked,2025-03-25,active,VALID
sydney7465@upi,cust102080,axis,credit_card_linked,2023-11-22,active,VALID
shannon2262@upi,cust102127,icici,credit_card_linked,2024-10-11,active,VALID
jessica7202@upi,cust104421,pnb,savings,2025-08-01,active,VALID
catherine4041@upi,cust104802,icici,savings,2025-06-04,active,VALID
michael1058@upi,cust107701,kotak,savings,2024-10-23,active,VALID
anita9988@upi,cust104256,icici,credit_card_linked,2024-11-14,active,VALID
dennis9306@upi,cust100122,hdfc,credit_card_linked,2023-02-08,active,VALID
bridget5167@upi,cust109499,axis,savings,2023-04-14,active,VALID
amy2639@upi,cust104076,hdfc,current,2023-03-06,suspended,VALID
anita3204@upi,cust109489,kotak,current,2025-07-23,active,VALID
gabriel8253@upi,cust101984,hdfc,current,2025-01-06,active,VALID
david8473@upi,cust106553,pnb,savings,2025-05-07,active,VALID
keith4889@upi,cust100186,axis,current,2025-05-14,active,VALID
tammy3349@upi,cust108247,hdfc,savings,2025-06-29,active,VALID
jimmy4645@upi,cust104426,hdfc,credit_card_linked,2025-05-18,active,VALID
maria5337@upi,cust109520,icici,credit_card_linked,2025-08-05,active,VALID
mario2510@upi,cust108362,kotak,current,2025-06-13,active,VALID
amanda1497@upi,cust106816,kotak,savings,2022-01-22,active,VALID
elizabeth5058@upi,cust107147,icici,current,2025-04-06,active,VALID
kelly3846@upi,cust106383,axis,savings,2025-07-11,active,VALID
debra4175@upi,cust105044,kotak,credit_card_linked,2023-03-22,active,VALID
raven7119@upi,cust103547,axis,current,2025-07-19,active,VALID
tracy9879@upi,cust107582,pnb,credit_card_linked,2023-08-01,active,VALID
kathleen1423@upi,cust105628,pnb,current,2025-07-02,active,VALID
lawrence5380@upi,cust106488,icici,current,2023-10-10,active,VALID
chris4466@upi,cust103715,icici,credit_card_linked,2024-07-02,active,VALID
kimberly2297@upi,cust107590,hdfc,savings,2025-04-12,blocked,VALID
rebecca6869@upi,cust103884,axis,savings,2024-06-16,active,VALID
scott3318@upi,cust100856,hdfc,current,2025-03-18,suspended,VALID
justin1012@upi,cust106544,icici,savings,2025-06-27,active,VALID
deborah2573@upi,cust101553,icici,savings,2022-08-19,active,VALID
allison4725@upi,cust101159,hdfc,credit_card_linked,2024-08-24,active,VALID
mark8811@upi,cust108002,icici,credit_card_linked,2025-02-27,active,VALID
justin5587@upi,cust103774,axis,savings,2025-02-26,active,VALID
julie6803@upi,cust105633,sbi,savings,2025-06-10,active,VALID
dr.8897@upi,cust100307,icici,credit_card_linked,2023-03-13,active,VALID
daniel6351@upi,cust108040,kotak,current,2025-02-21,active,VALID
matthew5002@upi,cust107187,pnb,savings,2025-04-09,active,VALID
heidi9724@upi,cust104369,icici,savings,2024-06-06,active,VALID
jason7252@upi,cust101960,hdfc,current,2025-07-13,active,VALID
veronica5432@upi,cust107988,kotak,current,2024-06-14,active,VALID
amanda5568@upi,cust106827,sbi,current,2024-08-20,active,VALID
cindy7841@upi,cust100298,axis,current,2024-10-29,active,VALID
natasha3434@upi,cust109791,sbi,current,2025-01-13,active,VALID
gail1659@upi,cust103236,hdfc,credit_card_linked,2025-05-23,active,VALID
aaron3573@upi,cust106724,sbi,current,2024-12-28,active,VALID
paul2605@upi,cust104029,kotak,credit_card_linked,2025-07-29,active,VALID
ian6750@upi,cust109188,axis,credit_card_linked,2021-05-19,active,VALID
ronald7956@upi,cust104393,pnb,credit_card_linked,2024-11-01,active,VALID
janet4569@upi,cust106940,hdfc,current,2023-03-30,active,VALID
amanda5032@upi,cust103729,sbi,current,2024-10-01,active,VALID
paul7809@upi,cust102013,axis,credit_card_linked,2022-10-08,active,VALID
benjamin2467@upi,cust102219,hdfc,current,2025-04-06,active,VALID
stacy6748@upi,cust100819,axis,credit_card_linked,2025-07-04,active,VALID
jaclyn6611@upi,cust108939,hdfc,credit_card_linked,2025-01-14,active,VALID
alexander6758@upi,cust100788,icici,savings,2023-12-12,active,VALID
kyle3797@upi,cust107562,kotak,credit_card_linked,2022-12-26,active,VALID
dr.6741@upi,cust104721,kotak,current,2025-04-28,active,VALID
kimberly4300@upi,cust103802,kotak,credit_card_linked,2022-01-30,active,VALID
gary8212@upi,cust105732,pnb,current,2024-09-01,active,VALID
bradley2325@upi,cust106551,sbi,credit_card_linked,2025-03-27,active,VALID
brandi4882@upi,cust109626,hdfc,credit_card_linked,2024-11-01,active,VALID
alexander7826@upi,cust101697,axis,credit_card_linked,2024-01-16,active,VALID
john7092@upi,cust102239,axis,savings,2025-02-21,active,VALID
rachel4857@upi,cust106021,axis,savings,2025-05-22,active,VALID
frank1556@upi,cust107250,kotak,current,2024-12-03,active,VALID
maureen2921@upi,cust101561,icici,savings,2023-03-15,active,VALID
kristen1034@upi,cust109146,sbi,current,2025-01-28,blocked,VALID
bonnie5840@upi,cust103499,axis,credit_card_linked,2025-05-18,active,VALID
james5700@upi,cust100982,hdfc,savings,2025-04-07,active,VALID
christy1724@upi,cust104948,icici,credit_card_linked,2024-04-23,active,VALID
rebecca3645@upi,cust100885,icici,current,2022-08-15,active,VALID
carla7803@upi,cust107660,kotak,current,2025-06-06,active,VALID
nicole2641@upi,cust100853,sbi,savings,2023-04-01,active,VALID
joe1050@upi,cust107405,hdfc,credit_card_linked,2025-08-02,blocked,VALID
wesley9160@upi,cust109497,hdfc,savings,2024-10-11,active,VALID
teresa7122@upi,cust102679,hdfc,credit_card_linked,2025-05-31,active,VALID
elizabeth4062@upi,cust107263,sbi,current,2025-01-01,active,VALID
tracy9008@upi,cust107792,axis,savings,2025-03-15,active,VALID
tony9429@upi,cust102792,axis,credit_card_linked,2021-11-18,active,VALID
luis7154@upi,cust107061,axis,current,2024-11-11,active,VALID
cynthia8410@upi,cust104678,kotak,credit_card_linked,2025-03-17,active,VALID
isaiah8272@upi,cust103831,axis,credit_card_linked,2023-08-15,active,VALID
brandon1378@upi,cust102711,kotak,savings,2024-05-18,active,VALID
todd8070@upi,cust103624,icici,credit_card_linked,2024-12-22,active,VALID
jessica2624@upi,cust109096,kotak,credit_card_linked,2025-05-18,active,VALID
michael4396@upi,cust100628,axis,credit_card_linked,2025-07-11,active,VALID
christopher3525@upi,cust101277,pnb,current,2024-12-14,active,VALID
erika5666@upi,cust108197,sbi,current,2024-08-05,active,VALID
pamela1612@upi,cust101657,pnb,credit_card_linked,2023-06-27,active,VALID
jason3516@upi,cust101537,axis,credit_card_linked,2024-09-30,active,VALID
dr.4364@upi,cust106499,kotak,current,2025-02-18,active,VALID
jesse1804@upi,cust104698,pnb,credit_card_linked,2023-09-18,suspended,VALID
emma6761@upi,cust103851,icici,current,2023-05-01,active,VALID
melanie3715@upi,cust101307,sbi,savings,2024-05-04,active,VALID
tracy3713@upi,cust105150,kotak,current,2025-05-13,active,VALID
harold7951@upi,cust104218,axis,credit_card_linked,2024-12-03,active,VALID
richard8600@upi,cust101861,hdfc,savings,2025-06-30,active,VALID
sarah2504@upi,cust104758,kotak,credit_card_linked,2024-10-19,active,VALID
mary6800@upi,cust101100,pnb,credit_card_linked,2022-07-14,active,VALID
heather7611@upi,cust104396,sbi,current,2025-07-03,active,VALID
julie3612@upi,cust105742,hdfc,credit_card_linked,2024-01-16,active,VALID
jimmy3360@upi,cust103541,sbi,credit_card_linked,2025-04-14,active,VALID
christy1356@upi,cust104468,sbi,credit_card_linked,2024-04-11,active,VALID
hunter3026@upi,cust106302,icici,current,2023-11-19,active,VALID
taylor1120@upi,cust109888,kotak,savings,2025-02-10,active,VALID
eddie1927@upi,cust101715,kotak,credit_card_linked,2025-07-13,active,VALID
michael2326@upi,cust107687,hdfc,credit_card_linked,2024-05-15,active,VALID
rebecca4251@upi,cust103640,pnb,savings,2023-01-12,active,VALID
troy5020@upi,cust105890,axis,savings,2025-02-19,suspended,VALID
angel8672@upi,cust101052,axis,current,2024-05-16,active,VALID
steven6935@upi,cust103716,icici,credit_card_linked,2023-08-07,active,VALID
justin1753@upi,cust108227,pnb,current,2025-05-22,active,VALID
eric6592@upi,cust107829,icici,current,2022-11-21,active,VALID
michelle2340@upi,cust104268,sbi,savings,2025-03-18,active,VALID
steven2234@upi,cust104680,pnb,current,2023-12-11,active,VALID
heather2378@upi,cust106858,sbi,credit_card_linked,2022-06-16,active,VALID
veronica3064@upi,cust105669,hdfc,credit_card_linked,2025-02-09,active,VALID
daniel9259@upi,cust106514,hdfc,credit_card_linked,2024-03-04,active,VALID
rebecca3250@upi,cust107387,kotak,credit_card_linked,2023-10-12,blocked,VALID
joseph5896@upi,cust104911,pnb,savings,2024-02-07,active,VALID
cassandra6232@upi,cust104154,hdfc,current,2023-04-26,active,VALID
brett5067@upi,cust106303,pnb,credit_card_linked,2024-05-23,active,VALID
emily7011@upi,cust101251,pnb,credit_card_linked,2023-05-25,active,VALID
madison1971@upi,cust101760,sbi,savings,2023-08-21,active,VALID
jeffrey5915@upi,cust104201,axis,credit_card_linked,2024-08-08,active,VALID
william6297@upi,cust104404,sbi,savings,2022-02-23,active,VALID
destiny1727@upi,cust103762,axis,current,2025-07-21,active,VALID
joseph5157@upi,cust107577,axis,credit_card_linked,2024-08-30,active,VALID
charles8491@upi,cust108080,axis,savings,2024-07-08,active,VALID
james6282@upi,cust105035,kotak,savings,2023-04-17,active,VALID
sarah1788@upi,cust103285,pnb,credit_card_linked,2021-12-27,active,VALID
jill8514@upi,cust101212,pnb,current,2023-08-06,active,VALID
daniel6549@upi,cust101638,axis,current,2024-08-23,active,VALID
david9820@upi,cust102931,hdfc,savings,2024-01-12,active,VALID
richard5926@upi,cust101053,icici,credit_card_linked,2023-06-27,active,VALID
charles3736@upi,cust100228,axis,savings,2024-07-29,active,VALID
jeffery5466@upi,cust108420,axis,savings,2024-07-25,active,VALID
devon2213@upi,cust104811,axis,credit_card_linked,2025-07-23,active,VALID
mary7581@upi,cust106329,pnb,savings,2025-06-23,active,VALID
kevin3612@upi,cust109610,sbi,savings,2025-01-31,active,VALID
ronald5636@upi,cust100086,icici,credit_card_linked,2022-05-21,active,VALID
matthew4048@upi,cust103259,hdfc,current,2025-07-18,active,VALID
amanda2873@upi,cust106353,kotak,credit_card_linked,2025-07-05,blocked,VALID
william9387@upi,cust106461,icici,credit_card_linked,2025-06-13,active,VALID
brett3374@upi,cust102323,pnb,current,2025-06-30,active,VALID
frank4247@upi,cust107250,axis,credit_card_linked,2025-03-13,active,VALID
valerie6417@upi,cust107552,kotak,current,2024-03-29,active,VALID
matthew5614@upi,cust106342,kotak,savings,2025-01-20,active,VALID
robert2521@upi,cust109228,axis,credit_card_linked,2024-01-29,active,VALID
michaela1520@upi,cust102909,pnb,savings,2024-12-03,active,VALID
patrick9061@upi,cust102786,sbi,savings,2024-07-27,active,VALID
jennifer5344@upi,cust102850,axis,credit_card_linked,2025-07-12,active,VALID
chelsea5612@upi,cust103130,axis,credit_card_linked,2023-08-01,active,VALID
christopher8745@upi,cust103633,kotak,current,2024-06-21,active,VALID
amber4799@upi,cust100337,axis,current,2025-04-18,active,VALID
pamela3170@upi,cust106869,pnb,current,2021-06-19,active,VALID
nicole7092@upi,cust103643,hdfc,savings,2024-07-29,active,VALID
virginia8626@upi,cust107691,hdfc,savings,2023-10-30,active,VALID
adam8817@upi,cust103997,sbi,savings,2023-07-18,active,VALID
charles9186@upi,cust102779,sbi,current,2024-04-13,active,VALID
mario5805@upi,cust102568,hdfc,savings,2024-08-09,blocked,VALID
victoria3866@upi,cust101596,hdfc,credit_card_linked,2024-12-16,active,VALID
kara1009@upi,cust103781,kotak,savings,2025-05-10,active,VALID
timothy6906@upi,cust104628,axis,credit_card_linked,2025-05-05,active,VALID
evan3739@upi,cust104804,icici,current,2023-11-21,blocked,VALID
taylor9392@upi,cust107873,sbi,current,2024-11-23,active,VALID
christopher4223@upi,cust109456,hdfc,savings,2025-07-03,active,VALID
elizabeth9871@upi,cust100560,pnb,current,2022-10-11,active,VALID
victor1333@upi,cust104962,sbi,savings,2023-03-06,active,VALID
michael1839@upi,cust104118,kotak,savings,2025-06-20,active,VALID
andrew9178@upi,cust102182,hdfc,savings,2025-08-05,active,VALID
mrs.1219@upi,cust104063,kotak,credit_card_linked,2025-04-27,active,VALID
joshua5469@upi,cust101255,hdfc,savings,2025-02-01,active,VALID
wendy9564@upi,cust103310,hdfc,current,2025-07-30,active,VALID
mr.4316@upi,cust107734,sbi,savings,2023-12-30,active,VALID
renee2586@upi,cust102812,hdfc,current,2025-03-24,active,VALID
tara9797@upi,cust109057,kotak,credit_card_linked,2025-07-29,active,VALID
ashley4529@upi,cust107344,kotak,savings,2024-07-22,active,VALID
wendy6098@upi,cust109347,pnb,savings,2025-01-11,active,VALID
brandon2505@upi,cust106790,kotak,credit_card_linked,2025-08-01,active,VALID
cynthia6066@upi,cust107421,pnb,current,2023-01-25,suspended,VALID
joann1478@upi,cust105638,axis,credit_card_linked,2022-11-11,active,VALID
tonya4926@upi,cust101526,pnb,savings,2023-06-26,blocked,VALID
christina4152@upi,cust108415,icici,savings,2023-10-04,suspended,VALID
austin1909@upi,cust100681,sbi,savings,2023-05-10,active,VALID
sean8085@upi,cust101519,sbi,current,2025-06-29,active,VALID
brooke5207@upi,cust106390,hdfc,savings,2025-04-22,active,VALID
mark9453@upi,cust103960,hdfc,savings,2025-06-12,active,VALID
cassandra1381@upi,cust108505,pnb,savings,2024-12-28,active,VALID
laurie9404@upi,cust106894,sbi,current,2025-08-01,active,VALID
jacqueline1280@upi,cust106166,sbi,credit_card_linked,2024-02-18,active,VALID
wendy5513@upi,cust101656,sbi,current,2023-07-20,active,VALID
courtney5471@upi,cust108057,sbi,current,2024-11-08,active,VALID
connie2602@upi,cust101662,axis,credit_card_linked,2025-08-05,active,VALID
charles5112@upi,cust107412,sbi,current,2024-07-20,active,VALID
linda2375@upi,cust101160,pnb,credit_card_linked,2025-07-20,active,VALID
kevin5152@upi,cust103612,icici,savings,2024-11-08,active,VALID
james7858@upi,cust103237,kotak,credit_card_linked,2024-03-26,active,VALID
nicholas7370@upi,cust109257,kotak,credit_card_linked,2025-07-07,active,VALID
robert9470@upi,cust109880,sbi,credit_card_linked,2025-04-02,active,VALID
tina8256@upi,cust106278,pnb,current,2024-10-25,active,VALID
evelyn8242@upi,cust106998,axis,credit_card_linked,2023-12-20,active,VALID
brenda1442@upi,cust103625,sbi,current,2023-08-16,active,VALID
patricia5920@upi,cust104861,hdfc,savings,2024-06-14,active,VALID
dale1361@upi,cust109735,sbi,savings,2024-03-19,active,VALID
christopher7875@upi,cust102608,hdfc,credit_card_linked,2025-02-11,active,VALID
ian1591@upi,cust104588,pnb,current,2022-06-14,active,VALID
victoria4142@upi,cust109019,sbi,credit_card_linked,2023-10-08,active,VALID
anthony7280@upi,cust102991,icici,current,2023-12-23,active,VALID
yvonne2562@upi,cust103519,axis,savings,2025-05-13,active,VALID
carolyn7142@upi,cust100501,kotak,savings,2023-04-09,active,VALID
jose2645@upi,cust108411,sbi,savings,2023-01-27,active,VALID
stephanie1029@upi,cust109549,pnb,current,2025-07-13,blocked,VALID
john2115@upi,cust108812,sbi,current,2023-05-07,active,VALID
deanna5915@upi,cust107416,pnb,savings,2024-10-08,active,VALID
john2711@upi,cust103187,pnb,savings,2023-06-21,active,VALID
ashley3195@upi,cust106285,pnb,current,2023-08-09,active,VALID
debra8366@upi,cust100957,axis,savings,2024-01-01,active,VALID
scott7583@upi,cust108110,pnb,credit_card_linked,2025-07-18,active,VALID
kim4082@upi,cust109375,pnb,savings,2024-08-26,active,VALID
daniel7879@upi,cust106441,kotak,current,2024-10-08,active,VALID
samantha1108@upi,cust104185,kotak,credit_card_linked,2024-09-12,blocked,VALID
vincent4775@upi,cust101564,kotak,current,2022-12-02,active,VALID
gregory3781@upi,cust102107,hdfc,current,2023-07-20,active,VALID
kaitlyn7399@upi,cust100907,kotak,savings,2024-08-09,active,VALID
david4389@upi,cust102119,pnb,current,2025-06-21,active,VALID
michelle1053@upi,cust109884,icici,current,2024-02-28,active,VALID
joseph5921@upi,cust107832,icici,savings,2023-10-07,active,VALID
michael7997@upi,cust103537,pnb,savings,2022-10-31,active,VALID
rebecca1755@upi,cust107387,hdfc,current,2024-10-08,suspended,VALID
dawn3114@upi,cust101784,hdfc,savings,2025-04-26,active,VALID
john8598@upi,cust107035,pnb,savings,2021-09-20,active,VALID
ashley9443@upi,cust104257,icici,savings,2024-12-22,active,VALID
jaime3098@upi,cust107534,kotak,credit_card_linked,2023-08-16,active,VALID
zachary4161@upi,cust101544,sbi,current,2024-08-25,active,VALID
bobby8374@upi,cust100735,axis,savings,2023-10-28,active,VALID
matthew6210@upi,cust102610,kotak,savings,2024-11-06,active,VALID
brian6169@upi,cust105079,pnb,savings,2025-03-21,active,VALID
mark7957@upi,cust104606,hdfc,current,2024-04-24,active,VALID
logan4080@upi,cust106653,pnb,credit_card_linked,2025-02-25,active,VALID
carl2513@upi,cust109338,sbi,savings,2022-04-16,active,VALID
danielle7902@upi,cust105203,axis,current,2025-07-30,active,VALID
david7242@upi,cust101132,hdfc,credit_card_linked,2024-05-10,blocked,VALID
nicole6794@upi,cust102273,hdfc,savings,2025-07-23,active,VALID
jessica7959@upi,cust107740,pnb,savings,2025-04-10,active,VALID
anthony2045@upi,cust103255,sbi,savings,2025-04-04,active,VALID
leah6764@upi,cust109399,icici,current,2025-06-05,active,VALID
victoria6792@upi,cust101401,axis,credit_card_linked,2023-08-06,active,VALID
eugene8699@upi,cust107980,hdfc,credit_card_linked,2025-05-20,active,VALID
douglas1236@upi,cust103026,icici,credit_card_linked,2025-07-20,active,VALID
joseph6061@upi,cust109572,axis,savings,2023-03-06,active,VALID
charles8672@upi,cust109157,hdfc,credit_card_linked,2024-10-09,active,VALID
joseph1926@upi,cust102529,hdfc,credit_card_linked,2023-08-13,active,VALID
allison6017@upi,cust107932,sbi,credit_card_linked,2024-01-27,active,VALID
joshua7878@upi,cust106318,sbi,current,2023-07-30,active,VALID
kimberly4768@upi,cust104600,axis,savings,2023-11-05,active,VALID
mrs.7740@upi,cust102385,axis,credit_card_linked,2025-03-29,active,VALID
mary7963@upi,cust103330,sbi,credit_card_linked,2023-11-20,active,VALID
julia7880@upi,cust109676,kotak,savings,2024-11-03,active,VALID
amy9101@upi,cust109231,sbi,current,2024-01-23,active,VALID
patricia6868@upi,cust109014,kotak,savings,2023-06-12,active,VALID
katherine5785@upi,cust109918,hdfc,savings,2024-01-13,active,VALID
logan2482@upi,cust106653,axis,savings,2025-08-05,active,VALID
shannon9896@upi,cust100981,pnb,current,2025-05-18,active,VALID
thomas4699@upi,cust107285,axis,savings,2023-02-08,active,VALID
lori8984@upi,cust107679,kotak,credit_card_linked,2022-05-22,active,VALID
rachel7709@upi,cust105937,hdfc,savings,2024-12-03,active,VALID
richard6019@upi,cust108509,axis,savings,2024-12-05,active,VALID
alyssa4242@upi,cust101751,hdfc,savings,2025-07-05,active,VALID
martha8802@upi,cust101149,kotak,current,2025-07-28,active,VALID
anthony2263@upi,cust102871,axis,current,2023-04-17,active,VALID
rachel5475@upi,cust102070,pnb,savings,2023-11-24,active,VALID
brittney4925@upi,cust101291,pnb,current,2024-06-12,active,VALID
lindsay8685@upi,cust107335,axis,current,2024-01-10,suspended,VALID
clifford2619@upi,cust109658,kotak,savings,2025-03-17,active,VALID
randy4357@upi,cust109389,hdfc,credit_card_linked,2025-01-23,active,VALID
cynthia1883@upi,cust101161,axis,credit_card_linked,2025-02-09,active,VALID
amy2126@upi,cust106105,icici,savings,2023-10-18,active,VALID
michele4454@upi,cust102543,hdfc,credit_card_linked,2024-11-09,active,VALID
angela8304@upi,cust108597,sbi,savings,2025-07-07,blocked,VALID
chloe5731@upi,cust100166,pnb,savings,2025-01-13,active,VALID
justin9761@upi,cust101976,kotak,credit_card_linked,2025-04-21,active,VALID
earl1713@upi,cust100815,icici,current,2025-03-29,active,VALID
kendra2324@upi,cust108627,hdfc,savings,2025-07-18,active,VALID
elizabeth9383@upi,cust105615,pnb,savings,2025-01-27,active,VALID
michael8093@upi,cust103501,sbi,current,2025-04-09,active,VALID
kaitlin6191@upi,cust109776,axis,current,2025-01-12,active,VALID
heather5461@upi,cust103597,hdfc,savings,2023-08-17,active,VALID
cynthia3507@upi,cust104111,icici,credit_card_linked,2024-03-14,active,VALID
jay5545@upi,cust102805,pnb,credit_card_linked,2023-02-04,active,VALID
melissa8222@upi,cust105280,pnb,savings,2023-07-26,active,VALID
mr.3150@upi,cust106832,kotak,credit_card_linked,2024-06-05,active,VALID
frank2041@upi,cust103211,kotak,current,2025-06-29,active,VALID
karen5541@upi,cust102493,kotak,current,2024-01-11,active,VALID
ian3168@upi,cust109995,hdfc,credit_card_linked,2025-07-10,active,VALID
carl2917@upi,cust102021,pnb,credit_card_linked,2023-12-31,active,VALID
michael3763@upi,cust105589,icici,credit_card_linked,2025-04-05,active,VALID
alexandria8295@upi,cust104430,icici,current,2023-09-10,active,VALID
christine3478@upi,cust106649,sbi,current,2025-07-04,active,VALID
charles8622@upi,cust105551,icici,credit_card_linked,2025-07-30,active,VALID
jessica4986@upi,cust107744,kotak,savings,2024-07-20,active,VALID
brian7288@upi,cust102704,icici,current,2025-05-12,active,VALID
charles3822@upi,cust108026,kotak,savings,2025-02-08,active,VALID
courtney2542@upi,cust109335,sbi,credit_card_linked,2025-07-19,active,VALID
daniel5663@upi,cust102869,hdfc,savings,2023-10-03,active,VALID
samantha9308@upi,cust109270,icici,current,2025-02-25,active,VALID
beth3505@upi,cust101084,kotak,current,2024-05-04,active,VALID
lori8608@upi,cust104253,axis,credit_card_linked,2023-03-04,active,VALID
heidi1513@upi,cust104551,sbi,savings,2022-03-31,active,VALID
christopher7117@upi,cust109828,pnb,savings,2025-08-02,blocked,VALID
samuel6259@upi,cust105077,pnb,current,2025-07-13,active,VALID
shawn4620@upi,cust105367,sbi,current,2024-03-25,blocked,VALID
dennis2278@upi,cust102032,pnb,current,2023-07-11,blocked,VALID
jason6953@upi,cust102017,hdfc,savings,2025-03-12,active,VALID
kimberly5825@upi,cust102426,sbi,credit_card_linked,2023-12-30,active,VALID
carl9500@upi,cust104918,kotak,credit_card_linked,2025-06-30,active,VALID
jack4810@upi,cust109911,hdfc,current,2025-08-04,suspended,VALID
rebecca3083@upi,cust107387,pnb,credit_card_linked,2021-06-24,active,VALID
nicole6439@upi,cust103643,kotak,savings,2024-11-21,active,VALID
edward1366@upi,cust101115,icici,savings,2022-11-04,active,VALID
jody1404@upi,cust107267,axis,credit_card_linked,2024-07-07,active,VALID
patricia5683@upi,cust106814,sbi,savings,2023-07-08,active,VALID
yvonne1013@upi,cust103519,icici,current,2025-07-17,active,VALID
elizabeth2851@upi,cust105301,hdfc,current,2025-07-04,active,VALID
carla1281@upi,cust105225,sbi,credit_card_linked,2025-03-11,active,VALID
julie7523@upi,cust107338,sbi,current,2023-01-30,active,VALID
kevin6976@upi,cust107625,axis,current,2025-07-07,active,VALID
charles8241@upi,cust102535,pnb,current,2025-06-23,active,VALID
timothy8120@upi,cust103890,hdfc,credit_card_linked,2022-06-06,active,VALID
christina2555@upi,cust108953,icici,savings,2025-01-16,active,VALID
lisa1688@upi,cust106893,kotak,savings,2022-05-24,active,VALID
danielle9129@upi,cust100668,axis,savings,2025-01-27,active,VALID
rachael7432@upi,cust105127,axis,savings,2022-07-02,active,VALID
hector1492@upi,cust101562,kotak,current,2025-01-22,active,VALID
david8560@upi,cust108405,kotak,current,2022-11-24,active,VALID
suzanne8640@upi,cust102972,hdfc,credit_card_linked,2023-08-25,active,VALID
sandra7814@upi,cust106882,kotak,current,2024-06-21,active,VALID
valerie9306@upi,cust104504,axis,savings,2025-08-03,active,VALID
rachel1047@upi,cust106652,sbi,savings,2023-10-08,active,VALID
kenneth2396@upi,cust100533,axis,credit_card_linked,2024-04-20,active,VALID
ronald5255@upi,cust102203,kotak,current,2022-04-15,active,VALID
joel5368@upi,cust102265,kotak,credit_card_linked,2024-08-16,active,VALID
amanda2655@upi,cust109944,pnb,credit_card_linked,2025-03-01,blocked,VALID
mark8496@upi,cust103472,pnb,savings,2023-05-21,active,VALID
laurie2008@upi,cust100289,kotak,credit_card_linked,2024-02-07,active,VALID
shannon8617@upi,cust101394,icici,current,2024-04-05,active,VALID
robert2840@upi,cust100001,sbi,savings,2025-07-10,active,VALID
john9458@upi,cust104115,icici,current,2023-11-09,active,VALID
natalie5079@upi,cust106370,axis,credit_card_linked,2024-08-03,active,VALID
aaron4098@upi,cust101339,sbi,current,2024-06-29,active,VALID
heather2948@upi,cust101496,pnb,credit_card_linked,2024-10-07,active,VALID
alexis3581@upi,cust109156,axis,credit_card_linked,2025-04-03,active,VALID
derrick9629@upi,cust106578,hdfc,savings,2025-05-13,active,VALID
geoffrey2078@upi,cust105735,pnb,current,2025-07-30,suspended,VALID
sonya2111@upi,cust100782,icici,current,2021-12-11,active,VALID
kevin6369@upi,cust105129,pnb,credit_card_linked,2023-07-13,active,VALID
tracy4318@upi,cust108072,axis,current,2021-11-03,active,VALID
kimberly8217@upi,cust101828,axis,current,2024-12-30,active,VALID
larry6041@upi,cust102615,sbi,current,2025-03-06,active,VALID
joe6950@upi,cust108061,kotak,credit_card_linked,2025-02-27,active,VALID
alyssa4626@upi,cust106216,hdfc,current,2023-03-30,active,VALID
steven1655@upi,cust108023,sbi,current,2024-12-28,active,VALID
jorge5330@upi,cust106161,sbi,current,2024-04-22,active,VALID
heather6605@upi,cust101505,pnb,current,2025-01-01,active,VALID
misty1049@upi,cust107304,kotak,savings,2024-10-09,active,VALID
michelle2162@upi,cust107100,pnb,savings,2023-07-08,active,VALID
penny7375@upi,cust101229,axis,savings,2024-12-10,active,VALID
jimmy6379@upi,cust106261,hdfc,current,2023-04-05,active,VALID
nancy6508@upi,cust101038,kotak,credit_card_linked,2023-12-08,active,VALID
jeremy8688@upi,cust101231,hdfc,current,2021-03-14,active,VALID
paige5045@upi,cust103329,pnb,current,2025-06-16,active,VALID
kimberly5530@upi,cust103745,kotak,credit_card_linked,2025-08-04,active,VALID
kristy9360@upi,cust100070,sbi,credit_card_linked,2023-07-10,active,VALID
dustin8109@upi,cust106690,hdfc,savings,2025-01-04,active,VALID
jack3266@upi,cust103553,kotak,credit_card_linked,2025-03-05,active,VALID
anthony9705@upi,cust102991,sbi,current,2024-03-23,active,VALID
sheila4703@upi,cust107961,kotak,credit_card_linked,2024-06-04,active,VALID
melissa3623@upi,cust101917,icici,credit_card_linked,2024-05-07,active,VALID
kathryn3901@upi,cust103422,pnb,credit_card_linked,2025-07-04,active,VALID
emma5514@upi,cust103851,axis,savings,2023-12-29,active,VALID
ashley4841@upi,cust106397,kotak,credit_card_linked,2022-05-01,active,VALID
susan4195@upi,cust109374,sbi,savings,2023-12-11,active,VALID
ashley7073@upi,cust109095,hdfc,current,2021-11-28,active,VALID
beth1691@upi,cust102263,kotak,current,2025-06-15,active,VALID
ethan9600@upi,cust106357,icici,current,2025-03-20,active,VALID
william3048@upi,cust101362,sbi,current,2025-03-07,active,VALID
anna9734@upi,cust101346,sbi,savings,2022-01-27,active,VALID
brittany8768@upi,cust104125,kotak,savings,2024-11-10,active,VALID
kyle8126@upi,cust108179,icici,credit_card_linked,2022-12-21,active,VALID
bradley9036@upi,cust109202,sbi,credit_card_linked,2024-12-04,active,VALID
christopher2066@upi,cust103633,hdfc,credit_card_linked,2023-03-07,active,VALID
michelle9344@upi,cust105988,sbi,credit_card_linked,2025-01-22,active,VALID
joseph5214@upi,cust102717,kotak,credit_card_linked,2023-09-04,active,VALID
bryan3868@upi,cust106596,hdfc,credit_card_linked,2025-07-11,active,VALID
steven6998@upi,cust100215,icici,current,2024-07-02,active,VALID
julie5037@upi,cust101264,icici,savings,2024-08-20,active,VALID
breanna7140@upi,cust104087,sbi,credit_card_linked,2025-05-29,suspended,VALID
michael3957@upi,cust104689,sbi,credit_card_linked,2025-05-02,suspended,VALID
robert5647@upi,cust108232,sbi,credit_card_linked,2025-02-17,active,VALID
timothy1443@upi,cust103552,axis,savings,2025-06-28,active,VALID
timothy7337@upi,cust102131,axis,current,2024-09-21,active,VALID
kurt9126@upi,cust101298,kotak,credit_card_linked,2024-09-07,active,VALID
lisa6111@upi,cust100879,pnb,credit_card_linked,2025-05-22,active,VALID
mark7651@upi,cust106786,pnb,savings,2024-12-03,active,VALID
maxwell3301@upi,cust102116,pnb,savings,2024-04-22,active,VALID
rebecca4185@upi,cust103667,axis,credit_card_linked,2025-05-28,active,VALID
reginald7049@upi,cust105881,kotak,credit_card_linked,2023-09-21,active,VALID
roger2078@upi,cust103800,axis,savings,2023-10-15,active,VALID
don3517@upi,cust105718,icici,savings,2022-02-03,active,VALID
gregory2445@upi,cust102107,sbi,current,2024-03-12,blocked,VALID
christopher4112@upi,cust109967,pnb,savings,2025-06-19,active,VALID
sandra6160@upi,cust106096,pnb,credit_card_linked,2022-04-18,active,VALID
charles7905@upi,cust107704,pnb,credit_card_linked,2025-07-30,active,VALID
connie2680@upi,cust105560,hdfc,savings,2025-07-26,active,VALID
heather5173@upi,cust103668,sbi,credit_card_linked,2023-04-13,active,VALID
marilyn6571@upi,cust107992,sbi,credit_card_linked,2025-05-07,active,VALID
jeffrey9510@upi,cust104201,pnb,credit_card_linked,2023-02-17,active,VALID
tammie9045@upi,cust108805,sbi,credit_card_linked,2024-06-23,active,VALID
karen5101@upi,cust109821,axis,current,2025-07-19,active,VALID
michael1062@upi,cust105296,pnb,credit_card_linked,2023-12-14,active,VALID
michael8480@upi,cust103756,kotak,savings,2025-08-03,active,VALID
kayla1472@upi,cust108861,hdfc,savings,2024-10-27,active,VALID
jacqueline6103@upi,cust100644,kotak,savings,2024-07-01,active,VALID
justin5668@upi,cust109358,axis,credit_card_linked,2025-03-31,active,VALID
julie1742@upi,cust109020,axis,credit_card_linked,2025-07-31,active,VALID
lisa6183@upi,cust101371,pnb,current,2025-05-29,active,VALID
rhonda6025@upi,cust101243,sbi,savings,2021-09-25,active,VALID
scott7489@upi,cust107559,sbi,current,2024-09-06,active,VALID
cynthia6380@upi,cust101597,kotak,savings,2025-01-27,active,VALID
jonathon4066@upi,cust102759,kotak,current,2025-02-18,active,VALID
eddie2971@upi,cust102737,sbi,current,2024-11-06,active,VALID
melanie4726@upi,cust104539,hdfc,savings,2024-09-17,active,VALID
gail4339@upi,cust100183,pnb,savings,2022-11-17,active,VALID
stacy4421@upi,cust109833,icici,credit_card_linked,2024-05-27,active,VALID
thomas5801@upi,cust100022,axis,credit_card_linked,2025-05-29,active,VALID
patricia7326@upi,cust107146,kotak,credit_card_linked,2024-08-22,active,VALID
roger8894@upi,cust108365,kotak,credit_card_linked,2025-07-20,active,VALID
scott7660@upi,cust100423,pnb,savings,2023-11-11,active,VALID
deborah2945@upi,cust108655,sbi,savings,2021-02-18,active,VALID
kenneth9857@upi,cust102497,pnb,current,2022-11-28,active,VALID
michael7737@upi,cust107086,axis,credit_card_linked,2025-02-13,active,VALID
jessica2431@upi,cust103152,icici,current,2022-03-27,active,VALID
kimberly8147@upi,cust101673,sbi,current,2025-01-20,active,VALID
michael4640@upi,cust101002,icici,savings,2025-05-28,blocked,VALID
heather4374@upi,cust107255,pnb,savings,2024-08-29,active,VALID
jennifer9620@upi,cust105427,kotak,credit_card_linked,2022-10-28,active,VALID
paul3566@upi,cust100097,icici,current,2025-07-09,active,VALID
karla9299@upi,cust109175,icici,current,2025-04-14,active,VALID
jacob8587@upi,cust107803,pnb,current,2025-08-02,active,VALID
kevin8565@upi,cust109701,hdfc,current,2025-01-31,active,VALID
matthew6955@upi,cust105783,icici,credit_card_linked,2024-05-21,active,VALID
brian7715@upi,cust109646,hdfc,savings,2021-05-18,active,VALID
tracy2805@upi,cust107886,hdfc,current,2025-03-11,suspended,VALID
howard2617@upi,cust109891,kotak,credit_card_linked,2024-03-31,active,VALID
jasmine1370@upi,cust103812,sbi,savings,2022-12-21,active,VALID
alex3484@upi,cust100592,kotak,current,2025-07-05,active,VALID
michelle3181@upi,cust109324,sbi,savings,2025-05-30,active,VALID
amanda4620@upi,cust106816,kotak,savings,2023-07-12,active,VALID
maurice2350@upi,cust104397,kotak,credit_card_linked,2025-06-27,active,VALID
jacob1421@upi,cust105840,hdfc,current,2024-12-15,active,VALID
jeffrey3795@upi,cust104201,icici,savings,2024-01-07,active,VALID
savannah8219@upi,cust108648,axis,savings,2023-03-19,active,VALID
cindy6329@upi,cust104632,pnb,current,2024-06-10,active,VALID
elizabeth8647@upi,cust100979,icici,credit_card_linked,2024-02-01,active,VALID
joel2951@upi,cust104742,icici,savings,2024-07-02,active,VALID
david6613@upi,cust105848,kotak,savings,2023-12-16,active,VALID
christine2978@upi,cust100374,icici,current,2025-04-02,active,VALID
andrea9954@upi,cust101382,icici,credit_card_linked,2025-05-06,active,VALID
adam7539@upi,cust102217,axis,savings,2025-04-26,active,VALID
laura1209@upi,cust106467,hdfc,savings,2023-02-25,active,VALID
michael7185@upi,cust101280,kotak,savings,2024-03-26,active,VALID
robert4682@upi,cust101000,axis,credit_card_linked,2024-07-05,active,VALID
ryan8240@upi,cust108252,icici,credit_card_linked,2024-09-18,blocked,VALID
karen2732@upi,cust109244,kotak,credit_card_linked,2022-08-04,active,VALID
melissa5719@upi,cust104836,axis,savings,2025-06-29,active,VALID
colleen1386@upi,cust101565,pnb,credit_card_linked,2025-05-08,active,VALID
ethan6883@upi,cust103286,axis,savings,2025-03-19,active,VALID
marie2608@upi,cust104903,axis,savings,2024-04-24,active,VALID
alicia5835@upi,cust103767,axis,savings,2025-04-29,active,VALID
christopher5648@upi,cust104905,pnb,current,2023-08-08,active,VALID
amanda6326@upi,cust103452,pnb,savings,2024-05-15,active,VALID
martin1828@upi,cust108983,sbi,savings,2023-08-19,active,VALID
lisa9471@upi,cust107838,axis,savings,2022-09-14,suspended,VALID
dr.9042@upi,cust106937,hdfc,current,2025-05-13,active,VALID
jacob4020@upi,cust100339,axis,savings,2023-09-06,active,VALID
nicole8725@upi,cust108262,icici,savings,2025-07-25,active,VALID
william3147@upi,cust107371,icici,savings,2025-04-02,active,VALID
donna2046@upi,cust103856,axis,credit_card_linked,2020-12-04,active,VALID
nicholas2818@upi,cust104825,pnb,current,2024-12-23,active,VALID
cassandra5111@upi,cust104196,hdfc,savings,2022-08-31,active,VALID
christie8890@upi,cust102277,axis,current,2025-03-18,suspended,VALID
cheryl4897@upi,cust103993,axis,credit_card_linked,2021-06-06,active,VALID
dawn8039@upi,cust108024,pnb,current,2025-07-22,active,VALID
andrew6470@upi,cust109093,pnb,savings,2025-03-04,active,VALID
michael2274@upi,cust100796,kotak,current,2024-07-11,active,VALID
katelyn7391@upi,cust104069,axis,credit_card_linked,2024-03-05,active,VALID
kelly4519@upi,cust103662,icici,credit_card_linked,2023-04-30,active,VALID
bryan7130@upi,cust100740,kotak,savings,2025-07-21,active,VALID
cynthia3885@upi,cust107459,pnb,savings,2023-01-22,active,VALID
aaron7586@upi,cust109252,icici,current,2023-10-07,active,VALID
erik6973@upi,cust100768,pnb,current,2024-07-23,active,VALID
carolyn9468@upi,cust104444,hdfc,credit_card_linked,2023-02-25,active,VALID
david8389@upi,cust105066,sbi,current,2025-07-20,active,VALID
karen5841@upi,cust108233,pnb,savings,2023-10-14,active,VALID
daniel6087@upi,cust107171,pnb,credit_card_linked,2025-07-21,active,VALID
paige6179@upi,cust106744,sbi,credit_card_linked,2024-12-10,active,VALID
bryan5983@upi,cust107878,pnb,credit_card_linked,2025-03-16,active,VALID
wendy6037@upi,cust106034,icici,savings,2024-12-21,active,VALID
harold9748@upi,cust101806,kotak,savings,2025-04-18,active,VALID
brandon1328@upi,cust103436,kotak,savings,2022-02-12,active,VALID
diana4980@upi,cust108729,pnb,current,2024-08-13,active,VALID
rita8049@upi,cust108620,sbi,current,2025-06-18,active,VALID
william2512@upi,cust104323,sbi,savings,2021-12-09,active,VALID
jamie1579@upi,cust109115,icici,credit_card_linked,2024-12-31,active,VALID
heather4950@upi,cust103690,pnb,current,2025-05-23,active,VALID
katelyn4381@upi,cust105416,axis,savings,2023-09-06,active,VALID
billy3877@upi,cust106311,sbi,credit_card_linked,2024-07-18,active,VALID
ruth6856@upi,cust109874,hdfc,current,2025-06-20,active,VALID
kenneth6671@upi,cust100857,axis,credit_card_linked,2024-02-03,active,VALID
bailey6696@upi,cust103161,sbi,credit_card_linked,2022-07-06,active,VALID
leonard9848@upi,cust107401,axis,current,2023-09-15,blocked,VALID
marie9111@upi,cust108433,sbi,current,2024-06-16,active,VALID
beth6007@upi,cust101084,hdfc,savings,2025-07-27,active,VALID
robert7891@upi,cust101252,pnb,savings,2025-07-26,active,VALID
lawrence7897@upi,cust104348,icici,savings,2020-11-23,suspended,VALID
brian5241@upi,cust107365,pnb,credit_card_linked,2025-07-20,active,VALID
scott4467@upi,cust105119,hdfc,savings,2024-12-03,active,VALID
joseph1644@upi,cust105581,axis,savings,2024-09-18,active,VALID
jessica7662@upi,cust106699,pnb,current,2024-07-12,active,VALID
spencer1632@upi,cust100615,axis,savings,2023-05-29,active,VALID
stephanie1831@upi,cust104263,sbi,current,2025-02-23,suspended,VALID
jane6577@upi,cust108163,axis,current,2025-03-20,active,VALID
carl5384@upi,cust101354,sbi,savings,2024-01-23,active,VALID
craig7885@upi,cust103611,sbi,savings,2022-11-20,active,VALID
matthew8477@upi,cust108146,hdfc,credit_card_linked,2022-05-20,active,VALID
amber1188@upi,cust108014,pnb,savings,2023-05-11,active,VALID
matthew5136@upi,cust101639,kotak,current,2025-07-08,active,VALID
damon9302@upi,cust105650,kotak,current,2023-07-31,active,VALID
lori1576@upi,cust100116,pnb,savings,2025-07-15,active,VALID
mitchell8891@upi,cust101057,hdfc,credit_card_linked,2025-04-18,active,VALID
jane7383@upi,cust107850,sbi,credit_card_linked,2025-06-27,suspended,VALID
ryan2740@upi,cust103233,sbi,current,2025-05-25,active,VALID
jaime7415@upi,cust107534,sbi,current,2023-07-04,active,VALID
robert5082@upi,cust106530,pnb,credit_card_linked,2025-03-07,active,VALID
ashley4006@upi,cust101044,pnb,savings,2021-10-15,active,VALID
luis9677@upi,cust107698,sbi,current,2024-09-21,active,VALID
julie4209@upi,cust106525,sbi,savings,2021-11-08,active,VALID
wesley9576@upi,cust100247,kotak,credit_card_linked,2025-06-18,suspended,VALID
joshua9524@upi,cust102250,axis,credit_card_linked,2024-11-02,active,VALID
donald3412@upi,cust104783,axis,savings,2021-06-10,active,VALID
madeline1053@upi,cust101539,kotak,savings,2025-07-21,active,VALID
mrs.7924@upi,cust102363,icici,savings,2023-04-10,active,VALID
christopher6043@upi,cust101959,sbi,credit_card_linked,2022-05-15,active,VALID
brittany3078@upi,cust106167,pnb,savings,2024-10-24,active,VALID
katelyn6065@upi,cust104006,axis,credit_card_linked,2023-02-10,active,VALID
jeanette4595@upi,cust105681,sbi,credit_card_linked,2025-05-31,active,VALID
yvonne9636@upi,cust102604,axis,credit_card_linked,2023-09-22,active,VALID
tyler3642@upi,cust104679,axis,current,2025-06-12,blocked,VALID
emily8839@upi,cust100827,icici,savings,2025-05-03,active,VALID
donna4073@upi,cust109430,sbi,savings,2025-07-18,active,VALID
steven5053@upi,cust103349,sbi,credit_card_linked,2025-04-26,active,VALID
curtis8187@upi,cust108917,icici,credit_card_linked,2025-07-05,active,VALID
lisa9507@upi,cust108665,kotak,credit_card_linked,2024-09-25,active,VALID
stacey8714@upi,cust108732,icici,credit_card_linked,2021-10-27,active,VALID
jennifer9804@upi,cust105528,icici,current,2022-07-26,active,VALID
james2562@upi,cust108997,hdfc,savings,2023-10-29,active,VALID
lynn7516@upi,cust101092,axis,savings,2024-11-21,active,VALID
mrs.3594@upi,cust105792,icici,credit_card_linked,2023-10-23,active,VALID
deborah5976@upi,cust103197,kotak,current,2023-10-12,active,VALID
laurie1808@upi,cust100057,icici,current,2023-09-27,active,VALID
kendra6346@upi,cust102942,kotak,current,2023-01-23,active,VALID
miss2616@upi,cust102821,icici,credit_card_linked,2023-11-11,active,VALID
jordan5971@upi,cust100996,hdfc,current,2025-06-30,active,VALID
william3702@upi,cust101521,icici,current,2025-01-08,active,VALID
austin9938@upi,cust109023,icici,savings,2025-03-17,active,VALID
elizabeth4076@upi,cust102600,sbi,credit_card_linked,2025-07-24,active,VALID
richard1694@upi,cust109514,kotak,current,2024-05-19,active,VALID
maria9575@upi,cust107266,icici,current,2024-01-01,active,VALID
stephanie7857@upi,cust104475,hdfc,current,2025-07-27,active,VALID
elizabeth8070@upi,cust101730,axis,credit_card_linked,2024-05-27,active,VALID
michael1807@upi,cust100320,kotak,current,2025-08-01,active,VALID
michael2124@upi,cust100320,axis,current,2025-04-22,suspended,VALID
clarence7446@upi,cust104189,hdfc,credit_card_linked,2025-07-01,active,VALID
kaitlyn1672@upi,cust108476,pnb,credit_card_linked,2025-08-02,active,VALID
jeffrey6162@upi,cust102946,icici,current,2024-03-07,suspended,VALID
jody7024@upi,cust106487,kotak,current,2021-04-28,active,VALID
mr.9726@upi,cust106374,kotak,current,2022-07-28,active,VALID
amanda8172@upi,cust100880,kotak,current,2025-03-26,active,VALID
melanie8883@upi,cust105934,icici,current,2025-03-30,active,VALID
lori4266@upi,cust102514,kotak,savings,2021-09-24,active,VALID
megan8190@upi,cust107745,axis,current,2024-12-20,active,VALID
michael4089@upi,cust101412,icici,current,2023-06-17,active,VALID
angela5986@upi,cust108489,sbi,savings,2025-02-01,active,VALID
tammy3259@upi,cust106155,sbi,current,2024-12-04,active,VALID
charles2743@upi,cust108026,kotak,current,2024-08-10,active,VALID
ricky8080@upi,cust105920,pnb,savings,2024-07-22,active,VALID
evan8572@upi,cust103536,axis,current,2024-05-17,active,VALID
lauren4258@upi,cust108658,kotak,current,2022-12-24,active,VALID
larry2040@upi,cust100543,icici,savings,2024-10-22,active,VALID
sean1740@upi,cust103192,sbi,current,2022-12-03,active,VALID
daniel7704@upi,cust104398,pnb,current,2023-09-02,active,VALID
danny8590@upi,cust108914,pnb,credit_card_linked,2023-08-31,active,VALID
rodney4668@upi,cust103564,pnb,savings,2025-01-13,active,VALID
mr.9106@upi,cust101203,sbi,credit_card_linked,2025-04-13,active,VALID
laura4044@upi,cust100710,axis,savings,2024-12-23,active,VALID
adam2187@upi,cust101281,axis,savings,2024-11-25,active,VALID
rebecca8670@upi,cust101699,axis,credit_card_linked,2022-03-08,active,VALID
cheryl2179@upi,cust101441,kotak,current,2025-03-07,active,VALID
michael8918@upi,cust108846,pnb,credit_card_linked,2022-12-25,active,VALID
james4424@upi,cust100438,kotak,credit_card_linked,2025-04-01,active,VALID
emily4357@upi,cust106379,sbi,savings,2024-10-10,active,VALID
christopher9633@upi,cust105525,pnb,current,2023-12-28,active,VALID
john4270@upi,cust109867,kotak,current,2025-02-18,active,VALID
kristina8729@upi,cust102188,pnb,current,2022-03-09,active,VALID
brittany7357@upi,cust105429,axis,credit_card_linked,2023-11-08,active,VALID
glenda5222@upi,cust108286,kotak,credit_card_linked,2025-04-29,active,VALID
jack7759@upi,cust104960,sbi,credit_card_linked,2022-02-09,suspended,VALID
diana4503@upi,cust100917,kotak,credit_card_linked,2024-03-20,active,VALID
travis6404@upi,cust105164,icici,current,2023-05-01,active,VALID
melissa9860@upi,cust106150,pnb,savings,2023-11-30,active,VALID
lisa5227@upi,cust105546,pnb,savings,2024-12-11,active,VALID
kendra9419@upi,cust108627,axis,credit_card_linked,2025-07-25,active,VALID
paul5347@upi,cust102013,hdfc,savings,2022-09-27,active,VALID
susan3051@upi,cust100694,sbi,current,2025-05-08,active,VALID
reginald1041@upi,cust108728,sbi,credit_card_linked,2025-02-21,active,VALID
shawn4322@upi,cust105367,axis,current,2023-12-19,active,VALID
destiny6924@upi,cust105158,pnb,credit_card_linked,2024-06-26,blocked,VALID
joe2141@upi,cust108883,icici,current,2025-03-20,active,VALID
steven5519@upi,cust105076,sbi,savings,2023-09-13,active,VALID
beth8182@upi,cust109326,sbi,credit_card_linked,2022-03-07,active,VALID
carrie1181@upi,cust100077,pnb,credit_card_linked,2022-06-14,active,VALID
shawn8441@upi,cust105973,axis,credit_card_linked,2023-07-26,active,VALID
wesley1801@upi,cust109497,kotak,savings,2024-12-02,active,VALID
rebecca1653@upi,cust102427,sbi,credit_card_linked,2021-07-17,active,VALID
ellen7487@upi,cust102310,axis,savings,2024-08-26,active,VALID
justin1467@upi,cust101312,axis,savings,2024-11-23,active,VALID
tonya2416@upi,cust107496,axis,credit_card_linked,2024-04-10,active,VALID
destiny3950@upi,cust103762,axis,current,2025-04-24,active,VALID
megan4590@upi,cust100426,icici,savings,2024-12-06,active,VALID
yolanda5426@upi,cust102491,icici,credit_card_linked,2022-07-16,active,VALID
judy9272@upi,cust103414,sbi,credit_card_linked,2025-04-04,active,VALID
hannah8615@upi,cust105966,hdfc,current,2023-06-16,active,VALID
chad7596@upi,cust107805,sbi,current,2025-08-03,active,VALID
april5465@upi,cust101845,axis,current,2025-05-01,active,VALID
james8120@upi,cust102138,icici,savings,2025-07-30,active,VALID
stephanie7813@upi,cust107820,icici,credit_card_linked,2025-07-07,active,VALID
elizabeth7324@upi,cust102115,sbi,credit_card_linked,2025-07-08,active,VALID
jeffrey7109@upi,cust109856,kotak,savings,2025-06-21,active,VALID
dennis5946@upi,cust100122,hdfc,current,2025-02-03,active,VALID
lisa5143@upi,cust107018,icici,credit_card_linked,2025-05-01,active,VALID
brian5694@upi,cust105375,pnb,current,2022-12-20,active,VALID
dr.6806@upi,cust106937,sbi,savings,2023-08-28,active,VALID
pamela5145@upi,cust109388,kotak,credit_card_linked,2025-04-14,active,VALID
mario6090@upi,cust102568,kotak,savings,2024-08-05,active,VALID
richard2539@upi,cust101174,pnb,credit_card_linked,2024-11-05,active,VALID
julia7495@upi,cust107968,axis,current,2024-08-11,active,VALID
thomas2138@upi,cust106717,axis,savings,2025-05-08,active,VALID
seth3998@upi,cust107071,pnb,savings,2023-05-13,active,VALID
tracy8597@upi,cust109560,pnb,savings,2023-11-12,active,VALID
brian2923@upi,cust105079,icici,savings,2023-05-20,active,VALID
tammy4986@upi,cust106780,kotak,savings,2025-07-01,active,VALID
kylie4260@upi,cust103075,kotak,savings,2024-09-18,active,VALID
cindy4229@upi,cust105627,pnb,savings,2025-04-08,active,VALID
katelyn8769@upi,cust101721,hdfc,current,2025-04-29,active,VALID
sara2120@upi,cust106418,axis,current,2025-01-02,active,VALID
ronald5006@upi,cust101095,sbi,current,2024-01-25,active,VALID
autumn9304@upi,cust107017,pnb,current,2024-09-02,active,VALID
daniel2591@upi,cust108003,sbi,savings,2023-11-26,active,VALID
mrs.3244@upi,cust109893,hdfc,credit_card_linked,2025-06-13,active,VALID
andrea1873@upi,cust107737,icici,savings,2024-04-16,active,VALID
elizabeth9180@upi,cust105529,icici,savings,2024-03-06,active,VALID
james6113@upi,cust108337,axis,current,2025-08-03,active,VALID
philip5809@upi,cust104193,pnb,savings,2024-08-18,active,VALID
brittany1970@upi,cust102920,icici,savings,2023-12-17,active,VALID
alyssa2095@upi,cust108017,sbi,savings,2024-05-08,active,VALID
joshua1443@upi,cust101570,pnb,current,2025-05-27,active,VALID
shannon5971@upi,cust101540,pnb,credit_card_linked,2023-05-09,active,VALID
christina7537@upi,cust106738,kotak,credit_card_linked,2024-09-12,active,VALID
amanda3320@upi,cust108637,kotak,credit_card_linked,2025-02-26,active,VALID
jonathan8758@upi,cust103374,hdfc,current,2023-04-12,active,VALID
stephanie5431@upi,cust104991,kotak,credit_card_linked,2024-09-22,active,VALID
stacy5220@upi,cust108512,sbi,savings,2025-03-16,active,VALID
janice2326@upi,cust108223,pnb,credit_card_linked,2025-05-16,active,VALID
shane2872@upi,cust106132,axis,current,2025-08-04,active,VALID
jacqueline1493@upi,cust102818,pnb,savings,2024-11-01,blocked,VALID
mr.4801@upi,cust106832,hdfc,credit_card_linked,2025-03-22,active,VALID
bob6021@upi,cust108096,axis,current,2021-10-02,active,VALID
brent4591@upi,cust108005,axis,credit_card_linked,2025-07-12,active,VALID
dawn8757@upi,cust104738,axis,credit_card_linked,2023-09-10,active,VALID
mr.7037@upi,cust104513,sbi,savings,2024-11-26,active,VALID
kathleen6813@upi,cust105281,axis,credit_card_linked,2024-09-21,active,VALID
john9728@upi,cust105967,axis,savings,2023-04-15,active,VALID
jordan7096@upi,cust106636,axis,credit_card_linked,2024-10-26,active,VALID
richard8397@upi,cust109514,hdfc,savings,2024-04-06,active,VALID
ronald5348@upi,cust104117,axis,savings,2025-06-05,active,VALID
matthew1858@upi,cust101792,icici,savings,2024-02-29,active,VALID
patricia6170@upi,cust100456,icici,credit_card_linked,2024-08-12,blocked,VALID
christine7303@upi,cust106493,axis,current,2025-06-15,active,VALID
eric4080@upi,cust106799,sbi,credit_card_linked,2024-08-01,suspended,VALID
christopher4258@upi,cust103633,axis,credit_card_linked,2024-08-06,active,VALID
bonnie7747@upi,cust100862,sbi,savings,2020-10-27,active,VALID
ryan6087@upi,cust109642,axis,savings,2025-01-06,active,VALID
johnathan4215@upi,cust106313,pnb,credit_card_linked,2024-04-02,active,VALID
robert6185@upi,cust100158,axis,current,2025-02-21,active,VALID
brandon3623@upi,cust101450,axis,credit_card_linked,2025-05-11,active,VALID
ronald5449@upi,cust102649,kotak,savings,2023-12-03,active,VALID
andrew3482@upi,cust102764,hdfc,current,2025-01-19,active,VALID
mrs.4166@upi,cust100643,sbi,current,2021-01-08,active,VALID
brooke6416@upi,cust104056,kotak,current,2024-08-07,active,VALID
barbara8181@upi,cust100755,axis,savings,2024-02-02,active,VALID
tina3785@upi,cust106976,icici,credit_card_linked,2023-10-20,active,VALID
samantha8210@upi,cust100591,kotak,current,2024-07-03,suspended,VALID
shawn7440@upi,cust102345,kotak,current,2025-06-21,active,VALID
lynn5751@upi,cust108747,axis,current,2024-01-26,active,VALID
joy8469@upi,cust100224,icici,credit_card_linked,2025-04-15,active,VALID
jack6431@upi,cust100688,sbi,savings,2025-08-02,active,VALID
kayla8143@upi,cust103417,pnb,credit_card_linked,2023-06-09,active,VALID
frank1386@upi,cust108792,pnb,savings,2025-07-25,active,VALID
april3066@upi,cust109656,kotak,credit_card_linked,2025-02-13,active,VALID
amy6914@upi,cust107362,sbi,credit_card_linked,2022-05-17,active,VALID
martha4567@upi,cust102552,kotak,credit_card_linked,2025-03-28,active,VALID
george5032@upi,cust101954,pnb,savings,2025-07-09,active,VALID
desiree2821@upi,cust106705,pnb,savings,2024-11-21,active,VALID
matthew6242@upi,cust101969,kotak,savings,2025-03-16,active,VALID
zachary3207@upi,cust108941,sbi,credit_card_linked,2024-11-21,active,VALID
stephanie8041@upi,cust105401,hdfc,savings,2022-12-02,active,VALID
douglas4971@upi,cust100396,kotak,credit_card_linked,2025-01-22,active,VALID
jill2615@upi,cust100437,axis,savings,2021-03-27,active,VALID
thomas2653@upi,cust107325,kotak,savings,2024-10-28,suspended,VALID
rachel7040@upi,cust105846,hdfc,current,2023-06-16,active,VALID
lauren6514@upi,cust104630,hdfc,savings,2025-01-23,active,VALID
linda4821@upi,cust108044,axis,credit_card_linked,2025-05-26,active,VALID
sarah6872@upi,cust109260,icici,current,2024-10-26,active,VALID
robert2807@upi,cust108771,axis,savings,2024-04-09,active,VALID
deborah2650@upi,cust109994,kotak,current,2024-03-24,active,VALID
lori9497@upi,cust104700,kotak,current,2025-06-19,active,VALID
kevin4455@upi,cust100080,axis,current,2024-11-04,active,VALID
donna9648@upi,cust100420,pnb,credit_card_linked,2025-05-01,active,VALID
joshua1217@upi,cust106654,icici,credit_card_linked,2025-04-08,active,VALID
amanda9546@upi,cust108612,kotak,credit_card_linked,2025-07-12,active,VALID
jessica2142@upi,cust104190,kotak,current,2024-08-07,active,VALID
jerry1148@upi,cust101527,axis,current,2024-12-16,active,VALID
casey3259@upi,cust100995,pnb,savings,2025-01-15,active,VALID
kendra1684@upi,cust104717,hdfc,credit_card_linked,2024-11-24,active,VALID
johnathan7733@upi,cust106313,hdfc,savings,2025-02-16,active,VALID
rebecca5036@upi,cust100662,pnb,current,2023-09-27,active,VALID
william3484@upi,cust101820,sbi,current,2025-03-25,active,VALID
richard9508@upi,cust102883,hdfc,current,2024-03-13,active,VALID
aaron2304@upi,cust108237,axis,current,2023-03-28,active,VALID
jacob4472@upi,cust102647,sbi,savings,2025-01-27,active,VALID
cynthia5253@upi,cust105146,hdfc,credit_card_linked,2025-01-14,suspended,VALID
john3918@upi,cust102039,icici,current,2025-04-06,active,VALID
paul9980@upi,cust100347,sbi,current,2023-07-09,active,VALID
denise7039@upi,cust102996,pnb,current,2025-05-19,active,VALID
kerri5838@upi,cust102963,icici,savings,2024-05-10,active,VALID
laura3404@upi,cust107630,pnb,credit_card_linked,2024-09-30,active,VALID
ariana7402@upi,cust101587,icici,credit_card_linked,2024-09-02,active,VALID
tamara5064@upi,cust104735,pnb,savings,2024-08-31,active,VALID
kelly5193@upi,cust106383,pnb,credit_card_linked,2024-12-30,active,VALID
stacy3107@upi,cust101555,pnb,current,2025-07-28,active,VALID
christopher5383@upi,cust101875,pnb,current,2024-06-29,active,VALID
andrew1143@upi,cust106396,hdfc,savings,2025-07-10,active,VALID
john9692@upi,cust108903,icici,savings,2025-02-27,active,VALID
john1264@upi,cust104719,kotak,savings,2022-11-14,active,VALID
tammy5797@upi,cust106480,hdfc,savings,2023-08-26,active,VALID
kayla4368@upi,cust107315,kotak,savings,2025-07-23,active,VALID
kyle1954@upi,cust106689,icici,credit_card_linked,2023-11-17,active,VALID
brian6240@upi,cust108444,axis,current,2023-11-13,suspended,VALID
colleen2583@upi,cust104050,kotak,savings,2024-12-08,active,VALID
donald9498@upi,cust102088,sbi,current,2025-06-20,active,VALID
steven8153@upi,cust108023,pnb,credit_card_linked,2025-02-24,active,VALID
brandon1326@upi,cust100733,kotak,credit_card_linked,2022-08-03,active,VALID
nathan5280@upi,cust100479,hdfc,credit_card_linked,2025-07-10,active,VALID
diana4306@upi,cust105488,pnb,credit_card_linked,2022-05-12,active,VALID
christopher6204@upi,cust105703,pnb,current,2025-04-07,active,VALID
dr.4645@upi,cust102270,sbi,current,2025-06-20,active,VALID
joshua7687@upi,cust106318,kotak,credit_card_linked,2022-01-31,active,VALID
katherine1434@upi,cust102484,hdfc,savings,2024-10-05,active,VALID
shawn2647@upi,cust105973,hdfc,current,2025-05-11,active,VALID
matthew3506@upi,cust100538,kotak,current,2025-07-23,active,VALID
timothy6427@upi,cust107957,pnb,credit_card_linked,2025-01-05,active,VALID
phillip1052@upi,cust109596,pnb,savings,2024-01-01,active,VALID
andrew5696@upi,cust100246,kotak,savings,2025-05-14,active,VALID
adam7073@upi,cust101008,hdfc,savings,2024-06-30,active,VALID
thomas1326@upi,cust106043,kotak,current,2024-05-23,active,VALID
nathaniel1550@upi,cust100699,icici,credit_card_linked,2022-10-29,active,VALID
leslie7699@upi,cust107395,pnb,current,2025-06-18,active,VALID
tiffany3561@upi,cust105872,pnb,current,2025-07-15,active,VALID
mr.3680@upi,cust106237,icici,current,2025-04-28,active,VALID
stephanie1343@upi,cust108559,kotak,current,2021-06-18,active,VALID
john4122@upi,cust104319,pnb,current,2023-03-04,suspended,VALID
laura8944@upi,cust107141,icici,savings,2024-10-27,active,VALID
mark2408@upi,cust108646,hdfc,savings,2024-11-20,active,VALID
rachel8965@upi,cust105795,kotak,credit_card_linked,2025-03-14,active,VALID
tonya3897@upi,cust100864,axis,savings,2025-04-11,active,VALID
judith2174@upi,cust109406,pnb,current,2023-12-09,active,VALID
dawn4431@upi,cust100623,kotak,current,2023-06-01,active,VALID
ms.7658@upi,cust106478,sbi,current,2025-07-20,active,VALID
cheyenne7919@upi,cust101013,icici,savings,2021-07-04,active,VALID
carl1545@upi,cust107753,kotak,credit_card_linked,2025-02-05,active,VALID
kenneth7485@upi,cust101467,pnb,savings,2024-07-10,active,VALID
jonathan3614@upi,cust102953,kotak,current,2024-07-19,active,VALID
erin2399@upi,cust100193,hdfc,savings,2021-12-19,active,VALID
richard7854@upi,cust101654,axis,current,2022-09-16,active,VALID
miss7161@upi,cust102821,sbi,savings,2024-02-29,active,VALID
jeremiah6028@upi,cust109341,sbi,credit_card_linked,2024-10-08,active,VALID
alexandra1273@upi,cust101227,kotak,credit_card_linked,2023-01-04,active,VALID
nicole8665@upi,cust107341,sbi,savings,2021-01-22,active,VALID
cassandra3196@upi,cust101416,hdfc,savings,2022-04-11,active,VALID
jennifer8266@upi,cust102444,kotak,credit_card_linked,2023-07-09,active,VALID
heather6292@upi,cust100990,icici,savings,2024-10-17,active,VALID
jeffrey3367@upi,cust101888,kotak,savings,2022-03-20,suspended,VALID
dr.5578@upi,cust107553,sbi,savings,2025-01-10,active,VALID
brian2761@upi,cust103550,sbi,credit_card_linked,2024-09-14,active,VALID
robert6243@upi,cust104478,icici,savings,2024-11-07,active,VALID
allison4066@upi,cust100436,axis,credit_card_linked,2022-09-25,active,VALID
miss6701@upi,cust105289,kotak,current,2025-06-30,suspended,VALID
anna7461@upi,cust106106,axis,current,2025-08-03,active,VALID
valerie2250@upi,cust108004,axis,credit_card_linked,2025-07-25,active,VALID
jennifer7322@upi,cust100397,hdfc,credit_card_linked,2025-02-05,active,VALID
amanda6478@upi,cust104585,axis,savings,2024-01-04,active,VALID
jamie2252@upi,cust101879,icici,savings,2024-04-30,active,VALID
mark6483@upi,cust104303,sbi,current,2024-09-04,active,VALID
juan4682@upi,cust109913,axis,current,2022-08-17,active,VALID
stacey8446@upi,cust104380,sbi,savings,2023-10-09,active,VALID
katherine2743@upi,cust108268,kotak,credit_card_linked,2024-01-02,active,VALID
terry5924@upi,cust104505,axis,current,2023-10-08,active,VALID
john6167@upi,cust106823,icici,current,2024-08-01,active,VALID
thomas8241@upi,cust103752,sbi,savings,2022-06-08,active,VALID
michael4935@upi,cust107219,pnb,savings,2025-06-22,active,VALID
michael8716@upi,cust104107,sbi,credit_card_linked,2023-12-23,active,VALID
christopher6288@upi,cust103705,icici,current,2025-07-29,active,VALID
james6717@upi,cust100443,sbi,current,2025-04-09,active,VALID
anita6492@upi,cust109489,pnb,credit_card_linked,2024-10-29,active,VALID
heather6098@upi,cust102266,sbi,credit_card_linked,2025-05-17,active,VALID
mr.2615@upi,cust100898,kotak,current,2023-07-03,active,VALID
john1580@upi,cust108903,pnb,credit_card_linked,2025-05-07,active,VALID
taylor5667@upi,cust108374,axis,current,2025-02-25,active,VALID
andrew8770@upi,cust105929,sbi,savings,2023-04-18,active,VALID
michael1094@upi,cust102372,hdfc,current,2024-06-27,active,VALID
joshua4365@upi,cust105701,pnb,credit_card_linked,2023-11-02,active,VALID
tara6525@upi,cust107694,hdfc,current,2025-05-18,active,VALID
matthew9375@upi,cust105332,icici,savings,2025-06-30,suspended,VALID
kimberly4673@upi,cust107590,sbi,credit_card_linked,2025-05-06,active,VALID
keith5782@upi,cust107507,icici,savings,2025-06-20,suspended,VALID
kara4412@upi,cust103781,kotak,savings,2025-07-30,active,VALID
tracy6990@upi,cust101290,icici,current,2023-01-23,active,VALID
david3452@upi,cust103398,kotak,savings,2024-07-02,suspended,VALID
alyssa1468@upi,cust101751,icici,credit_card_linked,2025-04-16,active,VALID
victoria8137@upi,cust100417,sbi,current,2024-12-20,active,VALID
william4741@upi,cust107268,kotak,current,2025-04-19,active,VALID
jessica5204@upi,cust104026,icici,current,2024-02-02,active,VALID
savannah6574@upi,cust102418,hdfc,credit_card_linked,2025-08-04,active,VALID
toni1430@upi,cust109799,axis,credit_card_linked,2024-11-11,active,VALID
lisa6597@upi,cust106422,icici,credit_card_linked,2025-05-02,active,VALID
charles8814@upi,cust105551,pnb,savings,2025-07-09,active,VALID
cole1136@upi,cust108438,sbi,credit_card_linked,2023-11-18,blocked,VALID
sarah8617@upi,cust102732,kotak,savings,2024-11-11,active,VALID
sandra2135@upi,cust107270,hdfc,savings,2021-06-29,active,VALID
angel9011@upi,cust104919,sbi,credit_card_linked,2023-10-04,active,VALID
evan5488@upi,cust105025,hdfc,current,2022-02-26,active,VALID
michelle2288@upi,cust107697,pnb,credit_card_linked,2025-07-05,active,VALID
vanessa1727@upi,cust109608,axis,current,2023-11-05,active,VALID
alejandro2152@upi,cust105370,sbi,credit_card_linked,2024-01-18,active,VALID
richard6010@upi,cust107686,hdfc,savings,2025-06-10,active,VALID
mrs.1276@upi,cust102292,hdfc,credit_card_linked,2025-06-29,active,VALID
vicki6490@upi,cust100277,kotak,current,2024-11-30,active,VALID
william9705@upi,cust102243,icici,credit_card_linked,2023-08-27,active,VALID
brian7792@upi,cust106332,kotak,current,2024-04-21,active,VALID
donna1532@upi,cust107432,sbi,savings,2024-08-30,active,VALID
tammy9793@upi,cust104170,hdfc,current,2022-11-30,active,VALID
christina2196@upi,cust106220,axis,credit_card_linked,2025-05-14,active,VALID
shirley3709@upi,cust103632,sbi,credit_card_linked,2023-07-15,active,VALID
theresa5596@upi,cust108351,kotak,credit_card_linked,2025-01-08,active,VALID
brian2274@upi,cust105897,pnb,credit_card_linked,2021-03-24,active,VALID
jillian3454@upi,cust106730,pnb,current,2025-01-18,active,VALID
kevin6062@upi,cust101892,kotak,current,2021-07-19,blocked,VALID
maria2846@upi,cust101022,sbi,current,2022-03-18,active,VALID
mark4826@upi,cust104431,icici,current,2024-12-22,active,VALID
melanie6568@upi,cust101307,pnb,credit_card_linked,2025-02-22,active,VALID
evan4868@upi,cust104804,kotak,credit_card_linked,2022-08-27,active,VALID
tom7090@upi,cust106409,hdfc,current,2024-11-18,active,VALID
donna9395@upi,cust100178,pnb,current,2022-03-23,active,VALID
michael9724@upi,cust103501,sbi,credit_card_linked,2024-03-16,active,VALID
mrs.9342@upi,cust108147,kotak,current,2022-09-06,active,VALID
jaime9167@upi,cust101832,icici,savings,2025-01-21,active,VALID
lisa4115@upi,cust105546,icici,savings,2023-10-12,active,VALID
corey3961@upi,cust103232,sbi,savings,2024-07-13,active,VALID
lisa6555@upi,cust101922,kotak,savings,2025-05-21,active,VALID
wendy5443@upi,cust101261,kotak,savings,2022-04-18,active,VALID
april1183@upi,cust108162,hdfc,current,2025-04-13,active,VALID
shannon8086@upi,cust108318,sbi,current,2024-06-08,active,VALID
brian7785@upi,cust108107,hdfc,credit_card_linked,2023-01-30,active,VALID
amanda3713@upi,cust100585,hdfc,credit_card_linked,2023-04-01,active,VALID
teresa2686@upi,cust106957,axis,current,2024-08-23,active,VALID
stephanie2258@upi,cust109442,axis,credit_card_linked,2022-10-23,active,VALID
lisa7518@upi,cust100717,axis,current,2021-10-18,blocked,VALID
kristi9716@upi,cust109505,hdfc,savings,2025-05-26,active,VALID
mariah4415@upi,cust101499,sbi,current,2025-03-14,active,VALID
lydia3182@upi,cust107348,axis,current,2025-07-31,active,VALID
jacob2182@upi,cust104989,pnb,current,2022-02-23,active,VALID
kenneth2770@upi,cust104996,axis,credit_card_linked,2025-06-14,active,VALID
eric2434@upi,cust108557,icici,credit_card_linked,2021-11-14,active,VALID
toni3593@upi,cust109799,kotak,savings,2025-07-23,active,VALID
jennifer8603@upi,cust100909,pnb,current,2025-07-04,active,VALID
bridget7409@upi,cust109499,axis,current,2022-03-05,active,VALID
jeffrey1311@upi,cust102946,hdfc,credit_card_linked,2025-06-24,blocked,VALID
sara7548@upi,cust101102,pnb,savings,2024-02-04,active,VALID
alyssa8114@upi,cust104805,pnb,credit_card_linked,2024-01-24,active,VALID
alice3385@upi,cust104732,axis,credit_card_linked,2025-05-24,active,VALID
kimberly8066@upi,cust100084,hdfc,savings,2024-02-20,active,VALID
haley7776@upi,cust101136,kotak,credit_card_linked,2024-12-29,active,VALID
stacy1385@upi,cust101700,axis,savings,2024-11-30,active,VALID
brian4079@upi,cust103780,kotak,savings,2024-11-22,active,VALID
andrew4988@upi,cust103799,icici,current,2025-06-02,active,VALID
lindsey7245@upi,cust108112,sbi,current,2022-10-11,active,VALID
christopher2276@upi,cust101959,axis,savings,2021-05-01,active,VALID
jay1097@upi,cust102308,hdfc,current,2021-12-25,suspended,VALID
jennifer8880@upi,cust102035,hdfc,credit_card_linked,2025-05-21,active,VALID
charles3725@upi,cust105949,hdfc,current,2022-10-10,active,VALID
sara6211@upi,cust108652,kotak,savings,2022-04-18,active,VALID
nicholas1069@upi,cust103041,icici,credit_card_linked,2024-04-18,active,VALID
steven5214@upi,cust107229,pnb,savings,2025-01-27,active,VALID
mary6152@upi,cust107783,icici,credit_card_linked,2022-09-20,suspended,VALID
anthony8605@upi,cust108380,icici,savings,2025-02-21,active,VALID
sharon2632@upi,cust103081,icici,savings,2025-04-08,active,VALID
christopher7163@upi,cust101126,sbi,current,2025-05-22,active,VALID
david4209@upi,cust107845,pnb,credit_card_linked,2024-10-03,active,VALID
daniel3823@upi,cust107201,icici,credit_card_linked,2025-07-25,active,VALID
mary3901@upi,cust107074,sbi,savings,2023-05-09,active,VALID
vanessa3674@upi,cust103471,sbi,savings,2025-03-10,active,VALID
robert5053@upi,cust105483,hdfc,savings,2025-01-25,active,VALID
april2181@upi,cust109976,hdfc,credit_card_linked,2022-10-02,active,VALID
javier2423@upi,cust101612,sbi,credit_card_linked,2024-05-21,active,VALID
april5351@upi,cust104024,icici,current,2025-06-15,active,VALID
samantha8098@upi,cust104581,icici,credit_card_linked,2024-10-02,active,VALID
megan4652@upi,cust106687,axis,current,2025-03-04,active,VALID
john5632@upi,cust104442,axis,current,2022-08-29,active,VALID
jason3441@upi,cust106108,pnb,savings,2025-07-29,active,VALID
megan6311@upi,cust100812,axis,current,2024-04-21,active,VALID
justin3516@upi,cust105544,pnb,credit_card_linked,2024-06-08,active,VALID
ryan8375@upi,cust107116,kotak,current,2025-08-03,active,VALID
william1332@upi,cust101362,kotak,savings,2024-04-11,active,VALID
katherine1528@upi,cust103491,hdfc,current,2025-06-28,active,VALID
michael3227@upi,cust105298,icici,savings,2024-03-20,active,VALID
james2208@upi,cust100290,kotak,savings,2025-05-28,active,VALID
sandra6080@upi,cust103369,pnb,savings,2023-02-25,active,VALID
richard4724@upi,cust109961,icici,savings,2024-04-15,active,VALID
chelsey6169@upi,cust100817,sbi,current,2023-10-25,active,VALID
michelle3579@upi,cust107223,hdfc,savings,2025-01-20,active,VALID
jodi8480@upi,cust108609,axis,credit_card_linked,2024-05-16,active,VALID
justin6999@upi,cust108227,icici,savings,2025-04-14,active,VALID
hannah1618@upi,cust101542,pnb,credit_card_linked,2025-07-11,blocked,VALID
george1574@upi,cust103910,hdfc,credit_card_linked,2022-11-11,active,VALID
timothy5972@upi,cust108372,axis,current,2025-05-14,active,VALID
lauren4405@upi,cust103870,axis,savings,2024-05-21,active,VALID
jessica8220@upi,cust104026,icici,credit_card_linked,2021-10-24,active,VALID
jesse6954@upi,cust105596,sbi,current,2025-03-11,active,VALID
mitchell1995@upi,cust109664,axis,savings,2025-05-04,active,VALID
donna5304@upi,cust109682,hdfc,credit_card_linked,2024-10-30,active,VALID
william2104@upi,cust102162,pnb,savings,2025-06-19,active,VALID
anthony6723@upi,cust108380,hdfc,credit_card_linked,2024-10-11,active,VALID
laurie9518@upi,cust100289,sbi,current,2023-06-15,active,VALID
kim2476@upi,cust103055,axis,current,2025-07-11,active,VALID
david8905@upi,cust104906,hdfc,current,2025-04-23,active,VALID
daniel8812@upi,cust107201,sbi,savings,2025-04-15,active,VALID
dr.1487@upi,cust106937,hdfc,savings,2024-05-15,active,VALID
christopher5368@upi,cust102179,kotak,current,2022-07-29,active,VALID
jesse9435@upi,cust105898,icici,current,2025-04-30,blocked,VALID
christina7008@upi,cust102165,sbi,credit_card_linked,2025-01-03,active,VALID
daniel8133@upi,cust108943,kotak,credit_card_linked,2025-02-26,suspended,VALID
kayla4402@upi,cust101864,icici,savings,2025-03-31,active,VALID
shannon6319@upi,cust101531,hdfc,current,2025-06-06,active,VALID
brandi3319@upi,cust106874,hdfc,savings,2024-09-20,active,VALID
tina7713@upi,cust101422,axis,current,2025-04-29,active,VALID
sarah4438@upi,cust101853,sbi,current,2025-08-01,active,VALID
kimberly2051@upi,cust103306,hdfc,savings,2024-10-24,active,VALID
laurie5492@upi,cust102957,axis,savings,2025-06-16,active,VALID
samuel7200@upi,cust105478,pnb,savings,2024-10-31,active,VALID
tammy8587@upi,cust105103,pnb,savings,2022-10-29,active,VALID
brooke5234@upi,cust109189,icici,credit_card_linked,2024-03-01,blocked,VALID
james8224@upi,cust105419,pnb,credit_card_linked,2023-01-05,active,VALID
sarah7831@upi,cust105903,axis,credit_card_linked,2024-12-31,active,VALID
eric5154@upi,cust104148,hdfc,savings,2024-05-28,active,VALID
michael3465@upi,cust104312,icici,current,2025-06-05,active,VALID
ernest4308@upi,cust105762,icici,credit_card_linked,2021-10-30,active,VALID
timothy3511@upi,cust104773,kotak,current,2023-10-25,active,VALID
ms.9894@upi,cust103223,icici,credit_card_linked,2023-09-07,active,VALID
angela5297@upi,cust106997,pnb,current,2024-02-11,active,VALID
charles5732@upi,cust100818,kotak,current,2025-07-27,active,VALID
timothy1781@upi,cust103880,pnb,savings,2022-01-04,active,VALID
mr.7014@upi,cust107454,sbi,credit_card_linked,2021-01-24,active,VALID
heather9123@upi,cust103424,sbi,credit_card_linked,2024-01-01,active,VALID
ian7386@upi,cust100881,kotak,current,2025-03-05,active,VALID
kenneth2951@upi,cust107765,sbi,credit_card_linked,2025-03-06,active,VALID
kaitlyn7945@upi,cust103970,hdfc,savings,2025-06-27,active,VALID
patrick4429@upi,cust108443,sbi,current,2025-02-02,active,VALID
gina6730@upi,cust105104,kotak,credit_card_linked,2024-05-24,active,VALID
jacob3137@upi,cust102647,pnb,credit_card_linked,2025-01-08,active,VALID
bradley2069@upi,cust104183,icici,current,2025-05-15,active,VALID
cody2083@upi,cust102214,sbi,credit_card_linked,2025-05-21,active,VALID
deanna6948@upi,cust101028,axis,credit_card_linked,2024-05-16,active,VALID
jessica3544@upi,cust109879,sbi,credit_card_linked,2025-01-25,active,VALID
lori5012@upi,cust105185,icici,credit_card_linked,2023-10-15,active,VALID
diana9952@upi,cust108729,axis,current,2024-05-20,active,VALID
jason2833@upi,cust108532,sbi,savings,2024-08-18,active,VALID
eugene2312@upi,cust101137,icici,current,2023-08-13,active,VALID
anna6052@upi,cust109171,icici,current,2025-08-04,active,VALID
ashley3339@upi,cust104778,pnb,savings,2024-04-08,active,VALID
melvin9276@upi,cust109291,icici,credit_card_linked,2024-09-15,active,VALID
mary5203@upi,cust108889,axis,credit_card_linked,2023-03-08,active,VALID
jeffrey5714@upi,cust101282,icici,savings,2025-04-06,active,VALID
jill7139@upi,cust100784,kotak,credit_card_linked,2024-08-08,active,VALID
chelsey7396@upi,cust100817,hdfc,savings,2024-03-06,active,VALID
kevin9057@upi,cust102657,sbi,credit_card_linked,2025-01-17,active,VALID
sara1229@upi,cust106566,axis,credit_card_linked,2023-10-10,active,VALID
stephanie9977@upi,cust102713,pnb,credit_card_linked,2022-03-22,active,VALID
thomas2446@upi,cust100207,icici,credit_card_linked,2024-08-15,active,VALID
scott1408@upi,cust102742,axis,savings,2023-09-18,active,VALID
ronald3530@upi,cust100086,sbi,current,2024-06-23,active,VALID
kelly6345@upi,cust107854,pnb,current,2025-07-17,active,VALID
jason6680@upi,cust100256,kotak,savings,2023-03-20,active,VALID
nancy8138@upi,cust109587,pnb,savings,2022-10-22,active,VALID
michael9371@upi,cust105951,sbi,credit_card_linked,2024-04-15,active,VALID
ms.3841@upi,cust105258,icici,savings,2025-06-06,active,VALID
kelsey8341@upi,cust107570,kotak,savings,2025-06-10,active,VALID
heather5962@upi,cust106111,hdfc,credit_card_linked,2025-06-23,active,VALID
hayden5892@upi,cust102192,kotak,savings,2025-03-22,active,VALID
john2238@upi,cust100196,icici,savings,2025-06-15,active,VALID
meghan4525@upi,cust102083,sbi,savings,2025-02-17,active,VALID
donald9359@upi,cust101129,pnb,savings,2025-01-23,active,VALID
justin7324@upi,cust108271,kotak,credit_card_linked,2023-09-17,active,VALID
sabrina6377@upi,cust107075,sbi,credit_card_linked,2023-06-02,active,VALID
chase1565@upi,cust104027,kotak,credit_card_linked,2022-02-10,active,VALID
christopher8719@upi,cust101929,hdfc,current,2024-08-16,active,VALID
antonio3561@upi,cust100268,sbi,savings,2025-06-20,active,VALID
allison6890@upi,cust100637,icici,current,2021-02-16,active,VALID
tracy5948@upi,cust102071,kotak,savings,2022-09-06,active,VALID
daniel2627@upi,cust102076,sbi,savings,2024-07-27,active,VALID
stephanie3286@upi,cust106935,kotak,credit_card_linked,2022-11-06,active,VALID
amanda8708@upi,cust103724,pnb,savings,2023-04-03,active,VALID
brittney4457@upi,cust102343,icici,credit_card_linked,2023-04-04,suspended,VALID
rebecca2208@upi,cust103884,kotak,credit_card_linked,2023-11-07,active,VALID
david5195@upi,cust107587,axis,credit_card_linked,2025-05-29,active,VALID
chelsey6635@upi,cust100236,icici,current,2025-05-04,active,VALID
kimberly7680@upi,cust101066,pnb,savings,2022-09-20,active,VALID
lance4061@upi,cust109513,hdfc,current,2022-05-22,active,VALID
mary4790@upi,cust101633,icici,credit_card_linked,2024-06-05,active,VALID
christopher2868@upi,cust102546,icici,savings,2023-09-02,active,VALID
mark1820@upi,cust105586,pnb,current,2024-09-28,active,VALID
marcus5560@upi,cust104921,hdfc,current,2022-08-18,active,VALID
matthew2344@upi,cust101969,pnb,credit_card_linked,2025-04-08,active,VALID
cassandra7727@upi,cust104154,icici,current,2022-06-09,active,VALID
ian7731@upi,cust102587,axis,credit_card_linked,2023-10-06,active,VALID
kaitlyn7780@upi,cust103970,axis,current,2021-05-22,active,VALID
dr.3769@upi,cust108799,kotak,savings,2025-07-10,active,VALID
michelle2130@upi,cust101680,icici,current,2025-07-16,active,VALID
darlene4248@upi,cust106214,kotak,credit_card_linked,2024-08-24,active,VALID
amanda9147@upi,cust108216,pnb,savings,2025-05-27,active,VALID
rebecca5447@upi,cust106071,kotak,credit_card_linked,2025-06-22,active,VALID
caroline8015@upi,cust104715,axis,savings,2023-04-28,active,VALID
brandon1320@upi,cust109190,icici,credit_card_linked,2025-05-07,active,VALID
anthony4166@upi,cust104872,sbi,current,2025-01-28,active,VALID
christian4448@upi,cust102137,icici,current,2023-07-15,blocked,VALID
vanessa6039@upi,cust105211,hdfc,current,2024-01-16,active,VALID
michael2599@upi,cust101884,axis,credit_card_linked,2025-05-27,active,VALID
david1769@upi,cust103449,icici,savings,2023-11-16,active,VALID
katherine1038@upi,cust108268,pnb,current,2024-02-08,active,VALID
brittany8078@upi,cust101584,axis,current,2025-02-03,active,VALID
justin4556@upi,cust108760,axis,savings,2023-07-13,suspended,VALID
mandy1461@upi,cust106684,icici,current,2023-09-24,active,VALID
kelli9571@upi,cust100676,pnb,savings,2023-10-13,active,VALID
daniel7219@upi,cust109229,axis,savings,2021-06-15,active,VALID
mark2548@upi,cust100532,pnb,savings,2024-04-16,active,VALID
andrea6162@upi,cust100354,axis,savings,2024-06-27,active,VALID
michael9933@upi,cust103034,axis,current,2025-02-04,active,VALID
jordan7159@upi,cust107063,hdfc,savings,2024-08-19,active,VALID
mr.1262@upi,cust102338,hdfc,savings,2022-08-15,active,VALID
mary1776@upi,cust104446,icici,current,2022-01-25,active,VALID
mitchell9560@upi,cust108205,axis,savings,2022-08-06,active,VALID
valerie8639@upi,cust106474,icici,savings,2024-07-07,active,VALID
james6789@upi,cust108213,pnb,savings,2025-06-15,suspended,VALID
derek4336@upi,cust102405,sbi,credit_card_linked,2023-04-13,active,VALID
amanda2842@upi,cust109038,axis,credit_card_linked,2023-09-14,active,VALID
brandon2692@upi,cust105916,sbi,credit_card_linked,2024-09-15,active,VALID
justin2320@upi,cust106533,kotak,credit_card_linked,2025-07-19,active,VALID
edward8638@upi,cust101115,sbi,savings,2023-03-14,blocked,VALID
eric1598@upi,cust102778,axis,current,2024-01-04,active,VALID
robert6222@upi,cust105009,hdfc,credit_card_linked,2025-04-23,active,VALID
anthony5114@upi,cust101140,hdfc,savings,2025-06-02,active,VALID
natasha5532@upi,cust105228,axis,savings,2024-09-28,active,VALID
thomas1320@upi,cust102683,icici,current,2023-05-29,active,VALID
david9623@upi,cust102634,kotak,current,2024-08-27,active,VALID
brooke5725@upi,cust108001,hdfc,savings,2023-03-06,active,VALID
douglas5784@upi,cust105695,pnb,savings,2023-09-20,active,VALID
david4025@upi,cust106469,pnb,current,2023-07-10,blocked,VALID
dustin1462@upi,cust107019,hdfc,credit_card_linked,2023-02-21,active,VALID
anita8663@upi,cust103583,icici,savings,2024-08-04,active,VALID
andrea7130@upi,cust109346,axis,credit_card_linked,2025-06-16,active,VALID
patrick5142@upi,cust107995,pnb,current,2021-05-10,active,VALID
sheila3100@upi,cust107787,icici,current,2024-03-25,active,VALID
benjamin6045@upi,cust104834,pnb,current,2025-06-07,blocked,VALID
sharon3994@upi,cust106930,icici,current,2024-11-09,active,VALID
alexandra4396@upi,cust107693,sbi,current,2023-09-16,active,VALID
miss1068@upi,cust106889,pnb,credit_card_linked,2023-10-02,active,VALID
carla1462@upi,cust101333,kotak,savings,2023-10-13,active,VALID
ricardo3117@upi,cust100322,hdfc,savings,2022-12-16,active,VALID
jordan7151@upi,cust100416,sbi,credit_card_linked,2024-12-11,active,VALID
hector6707@upi,cust101562,hdfc,credit_card_linked,2025-05-02,active,VALID
tiffany8591@upi,cust102006,hdfc,savings,2025-07-22,suspended,VALID
douglas7274@upi,cust105177,axis,current,2025-06-27,active,VALID
michelle9504@upi,cust107223,hdfc,credit_card_linked,2024-01-21,active,VALID
phillip6562@upi,cust107964,kotak,current,2023-02-26,suspended,VALID
kara7068@upi,cust106424,kotak,current,2024-02-19,active,VALID
mrs.9742@upi,cust104535,kotak,current,2025-05-04,active,VALID
stephen3697@upi,cust108462,hdfc,savings,2025-03-26,active,VALID
michael4638@upi,cust108745,pnb,credit_card_linked,2021-12-16,active,VALID
antonio2108@upi,cust104874,pnb,savings,2023-04-14,active,VALID
joshua8185@upi,cust109068,sbi,current,2025-05-07,active,VALID
brian5017@upi,cust100803,hdfc,savings,2023-08-17,blocked,VALID
stephanie2861@upi,cust104482,sbi,current,2022-03-17,active,VALID
brittany1892@upi,cust100526,axis,current,2024-11-24,active,VALID
debra5966@upi,cust108329,sbi,credit_card_linked,2025-04-20,active,VALID
desiree5907@upi,cust106069,kotak,savings,2024-08-16,active,VALID
angela2592@upi,cust103848,pnb,savings,2025-06-30,active,VALID
linda1368@upi,cust108706,sbi,current,2021-10-10,active,VALID
mark5833@upi,cust101943,icici,current,2025-08-01,active,VALID
jordan3526@upi,cust103425,icici,current,2025-07-25,active,VALID
mark7568@upi,cust109547,kotak,savings,2025-01-27,active,VALID
jennifer9978@upi,cust108664,kotak,current,2025-07-14,active,VALID
kenneth1686@upi,cust104514,sbi,credit_card_linked,2024-09-01,active,VALID
laurie8933@upi,cust100057,sbi,current,2023-03-07,blocked,VALID
david7539@upi,cust101991,sbi,current,2024-08-31,active,VALID
bryan6602@upi,cust109249,icici,savings,2025-01-21,active,VALID
tommy1729@upi,cust105173,hdfc,savings,2022-12-20,active,VALID
james3223@upi,cust102544,kotak,savings,2024-04-06,active,VALID
frank6147@upi,cust109993,hdfc,credit_card_linked,2023-02-01,active,VALID
samuel6184@upi,cust103137,axis,savings,2025-08-04,active,VALID
justin7716@upi,cust105849,sbi,credit_card_linked,2025-02-11,active,VALID
mark1418@upi,cust102445,icici,savings,2024-11-17,active,VALID
charles2545@upi,cust108219,axis,savings,2024-12-27,active,VALID
travis2345@upi,cust105723,kotak,credit_card_linked,2025-07-22,active,VALID
sandra1552@upi,cust101443,icici,current,2025-07-29,active,VALID
donna8257@upi,cust102066,hdfc,credit_card_linked,2025-03-01,active,VALID
katie1039@upi,cust101667,icici,savings,2024-10-27,active,VALID
donald3486@upi,cust100826,kotak,credit_card_linked,2021-07-25,suspended,VALID
eddie4996@upi,cust103594,kotak,credit_card_linked,2025-04-02,active,VALID
kevin6728@upi,cust102856,axis,savings,2025-02-22,active,VALID
raymond4135@upi,cust108293,icici,credit_card_linked,2025-06-09,active,VALID
gabriel7877@upi,cust108624,axis,credit_card_linked,2024-08-16,active,VALID
matthew1275@upi,cust102074,icici,savings,2024-03-15,active,VALID
joseph3852@upi,cust102904,pnb,current,2024-09-12,active,VALID
matthew3764@upi,cust107003,pnb,savings,2022-03-22,blocked,VALID
jamie9949@upi,cust101377,hdfc,credit_card_linked,2025-06-23,active,VALID
brian8344@upi,cust101460,pnb,current,2023-10-15,active,VALID
kimberly8420@upi,cust107359,sbi,current,2024-07-11,active,VALID
joyce4734@upi,cust103341,axis,savings,2025-05-31,active,VALID
vicki8260@upi,cust109147,axis,current,2022-09-26,active,VALID
marissa4444@upi,cust101803,hdfc,savings,2023-07-17,active,VALID
christopher6630@upi,cust101277,hdfc,current,2025-01-07,active,VALID
caleb1394@upi,cust108686,hdfc,savings,2024-08-13,active,VALID
jessica7624@upi,cust104026,kotak,current,2024-07-17,active,VALID
jeffrey6043@upi,cust108386,hdfc,current,2025-05-17,blocked,VALID
michelle9059@upi,cust105787,pnb,savings,2025-02-23,active,VALID
joshua1839@upi,cust101255,sbi,current,2024-06-06,active,VALID
alexander3915@upi,cust105218,kotak,savings,2023-11-18,active,VALID
patrick6904@upi,cust108607,icici,savings,2023-12-21,active,VALID
victor1893@upi,cust102473,hdfc,current,2024-03-17,active,VALID
kristin2143@upi,cust105153,hdfc,credit_card_linked,2022-06-03,active,VALID
michael1345@upi,cust102684,axis,current,2023-01-17,active,VALID
javier2333@upi,cust101612,hdfc,credit_card_linked,2024-03-22,active,VALID
amanda1734@upi,cust101293,hdfc,savings,2022-10-19,active,VALID
ronald1491@upi,cust105617,axis,current,2025-01-28,active,VALID
nichole5785@upi,cust103443,axis,savings,2025-02-13,active,VALID
mary4132@upi,cust102294,kotak,credit_card_linked,2023-06-23,active,VALID
amanda3445@upi,cust107026,sbi,credit_card_linked,2023-12-05,active,VALID
betty9264@upi,cust104467,kotak,current,2025-07-23,active,VALID
stephanie1369@upi,cust101363,kotak,savings,2025-03-26,active,VALID
barbara1843@upi,cust102112,hdfc,savings,2025-08-03,active,VALID
theresa4782@upi,cust107328,icici,savings,2024-01-14,active,VALID
michael8074@upi,cust103620,kotak,current,2024-01-19,active,VALID
jonathan4574@upi,cust108818,kotak,current,2025-07-31,suspended,VALID
aaron1785@upi,cust105135,kotak,current,2024-02-19,blocked,VALID
laurie1566@upi,cust104084,axis,credit_card_linked,2022-01-19,active,VALID
carla1472@upi,cust106720,pnb,current,2024-09-14,blocked,VALID
lacey5460@upi,cust109348,sbi,current,2024-10-23,active,VALID
theresa8340@upi,cust104016,kotak,credit_card_linked,2025-06-24,active,VALID
jose8013@upi,cust108976,sbi,savings,2022-03-22,active,VALID
shawn3128@upi,cust100419,icici,savings,2024-09-13,active,VALID
crystal4105@upi,cust108485,icici,savings,2022-03-25,active,VALID
tim5516@upi,cust104936,axis,current,2024-11-10,active,VALID
lori2655@upi,cust100116,pnb,current,2022-06-12,active,VALID
miranda4187@upi,cust106157,axis,credit_card_linked,2024-11-30,suspended,VALID
richard2372@upi,cust103656,icici,credit_card_linked,2025-02-06,active,VALID
crystal3716@upi,cust102828,kotak,current,2022-06-17,active,VALID
megan3155@upi,cust104014,pnb,savings,2024-04-18,active,VALID
melinda3248@upi,cust100765,sbi,credit_card_linked,2025-03-07,active,VALID
andrea7795@upi,cust100440,hdfc,savings,2023-07-08,active,VALID
cristina5033@upi,cust106187,icici,current,2025-05-09,active,VALID
justin7661@upi,cust105849,hdfc,current,2025-03-27,active,VALID
mrs.4372@upi,cust102292,kotak,credit_card_linked,2025-07-21,active,VALID
melissa9441@upi,cust108431,pnb,savings,2024-04-16,active,VALID
michael4766@upi,cust107482,icici,savings,2025-04-26,active,VALID
scott1807@upi,cust100908,kotak,credit_card_linked,2025-07-01,active,VALID
cameron8688@upi,cust105515,hdfc,current,2025-04-30,suspended,VALID
nathan3580@upi,cust100479,hdfc,current,2023-06-02,active,VALID
kenneth4866@upi,cust100275,sbi,savings,2024-10-29,active,VALID
seth6580@upi,cust107710,pnb,credit_card_linked,2024-02-03,active,VALID
anna3671@upi,cust109385,axis,current,2024-09-12,active,VALID
yesenia4824@upi,cust105335,kotak,credit_card_linked,2025-06-08,active,VALID
susan4260@upi,cust108454,icici,current,2024-10-22,active,VALID
rachel2633@upi,cust106504,hdfc,current,2025-02-11,active,VALID
susan8680@upi,cust103189,kotak,savings,2023-06-25,active,VALID
andrea2527@upi,cust106601,kotak,current,2024-08-07,active,VALID
sandra1484@upi,cust106951,pnb,current,2025-05-01,active,VALID
theresa3936@upi,cust104031,axis,savings,2024-07-06,active,VALID
deborah1152@upi,cust101472,pnb,current,2021-11-05,active,VALID
diana1397@upi,cust100917,icici,savings,2025-03-07,active,VALID
sara4205@upi,cust106566,icici,current,2025-03-08,active,VALID
lori4171@upi,cust106299,sbi,current,2025-05-09,active,VALID
laura9789@upi,cust104978,kotak,savings,2025-03-19,active,VALID
charles2561@upi,cust108080,kotak,credit_card_linked,2024-12-20,active,VALID
dean2244@upi,cust106416,axis,current,2024-12-13,active,VALID
oscar7439@upi,cust102944,sbi,credit_card_linked,2023-09-19,active,VALID
marc2321@upi,cust102221,kotak,savings,2025-02-06,active,VALID
rhonda3295@upi,cust103664,sbi,savings,2025-03-21,active,VALID
bonnie9090@upi,cust100476,pnb,credit_card_linked,2025-01-01,active,VALID
julie4043@upi,cust102619,sbi,credit_card_linked,2024-12-11,active,VALID
brian6585@upi,cust102704,axis,current,2025-07-06,suspended,VALID
amanda8306@upi,cust100242,kotak,current,2025-03-23,active,VALID
andrew5117@upi,cust103248,icici,credit_card_linked,2025-07-07,active,VALID
rachel2252@upi,cust109056,sbi,credit_card_linked,2025-06-13,suspended,VALID
harold6640@upi,cust104218,sbi,savings,2024-10-19,active,VALID
heather1930@upi,cust101370,hdfc,credit_card_linked,2024-07-06,active,VALID
michael9360@upi,cust104275,axis,current,2024-06-01,active,VALID
melanie2905@upi,cust105523,pnb,credit_card_linked,2024-06-10,active,VALID
mary8894@upi,cust105196,kotak,savings,2024-02-13,active,VALID
jessica4480@upi,cust104491,hdfc,credit_card_linked,2025-04-10,active,VALID
kevin6390@upi,cust105034,pnb,credit_card_linked,2025-05-17,active,VALID
tracy9125@upi,cust100045,icici,credit_card_linked,2025-05-07,active,VALID
kimberly4699@upi,cust101018,axis,credit_card_linked,2024-07-22,active,VALID
taylor3158@upi,cust104615,axis,savings,2025-04-21,active,VALID
robert8205@upi,cust100229,sbi,savings,2025-07-26,active,VALID
david6928@upi,cust108826,icici,savings,2023-10-15,active,VALID
bryan7749@upi,cust103039,icici,current,2025-04-26,active,VALID
gregory3013@upi,cust100720,pnb,savings,2025-01-02,active,VALID
sandra3540@upi,cust100605,kotak,current,2024-02-11,active,VALID
tiffany7103@upi,cust104313,hdfc,current,2025-03-06,active,VALID
sheryl5845@upi,cust106641,pnb,savings,2025-08-01,active,VALID
chase3131@upi,cust103035,sbi,credit_card_linked,2023-06-15,active,VALID
melissa1763@upi,cust100044,sbi,current,2025-04-03,active,VALID
larry6220@upi,cust103992,axis,savings,2023-11-11,suspended,VALID
michael4737@upi,cust101827,axis,current,2021-08-19,blocked,VALID
austin3985@upi,cust107794,pnb,credit_card_linked,2024-12-20,active,VALID
beverly8404@upi,cust103847,hdfc,current,2025-02-05,active,VALID
thomas9339@upi,cust105946,hdfc,current,2025-01-31,active,VALID
teresa3312@upi,cust108710,icici,current,2025-07-14,active,VALID
brian4172@upi,cust109482,pnb,credit_card_linked,2025-05-27,active,VALID
marissa4190@upi,cust103203,pnb,current,2022-09-02,active,VALID
dylan2008@upi,cust105763,sbi,savings,2025-06-02,active,VALID
james7394@upi,cust103723,hdfc,current,2024-11-08,active,VALID
travis4218@upi,cust105740,icici,current,2025-03-22,active,VALID
timothy8830@upi,cust102472,sbi,current,2023-10-03,active,VALID
noah2304@upi,cust106656,sbi,credit_card_linked,2025-05-10,active,VALID
ricardo2605@upi,cust107443,kotak,credit_card_linked,2025-06-18,active,VALID
andrew1437@upi,cust107022,pnb,savings,2025-08-03,active,VALID
elizabeth1542@upi,cust104712,pnb,credit_card_linked,2022-11-08,active,VALID
diana3091@upi,cust103181,axis,credit_card_linked,2025-04-27,active,VALID
david1351@upi,cust105714,icici,credit_card_linked,2023-02-14,active,VALID
alyssa8674@upi,cust101749,sbi,current,2025-06-29,blocked,VALID
patricia2657@upi,cust108643,pnb,credit_card_linked,2024-10-04,active,VALID
anthony4320@upi,cust104437,kotak,current,2025-06-27,active,VALID
cindy5281@upi,cust101090,kotak,savings,2023-12-04,active,VALID
tiffany9066@upi,cust102369,hdfc,savings,2025-05-24,active,VALID
julie3785@upi,cust102113,pnb,savings,2023-08-12,active,VALID
deborah7940@upi,cust100422,kotak,savings,2025-05-29,active,VALID
kimberly7513@upi,cust109794,axis,credit_card_linked,2025-07-05,active,VALID
phillip9885@upi,cust102663,kotak,credit_card_linked,2025-07-25,active,VALID
tara6703@upi,cust101423,axis,savings,2024-04-03,active,VALID
brittany4363@upi,cust104856,pnb,credit_card_linked,2025-04-15,active,VALID
natalie5174@upi,cust105569,sbi,savings,2024-04-28,active,VALID
sharon8051@upi,cust100951,hdfc,current,2025-06-08,active,VALID
brittany7582@upi,cust104102,sbi,savings,2024-06-01,active,VALID
mr.9959@upi,cust106374,axis,credit_card_linked,2024-05-13,active,VALID
deborah5872@upi,cust102592,hdfc,current,2023-11-13,active,VALID
kathryn4838@upi,cust101372,icici,credit_card_linked,2024-01-08,active,VALID
kyle1574@upi,cust106689,pnb,current,2023-12-11,active,VALID
amanda4986@upi,cust105642,icici,credit_card_linked,2022-09-15,active,VALID
elizabeth1579@upi,cust105074,pnb,credit_card_linked,2025-06-19,active,VALID
patricia7033@upi,cust107746,axis,current,2024-03-22,active,VALID
jamie1519@upi,cust105670,pnb,credit_card_linked,2025-03-13,active,VALID
alyssa3081@upi,cust106696,icici,credit_card_linked,2025-06-08,active,VALID
audrey7221@upi,cust108012,kotak,current,2024-09-18,active,VALID
taylor6515@upi,cust105699,kotak,current,2023-06-29,active,VALID
troy7344@upi,cust109958,hdfc,savings,2025-02-04,suspended,VALID
linda2834@upi,cust102244,pnb,current,2023-07-18,suspended,VALID
jessica7514@upi,cust104353,pnb,credit_card_linked,2024-06-26,active,VALID
michael2269@upi,cust104980,icici,current,2024-08-28,active,VALID
antonio6671@upi,cust106505,hdfc,current,2025-05-22,active,VALID
troy1006@upi,cust108190,axis,savings,2023-10-10,active,VALID
john8644@upi,cust101811,axis,savings,2021-05-08,active,VALID
carl8850@upi,cust105889,sbi,credit_card_linked,2023-12-05,active,VALID
christopher8633@upi,cust103701,hdfc,savings,2025-07-10,active,VALID
bill1702@upi,cust108958,pnb,savings,2022-07-24,active,VALID
caitlin8517@upi,cust107998,sbi,savings,2025-08-03,suspended,VALID
emily5010@upi,cust107322,icici,credit_card_linked,2024-04-15,active,VALID
natalie6409@upi,cust100587,sbi,savings,2025-01-03,active,VALID
cole2100@upi,cust105495,hdfc,credit_card_linked,2024-07-09,active,VALID
grant2573@upi,cust106212,icici,credit_card_linked,2025-08-02,active,VALID
michael5869@upi,cust101641,hdfc,current,2023-09-13,active,VALID
mark5945@upi,cust107637,icici,current,2023-05-15,active,VALID
ian9070@upi,cust102587,kotak,savings,2025-04-17,active,VALID
leslie9969@upi,cust104032,kotak,credit_card_linked,2024-03-09,active,VALID
peter4639@upi,cust101341,hdfc,savings,2021-09-10,active,VALID
julia9175@upi,cust102780,hdfc,credit_card_linked,2025-05-21,active,VALID
joseph6190@upi,cust108894,pnb,current,2025-04-08,active,VALID
mindy8909@upi,cust105641,pnb,credit_card_linked,2024-01-24,active,VALID
ashley8508@upi,cust109095,pnb,current,2023-02-22,active,VALID
paige5381@upi,cust107875,sbi,current,2023-09-26,active,VALID
kimberly2425@upi,cust102705,kotak,credit_card_linked,2023-05-26,active,VALID
donald4057@upi,cust109239,axis,credit_card_linked,2024-09-22,active,VALID
courtney1913@upi,cust102518,icici,current,2025-04-12,active,VALID
derek8422@upi,cust100913,hdfc,savings,2024-05-18,active,VALID
tammy4828@upi,cust106155,icici,current,2025-02-15,active,VALID
gerald7643@upi,cust101516,pnb,current,2024-06-24,active,VALID
robin5136@upi,cust101207,pnb,credit_card_linked,2023-09-13,active,VALID
matthew8119@upi,cust105864,pnb,credit_card_linked,2022-05-10,active,VALID
charles2037@upi,cust100767,pnb,current,2024-08-11,active,VALID
eric4881@upi,cust104148,icici,savings,2024-10-24,active,VALID
cynthia6967@upi,cust106312,axis,current,2023-11-02,active,VALID
deborah4696@upi,cust102592,pnb,current,2024-02-06,active,VALID
mark4216@upi,cust104303,icici,savings,2025-03-09,active,VALID
hannah3381@upi,cust106771,kotak,current,2024-11-18,suspended,VALID
nancy1344@upi,cust102901,pnb,current,2023-04-23,active,VALID
don6266@upi,cust108565,kotak,current,2025-01-17,active,VALID
julia5237@upi,cust101910,pnb,savings,2025-06-07,blocked,VALID
danny7657@upi,cust106651,axis,current,2023-11-30,active,VALID
alex7997@upi,cust104402,axis,savings,2025-02-02,active,VALID
alexandra6160@upi,cust100661,pnb,credit_card_linked,2024-05-29,blocked,VALID
susan4463@upi,cust103710,icici,savings,2024-02-06,active,VALID
kevin2537@upi,cust105420,sbi,savings,2024-04-12,active,VALID
jacob5958@upi,cust107803,pnb,savings,2023-12-02,active,VALID
bianca2340@upi,cust109044,axis,credit_card_linked,2024-04-01,active,VALID
brandon8894@upi,cust103010,sbi,credit_card_linked,2022-06-06,active,VALID
lynn1578@upi,cust109687,icici,current,2023-10-04,active,VALID
jeffrey7574@upi,cust104889,pnb,savings,2024-06-29,active,VALID
joseph8183@upi,cust103281,hdfc,credit_card_linked,2025-01-14,suspended,VALID
peter2375@upi,cust106482,axis,current,2022-08-26,active,VALID
gary7875@upi,cust101678,icici,credit_card_linked,2023-10-13,blocked,VALID
shannon7669@upi,cust100042,axis,current,2024-01-12,active,VALID
carlos2946@upi,cust107705,pnb,credit_card_linked,2024-10-06,active,VALID
brenda8175@upi,cust109031,sbi,credit_card_linked,2025-07-14,suspended,VALID
jason7916@upi,cust106072,hdfc,current,2023-05-01,blocked,VALID
cheryl6463@upi,cust102048,sbi,current,2021-05-15,active,VALID
catherine7043@upi,cust103387,icici,credit_card_linked,2022-12-15,active,VALID
ashley1709@upi,cust109633,pnb,current,2025-06-25,active,VALID
richard3148@upi,cust102211,axis,credit_card_linked,2025-02-24,active,VALID
ryan5737@upi,cust100000,hdfc,current,2024-01-30,active,VALID
amy9518@upi,cust103480,axis,savings,2025-05-25,suspended,VALID
james5673@upi,cust108260,icici,savings,2023-05-18,active,VALID
marcus6870@upi,cust105975,pnb,credit_card_linked,2023-12-17,active,VALID
sara2909@upi,cust101102,axis,savings,2023-11-19,active,VALID
lisa8701@upi,cust106754,axis,savings,2023-10-25,active,VALID
daniel6030@upi,cust106737,sbi,credit_card_linked,2024-11-11,active,VALID
phillip2218@upi,cust102100,kotak,credit_card_linked,2024-05-01,active,VALID
alexander9682@upi,cust100682,axis,credit_card_linked,2024-05-22,active,VALID
dean2600@upi,cust104951,axis,current,2025-06-28,active,VALID
leslie5965@upi,cust100085,pnb,savings,2023-10-06,active,VALID
jordan1720@upi,cust108767,icici,credit_card_linked,2024-12-02,active,VALID
sharon9896@upi,cust106930,icici,savings,2024-12-16,active,VALID
joseph9483@upi,cust103908,kotak,credit_card_linked,2023-05-26,active,VALID
donald6835@upi,cust105348,pnb,current,2022-09-27,active,VALID
jay2110@upi,cust109813,kotak,savings,2025-05-28,active,VALID
jeffrey4810@upi,cust101548,kotak,current,2022-12-23,active,VALID
sandra8942@upi,cust106882,kotak,current,2023-05-14,active,VALID
kyle4119@upi,cust107510,pnb,current,2024-04-22,active,VALID
christina1464@upi,cust100902,sbi,credit_card_linked,2024-08-15,blocked,VALID
kevin1280@upi,cust102664,kotak,current,2024-11-04,active,VALID
michael1292@upi,cust108936,icici,credit_card_linked,2022-06-29,active,VALID
alex5000@upi,cust107782,kotak,savings,2022-11-04,active,VALID
kenneth8518@upi,cust101467,hdfc,credit_card_linked,2025-05-08,active,VALID
heather6997@upi,cust102917,kotak,savings,2025-05-27,active,VALID
erin1714@upi,cust104004,sbi,credit_card_linked,2025-04-17,active,VALID
patrick3940@upi,cust108443,kotak,savings,2025-01-01,active,VALID
mr.8292@upi,cust106091,sbi,savings,2023-05-02,active,VALID
andrea2273@upi,cust100865,pnb,current,2025-06-08,active,VALID
jason7788@upi,cust109843,sbi,current,2024-10-28,active,VALID
justin9326@upi,cust109650,icici,savings,2023-06-04,active,VALID
deanna6970@upi,cust100276,axis,credit_card_linked,2025-07-25,active,VALID
ashley3269@upi,cust109562,axis,credit_card_linked,2024-05-26,active,VALID
gregory4441@upi,cust104329,axis,current,2022-11-18,active,VALID
eric2091@upi,cust102285,axis,credit_card_linked,2025-03-26,active,VALID
keith6117@upi,cust106470,pnb,current,2025-08-04,active,VALID
valerie7286@upi,cust103367,axis,current,2024-06-18,active,VALID
david6308@upi,cust106169,kotak,credit_card_linked,2025-05-04,active,VALID
gloria3788@upi,cust102180,sbi,current,2024-09-24,active,VALID
sarah9910@upi,cust106471,icici,current,2024-07-03,active,VALID
joshua8132@upi,cust107711,sbi,credit_card_linked,2023-09-02,active,VALID
kendra9362@upi,cust102942,hdfc,current,2023-11-27,active,VALID
mary1761@upi,cust101633,icici,savings,2025-02-18,active,VALID
jessica7022@upi,cust103080,axis,savings,2025-06-22,suspended,VALID
jaclyn2993@upi,cust108939,icici,savings,2024-10-11,active,VALID
kaitlyn7419@upi,cust108476,axis,savings,2025-08-02,blocked,VALID
dr.1024@upi,cust103663,hdfc,current,2024-10-20,active,VALID
ruben6960@upi,cust101030,sbi,credit_card_linked,2025-07-31,active,VALID
nathaniel2149@upi,cust108176,kotak,credit_card_linked,2025-07-25,active,VALID
kenneth4694@upi,cust104899,icici,current,2024-09-11,active,VALID
jeremy8605@upi,cust106095,hdfc,savings,2021-02-01,active,VALID
travis3617@upi,cust104792,kotak,savings,2024-11-19,active,VALID
kevin3676@upi,cust102671,kotak,savings,2021-06-13,active,VALID
annette1150@upi,cust101872,sbi,savings,2025-05-12,active,VALID
michael1462@upi,cust108887,sbi,credit_card_linked,2025-07-03,active,VALID
jason6393@upi,cust109334,pnb,current,2022-12-17,active,VALID
dylan4636@upi,cust102589,sbi,savings,2024-06-24,active,VALID
adam4460@upi,cust108979,kotak,credit_card_linked,2025-07-19,active,VALID
elizabeth7758@upi,cust101574,sbi,credit_card_linked,2024-03-19,active,VALID
julia2927@upi,cust106075,icici,credit_card_linked,2025-05-09,active,VALID
adam6287@upi,cust108255,kotak,savings,2024-04-12,active,VALID
jordan1095@upi,cust105369,axis,savings,2025-06-09,active,VALID
matthew8068@upi,cust103358,hdfc,savings,2024-05-04,active,VALID
sherry9643@upi,cust103533,icici,current,2022-12-21,active,VALID
nathan4660@upi,cust105737,axis,current,2024-12-10,blocked,VALID
michael7745@upi,cust100320,pnb,current,2025-07-01,active,VALID
robert5711@upi,cust100075,sbi,current,2024-09-13,suspended,VALID
kristina5634@upi,cust105449,axis,credit_card_linked,2023-06-15,active,VALID
dennis6456@upi,cust102032,icici,credit_card_linked,2023-05-04,active,VALID
patrick9294@upi,cust102786,hdfc,credit_card_linked,2025-02-13,active,VALID
lindsey8766@upi,cust108112,kotak,credit_card_linked,2024-12-23,active,VALID
jesse7198@upi,cust105237,kotak,current,2023-03-26,active,VALID
andrew5998@upi,cust107938,axis,savings,2021-03-01,active,VALID
gloria2834@upi,cust105288,kotak,savings,2025-07-09,active,VALID
hannah8356@upi,cust109795,axis,current,2022-10-25,active,VALID
steven4062@upi,cust104645,pnb,current,2022-04-18,active,VALID
barbara3459@upi,cust105266,pnb,savings,2025-05-28,active,VALID
matthew8218@upi,cust102230,sbi,current,2024-05-19,active,VALID
tamara3775@upi,cust103153,hdfc,current,2024-05-02,active,VALID
aaron8866@upi,cust103931,icici,credit_card_linked,2022-05-03,active,VALID
douglas9209@upi,cust100253,hdfc,credit_card_linked,2025-03-11,active,VALID
tyler8173@upi,cust108746,pnb,current,2025-07-01,active,VALID
cynthia3367@upi,cust104512,pnb,current,2023-10-24,blocked,VALID
david1670@upi,cust103542,sbi,current,2023-04-13,active,VALID
douglas5665@upi,cust107817,sbi,savings,2023-08-11,active,VALID
jesse7590@upi,cust100867,kotak,savings,2022-06-09,active,VALID
johnathan1825@upi,cust104301,sbi,credit_card_linked,2025-04-30,active,VALID
melissa9461@upi,cust102425,hdfc,savings,2024-06-16,active,VALID
olivia5709@upi,cust102090,icici,savings,2023-02-06,active,VALID
sarah4227@upi,cust103285,hdfc,current,2021-05-23,active,VALID
melissa4063@upi,cust105579,pnb,credit_card_linked,2025-02-06,active,VALID
jay8938@upi,cust109362,pnb,credit_card_linked,2022-11-15,active,VALID
rachael3761@upi,cust100398,hdfc,credit_card_linked,2024-02-25,active,VALID
angela3902@upi,cust101376,pnb,current,2024-07-31,active,VALID
arthur2075@upi,cust104062,kotak,credit_card_linked,2023-12-06,active,VALID
alisha9586@upi,cust101234,sbi,credit_card_linked,2025-02-25,active,VALID
yolanda7686@upi,cust108078,axis,current,2025-07-13,active,VALID
jeremy7734@upi,cust101646,pnb,savings,2023-03-21,active,VALID
judy1118@upi,cust109314,axis,credit_card_linked,2024-10-14,active,VALID
keith9279@upi,cust108314,axis,savings,2024-08-27,blocked,VALID
brandon8733@upi,cust103436,pnb,current,2022-06-11,active,VALID
robert4845@upi,cust108421,sbi,current,2024-12-10,active,VALID
laura4162@upi,cust101560,icici,credit_card_linked,2023-07-20,active,VALID
nancy1801@upi,cust107525,sbi,current,2025-07-05,active,VALID
gabriel7749@upi,cust100160,kotak,current,2024-07-30,active,VALID
richard7591@upi,cust109155,sbi,credit_card_linked,2023-03-01,active,VALID
juan3658@upi,cust109170,icici,current,2021-04-04,active,VALID
crystal6560@upi,cust102828,icici,credit_card_linked,2022-08-07,active,VALID
elizabeth7262@upi,cust102691,pnb,current,2023-07-01,active,VALID
timothy2584@upi,cust102801,sbi,current,2025-07-04,active,VALID
michael3431@upi,cust106047,kotak,current,2025-06-24,active,VALID
edward6963@upi,cust105333,axis,savings,2025-04-12,active,VALID
tyler1035@upi,cust107994,hdfc,savings,2025-06-29,suspended,VALID
monique5956@upi,cust100083,icici,savings,2025-03-11,active,VALID
tiffany8554@upi,cust100906,icici,current,2025-02-22,active,VALID
shannon9081@upi,cust107257,kotak,credit_card_linked,2022-08-02,active,VALID
rachel6795@upi,cust107676,kotak,savings,2024-12-29,active,VALID
steven5488@upi,cust100602,sbi,current,2023-06-26,active,VALID
samuel4942@upi,cust108692,pnb,current,2025-02-28,active,VALID
jacob6101@upi,cust109660,kotak,current,2023-10-23,active,VALID
lisa9129@upi,cust104305,pnb,credit_card_linked,2024-03-01,active,VALID
cheyenne1012@upi,cust101013,icici,credit_card_linked,2022-01-24,active,VALID
april7070@upi,cust104024,pnb,savings,2025-03-25,active,VALID
elizabeth5771@upi,cust101574,icici,credit_card_linked,2024-07-20,active,VALID
sharon3027@upi,cust103976,icici,current,2024-11-27,active,VALID
logan8885@upi,cust106653,pnb,credit_card_linked,2025-05-15,active,VALID
michael6541@upi,cust106008,axis,savings,2025-05-08,active,VALID
jessica3183@upi,cust100822,hdfc,savings,2023-08-05,active,VALID
rhonda7399@upi,cust108586,pnb,savings,2025-07-28,active,VALID
mr.2377@upi,cust105405,icici,credit_card_linked,2025-07-12,blocked,VALID
john5843@upi,cust108688,sbi,savings,2025-03-21,active,VALID
latasha2644@upi,cust103991,icici,credit_card_linked,2025-05-17,active,VALID
cassandra6192@upi,cust102320,axis,savings,2025-02-23,active,VALID
regina7848@upi,cust105798,axis,savings,2024-04-13,active,VALID
robert9839@upi,cust101752,hdfc,savings,2025-03-02,active,VALID
ronald9354@upi,cust103560,icici,current,2024-05-25,active,VALID
brandy1398@upi,cust100994,sbi,current,2024-11-16,active,VALID
crystal4073@upi,cust100060,icici,current,2024-08-20,active,VALID
maria3823@upi,cust100738,icici,credit_card_linked,2022-07-10,active,VALID
david3375@upi,cust102181,icici,credit_card_linked,2024-06-18,active,VALID
tracy2854@upi,cust101826,axis,credit_card_linked,2021-12-31,active,VALID
helen3861@upi,cust100129,pnb,credit_card_linked,2025-04-22,active,VALID
michelle9195@upi,cust108714,axis,savings,2024-10-01,blocked,VALID
wendy1325@upi,cust103521,sbi,current,2024-08-02,active,VALID
janet6936@upi,cust104358,pnb,savings,2023-05-30,active,VALID
casey2426@upi,cust101834,axis,current,2022-04-08,active,VALID
mrs.3810@upi,cust109224,sbi,credit_card_linked,2025-06-01,active,VALID
brenda4441@upi,cust103352,icici,current,2023-04-10,active,VALID
erica6292@upi,cust101447,kotak,current,2024-09-09,active,VALID
roberta2373@upi,cust107233,axis,current,2025-08-05,active,VALID
michael3784@upi,cust108071,axis,current,2023-04-06,active,VALID
jessica9964@upi,cust109879,hdfc,credit_card_linked,2023-10-21,active,VALID
frank2526@upi,cust108792,icici,credit_card_linked,2025-07-30,active,VALID
cheryl6390@upi,cust101330,sbi,savings,2024-08-16,active,VALID
john1981@upi,cust104857,sbi,current,2024-07-20,active,VALID
john4251@upi,cust106694,icici,credit_card_linked,2025-06-30,active,VALID
elizabeth1035@upi,cust102117,icici,current,2021-11-02,active,VALID
douglas4777@upi,cust104347,hdfc,credit_card_linked,2024-06-16,active,VALID
mr.9844@upi,cust102575,pnb,savings,2025-04-12,active,VALID
david4194@upi,cust106447,axis,savings,2025-02-18,active,VALID
mary4352@upi,cust108891,icici,credit_card_linked,2025-02-15,active,VALID
andrew6680@upi,cust103506,icici,savings,2025-07-24,blocked,VALID
erica3875@upi,cust101447,pnb,current,2024-09-10,active,VALID
douglas6711@upi,cust103038,hdfc,current,2025-03-24,active,VALID
andrew5619@upi,cust104724,axis,savings,2025-01-10,active,VALID
brian6030@upi,cust104249,hdfc,credit_card_linked,2024-11-03,active,VALID
charles1094@upi,cust108026,kotak,savings,2025-06-30,active,VALID
patrick5342@upi,cust109706,sbi,credit_card_linked,2023-12-17,active,VALID
victoria7941@upi,cust103740,hdfc,savings,2025-02-09,active,VALID
rachael7159@upi,cust100697,hdfc,savings,2021-12-24,active,VALID
timothy1360@upi,cust107830,kotak,current,2025-04-03,active,VALID
erica4183@upi,cust103077,sbi,credit_card_linked,2025-05-28,active,VALID
melissa9603@upi,cust107318,icici,savings,2025-02-11,active,VALID
devin9546@upi,cust103792,pnb,current,2024-01-20,active,VALID
laura1914@upi,cust108548,sbi,savings,2024-08-25,active,VALID
travis3467@upi,cust109216,icici,current,2025-06-24,active,VALID
william8139@upi,cust104074,icici,savings,2022-07-30,active,VALID
karen5570@upi,cust105438,pnb,current,2025-05-17,active,VALID
david6650@upi,cust100600,kotak,current,2025-06-10,active,VALID
sierra7567@upi,cust100359,pnb,current,2024-12-27,active,VALID
dr.1972@upi,cust106509,icici,savings,2025-06-26,active,VALID
michelle2606@upi,cust103421,hdfc,credit_card_linked,2024-06-14,active,VALID
cassandra6899@upi,cust107353,hdfc,credit_card_linked,2025-02-02,active,VALID
jacob3988@upi,cust107803,kotak,credit_card_linked,2025-02-14,active,VALID
shelley5417@upi,cust100170,axis,savings,2025-07-29,active,VALID
angela5009@upi,cust107007,pnb,current,2025-07-21,active,VALID
kimberly5882@upi,cust101992,axis,credit_card_linked,2024-01-07,active,VALID
ashley9746@upi,cust101838,hdfc,credit_card_linked,2022-12-27,active,VALID
kimberly6058@upi,cust104123,kotak,savings,2024-05-24,active,VALID
jessica3347@upi,cust104204,hdfc,credit_card_linked,2024-08-12,active,VALID
dylan8000@upi,cust108587,axis,current,2023-06-24,active,VALID
daniel8806@upi,cust108206,sbi,credit_card_linked,2025-05-30,active,VALID
justin6627@upi,cust103650,hdfc,current,2025-04-22,blocked,VALID
timothy3143@upi,cust102571,pnb,credit_card_linked,2025-01-27,active,VALID
paul1807@upi,cust109380,icici,savings,2025-01-28,active,VALID
david2418@upi,cust107403,sbi,savings,2025-05-19,active,VALID
andre6009@upi,cust101916,kotak,current,2023-07-11,active,VALID
laura6683@upi,cust109111,sbi,savings,2024-11-05,active,VALID
amy7469@upi,cust101455,kotak,credit_card_linked,2025-07-05,active,VALID
michael7087@upi,cust101418,pnb,current,2025-07-08,active,VALID
jacob9179@upi,cust103526,pnb,current,2024-10-06,active,VALID
mrs.6738@upi,cust109997,icici,savings,2025-02-05,active,VALID
joseph6569@upi,cust109133,kotak,savings,2023-12-30,active,VALID
charles1445@upi,cust102535,axis,savings,2024-05-13,active,VALID
richard1308@upi,cust105915,hdfc,credit_card_linked,2024-11-05,active,VALID
jessica3440@upi,cust104832,icici,credit_card_linked,2023-03-29,active,VALID
angel9416@upi,cust103136,icici,savings,2024-10-29,active,VALID
kevin9048@upi,cust102856,hdfc,savings,2023-08-06,active,VALID
grant2760@upi,cust106212,pnb,savings,2025-08-03,active,VALID
molly9576@upi,cust102474,sbi,current,2025-06-29,active,VALID
shawn7310@upi,cust109733,axis,credit_card_linked,2024-09-08,suspended,VALID
joshua6967@upi,cust105680,hdfc,current,2024-04-09,active,VALID
linda8757@upi,cust103402,icici,credit_card_linked,2024-04-08,active,VALID
kenneth5457@upi,cust107765,hdfc,savings,2023-08-17,active,VALID
michael2635@upi,cust104900,axis,credit_card_linked,2021-04-03,active,VALID
rachel5184@upi,cust107572,kotak,credit_card_linked,2025-07-04,active,VALID
daniel8816@upi,cust102627,icici,savings,2024-09-17,suspended,VALID
john2028@upi,cust103648,pnb,savings,2025-01-22,active,VALID
bruce3632@upi,cust102993,hdfc,savings,2022-10-14,active,VALID
george1401@upi,cust101954,kotak,credit_card_linked,2025-07-20,active,VALID
mindy6236@upi,cust105601,sbi,savings,2024-07-31,active,VALID
jorge8852@upi,cust106161,icici,savings,2024-07-20,active,VALID
caleb1401@upi,cust105797,icici,savings,2025-02-25,active,VALID
mitchell3432@upi,cust108350,pnb,credit_card_linked,2025-05-17,active,VALID
amanda1321@upi,cust109149,hdfc,credit_card_linked,2025-02-09,active,VALID
mr.3402@upi,cust102936,sbi,savings,2025-07-03,active,VALID
monique7049@upi,cust106050,pnb,current,2024-12-07,active,VALID
jennifer1984@upi,cust100184,axis,credit_card_linked,2025-05-09,active,VALID
amanda1534@upi,cust100242,axis,credit_card_linked,2023-03-25,active,VALID
jessica8247@upi,cust103152,sbi,current,2025-05-02,active,VALID
sherry6117@upi,cust104307,axis,savings,2024-12-05,active,VALID
andrew9636@upi,cust102764,hdfc,savings,2025-04-19,active,VALID
jessica1787@upi,cust104353,hdfc,credit_card_linked,2023-11-04,active,VALID
lindsey8156@upi,cust107055,axis,credit_card_linked,2025-04-12,active,VALID
steven9869@upi,cust100876,icici,savings,2022-12-05,active,VALID
michael4610@upi,cust106611,axis,savings,2025-07-27,active,VALID
jessica4190@upi,cust100597,icici,current,2023-11-26,active,VALID
christopher7013@upi,cust106604,hdfc,savings,2022-11-28,active,VALID
ryan9977@upi,cust108103,axis,credit_card_linked,2024-09-27,active,VALID
rachel1970@upi,cust108451,axis,current,2025-02-01,active,VALID
tammy8567@upi,cust104651,kotak,current,2024-10-31,active,VALID
christopher7155@upi,cust103280,pnb,credit_card_linked,2023-05-01,active,VALID
nina1560@upi,cust104294,pnb,current,2025-06-30,active,VALID
travis8382@upi,cust105635,hdfc,savings,2025-06-06,active,VALID
kelly4700@upi,cust104099,pnb,current,2024-04-28,active,VALID
dr.9263@upi,cust104670,hdfc,current,2024-01-31,active,VALID
mr.5359@upi,cust103407,kotak,credit_card_linked,2024-10-15,active,VALID
amy4173@upi,cust105765,pnb,credit_card_linked,2024-09-15,active,VALID
jennifer4133@upi,cust102450,icici,current,2025-02-20,active,VALID
renee2095@upi,cust105088,icici,current,2024-11-14,active,VALID
evan7683@upi,cust104804,sbi,current,2025-05-09,active,VALID
karen6462@upi,cust100468,icici,savings,2025-02-02,active,VALID
lance9370@upi,cust109245,axis,credit_card_linked,2024-10-11,active,VALID
haley3581@upi,cust101987,hdfc,current,2024-08-22,active,VALID
bryan5040@upi,cust106596,icici,current,2024-08-25,active,VALID
sarah6160@upi,cust107136,icici,savings,2023-02-19,active,VALID
arthur3135@upi,cust100095,icici,credit_card_linked,2024-03-03,active,VALID
brandon4569@upi,cust104865,hdfc,credit_card_linked,2023-11-11,active,VALID
andrew5337@upi,cust108461,sbi,savings,2024-06-20,active,VALID
grant1539@upi,cust108015,pnb,credit_card_linked,2022-02-26,suspended,VALID
ashley4054@upi,cust109095,kotak,savings,2022-03-16,active,VALID
natalie2802@upi,cust100472,axis,current,2023-05-18,active,VALID
susan8018@upi,cust103945,axis,credit_card_linked,2020-09-13,active,VALID
michael3488@upi,cust104118,pnb,savings,2025-01-27,active,VALID
glenda9119@upi,cust108286,axis,credit_card_linked,2025-07-22,active,VALID
mrs.7556@upi,cust102363,hdfc,savings,2024-03-18,active,VALID
rhonda3998@upi,cust104259,hdfc,savings,2024-10-28,active,VALID
reginald9769@upi,cust102740,kotak,current,2025-06-16,active,VALID
nicole7930@upi,cust101096,axis,credit_card_linked,2023-09-05,active,VALID
marie9502@upi,cust109546,kotak,savings,2022-12-06,active,VALID
janet3042@upi,cust100613,icici,savings,2022-04-23,active,VALID
deborah9582@upi,cust106314,icici,credit_card_linked,2025-07-23,active,VALID
deanna9504@upi,cust107416,sbi,credit_card_linked,2025-02-05,active,VALID
david5968@upi,cust101622,axis,savings,2024-09-28,active,VALID
jenna7838@upi,cust105227,pnb,credit_card_linked,2024-02-20,active,VALID
chelsea7153@upi,cust102237,sbi,credit_card_linked,2024-07-23,active,VALID
valerie1064@upi,cust109707,axis,current,2022-09-07,active,VALID
john2030@upi,cust107874,pnb,savings,2022-03-31,blocked,VALID
nathaniel1450@upi,cust103510,icici,credit_card_linked,2025-05-26,active,VALID
hannah1578@upi,cust102849,kotak,savings,2023-06-06,active,VALID
terry4735@upi,cust104413,icici,current,2023-09-01,active,VALID
jonathan6668@upi,cust106340,axis,current,2024-10-26,active,VALID
megan8282@upi,cust106687,icici,credit_card_linked,2023-09-18,active,VALID
james5577@upi,cust108260,kotak,current,2023-02-08,active,VALID
lindsay5320@upi,cust107265,sbi,credit_card_linked,2021-02-27,active,VALID
stephanie6612@upi,cust103335,axis,credit_card_linked,2025-04-17,active,VALID
laura7312@upi,cust103239,axis,current,2025-02-11,active,VALID
richard5002@upi,cust101257,kotak,savings,2023-08-12,active,VALID
terrence3545@upi,cust106349,pnb,current,2021-02-25,active,VALID
thomas9628@upi,cust109108,sbi,credit_card_linked,2024-09-08,active,VALID
chelsea3596@upi,cust100249,icici,credit_card_linked,2023-09-21,active,VALID
megan6940@upi,cust102956,kotak,credit_card_linked,2025-08-03,active,VALID
brian8572@upi,cust108425,pnb,savings,2023-03-10,active,VALID
brandon9155@upi,cust104060,icici,credit_card_linked,2022-08-18,active,VALID
patrick5382@upi,cust104554,hdfc,current,2024-07-07,active,VALID
christina7449@upi,cust107719,kotak,credit_card_linked,2025-01-29,active,VALID
ashley3228@upi,cust102964,icici,current,2025-03-02,active,VALID
nathaniel9586@upi,cust108176,axis,savings,2023-07-14,active,VALID
james7739@upi,cust107680,axis,credit_card_linked,2023-07-14,active,VALID
cody8739@upi,cust103111,icici,savings,2025-07-10,active,VALID
olivia7198@upi,cust106695,icici,credit_card_linked,2023-07-15,active,VALID
stephanie9930@upi,cust107240,axis,credit_card_linked,2025-06-06,active,VALID
michael9631@upi,cust109785,icici,savings,2024-12-05,suspended,VALID
michael3126@upi,cust106151,sbi,savings,2024-11-20,active,VALID
mario2792@upi,cust101831,axis,credit_card_linked,2022-12-16,blocked,VALID
heather7016@upi,cust107163,hdfc,credit_card_linked,2024-06-14,active,VALID
kyle6717@upi,cust108179,hdfc,credit_card_linked,2022-03-28,active,VALID
douglas6435@upi,cust102059,kotak,credit_card_linked,2025-02-07,active,VALID
gloria6936@upi,cust105288,pnb,current,2025-04-18,active,VALID
thomas1452@upi,cust106308,sbi,credit_card_linked,2022-05-24,active,VALID
april2125@upi,cust104024,axis,savings,2024-12-30,active,VALID
christina6919@upi,cust103975,hdfc,savings,2025-06-24,active,VALID
jennifer1678@upi,cust102249,pnb,savings,2022-11-08,active,VALID
misty1952@upi,cust109198,sbi,current,2025-04-12,active,VALID
emily8374@upi,cust100026,sbi,credit_card_linked,2024-07-15,active,VALID
mary4370@upi,cust100165,pnb,credit_card_linked,2023-05-28,active,VALID
justin2781@upi,cust100743,icici,current,2024-05-06,active,VALID
victoria6471@upi,cust106036,axis,savings,2025-04-15,blocked,VALID
kimberly9695@upi,cust102705,axis,credit_card_linked,2024-12-25,active,VALID
elizabeth6230@upi,cust107822,hdfc,credit_card_linked,2023-06-21,active,VALID
pamela1171@upi,cust104880,hdfc,credit_card_linked,2024-12-18,active,VALID
yvonne3002@upi,cust103519,pnb,current,2025-07-31,active,VALID
dylan2939@upi,cust101127,kotak,credit_card_linked,2022-07-25,active,VALID
brittany3535@upi,cust105429,kotak,savings,2024-01-03,active,VALID
jessica4760@upi,cust101735,sbi,credit_card_linked,2023-09-11,active,VALID
alicia6186@upi,cust106798,hdfc,savings,2023-12-13,active,VALID
christian2701@upi,cust101071,kotak,credit_card_linked,2025-07-22,suspended,VALID
robert1082@upi,cust103535,icici,current,2025-07-13,active,VALID
leon4682@upi,cust101852,hdfc,credit_card_linked,2022-11-10,active,VALID
erika5482@upi,cust108423,pnb,credit_card_linked,2024-06-27,active,VALID
cindy9532@upi,cust109695,sbi,credit_card_linked,2025-07-09,active,VALID
martin8702@upi,cust108983,pnb,current,2025-01-26,active,VALID
annette8070@upi,cust101843,sbi,credit_card_linked,2025-04-10,active,VALID
logan2043@upi,cust104509,pnb,savings,2022-08-23,active,VALID
kristin5090@upi,cust108408,kotak,credit_card_linked,2025-05-13,blocked,VALID
martha9315@upi,cust106728,sbi,savings,2024-05-17,suspended,VALID
ian9202@upi,cust107289,axis,credit_card_linked,2024-12-06,active,VALID
darrell6370@upi,cust102555,axis,credit_card_linked,2025-08-02,active,VALID
madeline4893@upi,cust105339,hdfc,savings,2024-09-08,active,VALID
douglas8817@upi,cust105695,pnb,credit_card_linked,2025-04-22,active,VALID
micheal2905@upi,cust104734,hdfc,credit_card_linked,2023-08-06,suspended,VALID
dustin4749@upi,cust108290,sbi,savings,2024-05-29,active,VALID
jason1107@upi,cust108532,pnb,current,2023-07-11,active,VALID
hannah1795@upi,cust107505,sbi,savings,2024-04-08,active,VALID
michael2701@upi,cust105708,pnb,credit_card_linked,2021-06-22,active,VALID
roger9268@upi,cust108365,pnb,savings,2025-06-20,active,VALID
billy7916@upi,cust101347,kotak,credit_card_linked,2025-07-16,active,VALID
dr.8449@upi,cust101003,kotak,credit_card_linked,2024-03-15,active,VALID
timothy1856@upi,cust105376,icici,current,2022-11-25,active,VALID
david3694@upi,cust104266,sbi,credit_card_linked,2025-04-04,active,VALID
danielle6836@upi,cust107673,sbi,savings,2024-06-29,active,VALID
james6821@upi,cust102138,hdfc,savings,2025-07-30,active,VALID
monique9219@upi,cust106056,pnb,savings,2025-04-07,active,VALID
sara6089@upi,cust104166,pnb,savings,2022-07-26,active,VALID
aaron3657@upi,cust101087,kotak,current,2023-10-20,active,VALID
melissa2174@upi,cust103998,axis,credit_card_linked,2023-11-26,active,VALID
patrick3211@upi,cust104657,kotak,credit_card_linked,2021-04-24,active,VALID
tyler9593@upi,cust108517,icici,savings,2024-07-15,active,VALID
willie2317@upi,cust105125,icici,savings,2023-04-27,active,VALID
diana8876@upi,cust103610,hdfc,savings,2024-10-24,active,VALID
maria8125@upi,cust105480,hdfc,credit_card_linked,2023-01-16,active,VALID
maria3038@upi,cust101446,pnb,current,2025-02-21,active,VALID
carlos3854@upi,cust104781,icici,savings,2025-01-30,active,VALID
deborah6918@upi,cust109994,icici,savings,2025-06-28,active,VALID
courtney3989@upi,cust106585,kotak,savings,2023-11-12,active,VALID
steven3927@upi,cust103716,pnb,credit_card_linked,2023-02-23,active,VALID
ronald4768@upi,cust102150,pnb,credit_card_linked,2023-12-15,active,VALID
mark2962@upi,cust109895,sbi,current,2025-05-27,active,VALID
raymond8868@upi,cust104171,axis,savings,2023-10-05,active,VALID
carl5495@upi,cust107978,icici,current,2023-11-03,active,VALID
adam4099@upi,cust109636,axis,savings,2023-05-04,active,VALID
april6311@upi,cust104001,sbi,credit_card_linked,2024-04-01,active,VALID
ms.3818@upi,cust107356,pnb,current,2024-09-29,suspended,VALID
max3976@upi,cust104244,pnb,current,2025-07-15,active,VALID
jacob1959@upi,cust100874,sbi,current,2023-07-24,active,VALID
james3788@upi,cust108213,pnb,credit_card_linked,2025-03-07,active,VALID
dylan5380@upi,cust106853,kotak,savings,2023-02-26,active,VALID
robert1998@upi,cust102623,sbi,savings,2024-06-11,active,VALID
melinda5347@upi,cust106159,pnb,current,2023-02-02,active,VALID
lynn7959@upi,cust108747,hdfc,savings,2023-11-09,active,VALID
jeffery9993@upi,cust101685,icici,current,2021-04-29,active,VALID
jessica1617@upi,cust109186,icici,credit_card_linked,2025-07-12,active,VALID
jason2013@upi,cust105273,pnb,credit_card_linked,2024-05-24,active,VALID
carolyn9651@upi,cust107375,kotak,savings,2025-06-29,active,VALID
frank7753@upi,cust109993,kotak,savings,2025-04-18,active,VALID
angela6771@upi,cust107080,sbi,credit_card_linked,2023-11-16,active,VALID
david6589@upi,cust101991,sbi,credit_card_linked,2024-06-12,active,VALID
emily1910@upi,cust109470,axis,current,2023-05-28,active,VALID
melissa5204@upi,cust108600,icici,savings,2024-10-21,active,VALID
matthew1705@upi,cust105864,kotak,savings,2024-01-17,active,VALID
lisa3474@upi,cust100762,axis,credit_card_linked,2025-06-14,active,VALID
stephanie5305@upi,cust101452,kotak,savings,2022-12-08,active,VALID
lisa6350@upi,cust100635,kotak,credit_card_linked,2024-10-14,active,VALID
maurice1843@upi,cust103476,axis,savings,2023-01-25,active,VALID
phillip6228@upi,cust109596,axis,current,2024-06-22,active,VALID
carrie6272@upi,cust106608,icici,current,2024-08-17,active,VALID
timothy9428@upi,cust105976,axis,savings,2022-12-24,active,VALID
joshua1203@upi,cust100115,hdfc,savings,2025-06-06,active,VALID
morgan9371@upi,cust107448,kotak,savings,2025-01-14,active,VALID
danny2893@upi,cust108914,kotak,current,2025-01-18,active,VALID
steven4000@upi,cust105990,icici,savings,2024-11-29,active,VALID
karen3740@upi,cust105109,pnb,credit_card_linked,2023-09-20,active,VALID
alicia9213@upi,cust103446,sbi,savings,2024-06-14,active,VALID
susan2408@upi,cust106423,kotak,credit_card_linked,2023-12-14,active,VALID
todd3435@upi,cust103679,kotak,credit_card_linked,2025-02-08,active,VALID
courtney7659@upi,cust100718,hdfc,credit_card_linked,2022-10-04,active,VALID
cathy1669@upi,cust109892,kotak,savings,2025-07-29,active,VALID
keith4621@upi,cust106603,icici,savings,2022-12-25,active,VALID
christopher6069@upi,cust104243,icici,savings,2023-05-15,active,VALID
cassandra2764@upi,cust109970,axis,credit_card_linked,2022-06-20,active,VALID
heather2207@upi,cust104579,hdfc,savings,2022-11-29,active,VALID
haley6712@upi,cust101987,hdfc,current,2024-07-19,active,VALID
christopher2568@upi,cust102289,icici,savings,2025-03-07,active,VALID
shane8714@upi,cust109446,kotak,credit_card_linked,2025-05-03,active,VALID
lawrence7087@upi,cust104348,hdfc,current,2025-07-13,active,VALID
elizabeth1155@upi,cust109945,icici,credit_card_linked,2024-04-30,active,VALID
lucas4018@upi,cust100432,axis,savings,2024-08-20,active,VALID
javier7028@upi,cust101612,icici,credit_card_linked,2024-07-26,active,VALID
larry8459@upi,cust103982,sbi,current,2025-02-04,blocked,VALID
michael4358@upi,cust101002,pnb,credit_card_linked,2025-07-11,active,VALID
rebecca3426@upi,cust101723,icici,current,2022-11-09,active,VALID
william1133@upi,cust103593,icici,credit_card_linked,2025-03-07,active,VALID
jessica2495@upi,cust104827,axis,current,2025-02-21,active,VALID
brian5784@upi,cust108444,hdfc,current,2024-04-23,active,VALID
jacob3629@upi,cust109169,kotak,savings,2025-05-12,active,VALID
deanna1993@upi,cust101989,icici,savings,2025-07-30,active,VALID
kim1623@upi,cust103210,icici,savings,2022-06-15,active,VALID
susan1377@upi,cust106234,pnb,savings,2025-07-31,active,VALID
marcus8877@upi,cust109790,axis,credit_card_linked,2022-04-20,active,VALID
shane2374@upi,cust100283,kotak,credit_card_linked,2025-04-30,active,VALID
mrs.1267@upi,cust102960,sbi,current,2022-12-13,active,VALID
gwendolyn9902@upi,cust106739,icici,credit_card_linked,2025-02-13,active,VALID
neil4415@upi,cust104655,hdfc,credit_card_linked,2024-07-16,active,VALID
stephanie2513@upi,cust102662,icici,credit_card_linked,2025-05-26,active,VALID
susan8477@upi,cust103934,axis,credit_card_linked,2025-06-11,active,VALID
raymond8747@upi,cust107849,kotak,current,2024-02-07,blocked,VALID
james3259@upi,cust102502,kotak,savings,2024-12-18,active,VALID
marcus1765@upi,cust108762,hdfc,savings,2021-12-24,blocked,VALID
ian7404@upi,cust106575,kotak,credit_card_linked,2024-01-15,active,VALID
lindsey4678@upi,cust100836,pnb,credit_card_linked,2024-05-24,active,VALID
karen3631@upi,cust108757,kotak,credit_card_linked,2024-10-25,suspended,VALID
brian2034@upi,cust109002,axis,current,2025-05-31,blocked,VALID
troy1427@upi,cust109958,hdfc,current,2024-09-02,active,VALID
kimberly5567@upi,cust101170,hdfc,savings,2025-07-16,active,VALID
anthony2987@upi,cust107023,hdfc,credit_card_linked,2024-09-04,active,VALID
teresa3623@upi,cust109049,pnb,current,2025-03-08,active,VALID
dr.1730@upi,cust100861,axis,savings,2021-09-18,active,VALID
phillip3576@upi,cust105876,hdfc,current,2025-02-08,active,VALID
amber6560@upi,cust108989,kotak,current,2025-06-17,active,VALID
travis7559@upi,cust101141,axis,credit_card_linked,2024-01-15,blocked,VALID
angela3426@upi,cust104071,axis,current,2024-11-14,active,VALID
elizabeth9457@upi,cust109981,icici,current,2023-10-09,active,VALID
douglas9507@upi,cust101736,axis,current,2025-06-25,active,VALID
zachary2076@upi,cust109083,kotak,credit_card_linked,2024-12-31,active,VALID
brianna1411@upi,cust104569,kotak,current,2023-09-29,active,VALID
bryan1966@upi,cust101925,icici,current,2024-12-05,active,VALID
andrea3899@upi,cust101382,hdfc,credit_card_linked,2025-06-15,active,VALID
tammy3047@upi,cust106307,kotak,current,2024-08-09,active,VALID
danny4230@upi,cust106522,kotak,credit_card_linked,2025-02-12,active,VALID
kathleen8964@upi,cust107264,kotak,current,2025-04-14,active,VALID
dakota7276@upi,cust104306,sbi,savings,2025-01-05,active,VALID
ricky6390@upi,cust108829,sbi,savings,2025-08-02,active,VALID
brian7709@upi,cust107365,kotak,current,2025-03-26,active,VALID
anthony4532@upi,cust107917,sbi,current,2025-05-30,active,VALID
david8180@upi,cust101099,icici,savings,2022-11-13,active,VALID
dr.2396@upi,cust107195,axis,current,2025-06-20,active,VALID
dr.5883@upi,cust107032,pnb,savings,2023-11-23,active,VALID
anne6417@upi,cust100619,icici,credit_card_linked,2023-06-18,active,VALID
robin7668@upi,cust109241,pnb,savings,2025-06-25,active,VALID
jacob6930@upi,cust101390,hdfc,credit_card_linked,2024-09-24,suspended,VALID
david6285@upi,cust105540,pnb,savings,2025-02-02,active,VALID
misty1775@upi,cust109198,icici,current,2025-07-11,active,VALID
amber4768@upi,cust109775,axis,savings,2025-07-26,active,VALID
justin4107@upi,cust108619,kotak,savings,2025-06-23,active,VALID
mary3362@upi,cust100940,kotak,credit_card_linked,2025-03-10,active,VALID
michael5417@upi,cust108552,icici,credit_card_linked,2024-12-31,suspended,VALID
victoria9647@upi,cust102197,icici,credit_card_linked,2025-03-03,active,VALID
stephen9260@upi,cust104767,axis,savings,2023-08-16,active,VALID
james5045@upi,cust102542,kotak,savings,2025-05-29,active,VALID
jennifer6858@upi,cust105427,sbi,credit_card_linked,2023-01-01,active,VALID
karen6787@upi,cust105438,axis,credit_card_linked,2025-04-21,active,VALID
justin8690@upi,cust107946,pnb,current,2023-03-03,active,VALID
troy7251@upi,cust104662,icici,savings,2022-10-08,active,VALID
barbara4530@upi,cust101481,kotak,current,2024-04-14,active,VALID
dr.6131@upi,cust107484,axis,credit_card_linked,2023-07-21,active,VALID
anthony5434@upi,cust105572,axis,savings,2022-05-31,active,VALID
matthew7949@upi,cust102011,axis,credit_card_linked,2023-08-22,active,VALID
james6660@upi,cust103483,sbi,current,2024-08-05,suspended,VALID
carol9624@upi,cust108680,icici,current,2025-05-03,active,VALID
tara2699@upi,cust109306,pnb,credit_card_linked,2025-07-22,active,VALID
jamie3903@upi,cust101301,kotak,credit_card_linked,2022-08-14,active,VALID
john2045@upi,cust102167,icici,current,2023-09-25,active,VALID
adrian8148@upi,cust102941,pnb,savings,2025-01-04,active,VALID
adam9038@upi,cust105292,sbi,credit_card_linked,2025-06-22,active,VALID
kevin2812@upi,cust100886,sbi,credit_card_linked,2025-04-11,active,VALID
sheila5025@upi,cust107370,pnb,credit_card_linked,2025-05-09,active,VALID
michael9839@upi,cust108887,hdfc,credit_card_linked,2025-05-17,active,VALID
yvonne3262@upi,cust109959,pnb,savings,2024-09-16,active,VALID
sarah3364@upi,cust102887,axis,savings,2025-02-03,active,VALID
daniel7340@upi,cust103009,axis,current,2024-02-04,active,VALID
jasmine6591@upi,cust105201,sbi,credit_card_linked,2024-05-29,active,VALID
carrie5662@upi,cust107986,pnb,current,2024-11-10,active,VALID
monique9262@upi,cust106056,hdfc,savings,2024-04-20,active,VALID
amy7190@upi,cust100269,kotak,savings,2025-02-04,active,VALID
marie2000@upi,cust109227,pnb,current,2024-10-24,active,VALID
steven2371@upi,cust105096,hdfc,savings,2025-07-01,active,VALID
christian5912@upi,cust101474,pnb,current,2025-06-07,active,VALID
jordan4569@upi,cust108967,axis,credit_card_linked,2023-05-12,active,VALID
anita1453@upi,cust105162,hdfc,savings,2021-09-09,active,VALID
jesse7157@upi,cust105898,kotak,savings,2024-06-03,active,VALID
tyler5749@upi,cust109845,pnb,savings,2023-12-15,active,VALID
jonathan5454@upi,cust100773,icici,savings,2025-05-01,active,VALID
karen2176@upi,cust106541,sbi,savings,2024-04-01,active,VALID
colleen7570@upi,cust104050,hdfc,current,2023-06-26,active,VALID
antonio4380@upi,cust101077,axis,credit_card_linked,2025-06-09,active,VALID
alexander9397@upi,cust106953,pnb,credit_card_linked,2024-10-18,active,VALID
ryan6197@upi,cust100265,icici,current,2022-04-07,active,VALID
marcus3551@upi,cust108762,hdfc,current,2022-10-28,active,VALID
beth9189@upi,cust109326,kotak,savings,2023-07-03,active,VALID
danielle2169@upi,cust108419,kotak,savings,2023-11-19,active,VALID
shannon1619@upi,cust101531,hdfc,current,2025-06-07,active,VALID
brandon8844@upi,cust102049,pnb,credit_card_linked,2024-11-19,active,VALID
rhonda9173@upi,cust104604,pnb,current,2025-02-24,active,VALID
james6934@upi,cust104187,sbi,current,2025-01-22,active,VALID
donald2308@upi,cust105348,sbi,credit_card_linked,2025-01-24,active,VALID
thomas7064@upi,cust104322,pnb,current,2024-12-11,active,VALID
deborah7163@upi,cust108571,hdfc,current,2023-04-09,active,VALID
john6365@upi,cust107831,pnb,credit_card_linked,2024-06-10,active,VALID
christy3072@upi,cust104468,hdfc,savings,2024-09-20,active,VALID
chad1591@upi,cust107420,sbi,savings,2025-03-22,active,VALID
cody2958@upi,cust103111,icici,savings,2022-01-30,active,VALID
benjamin4412@upi,cust109956,sbi,credit_card_linked,2024-04-09,blocked,VALID
michael5886@upi,cust101979,icici,savings,2024-12-21,active,VALID
meghan7421@upi,cust106843,hdfc,savings,2025-06-03,active,VALID
tiffany6135@upi,cust105957,sbi,savings,2023-06-12,active,VALID
walter7746@upi,cust105686,pnb,credit_card_linked,2024-11-24,active,VALID
mallory4348@upi,cust108159,kotak,current,2025-08-03,active,VALID
desiree8515@upi,cust106705,icici,credit_card_linked,2021-12-25,active,VALID
peter2221@upi,cust101341,axis,savings,2022-11-09,active,VALID
joe9565@upi,cust107053,sbi,credit_card_linked,2025-07-09,active,VALID
james4165@upi,cust106442,kotak,current,2025-07-20,active,VALID
terry6079@upi,cust100364,hdfc,current,2025-07-25,active,VALID
jane5000@upi,cust107850,kotak,current,2025-05-19,active,VALID
ryan7876@upi,cust100723,pnb,savings,2023-03-04,active,VALID
laura8714@upi,cust100710,sbi,credit_card_linked,2025-06-15,active,VALID
jerry2547@upi,cust106866,kotak,savings,2024-02-20,active,VALID
richard7652@upi,cust101143,icici,savings,2025-07-14,active,VALID
kelsey9932@upi,cust104790,axis,savings,2023-10-11,active,VALID
travis1914@upi,cust104035,pnb,current,2023-12-17,active,VALID
curtis4198@upi,cust105123,hdfc,current,2024-05-07,active,VALID
jeanette7958@upi,cust106333,kotak,credit_card_linked,2025-04-23,active,VALID
michael5134@upi,cust102537,axis,current,2024-04-28,active,VALID
kelly4062@upi,cust107854,kotak,current,2022-03-12,active,VALID
diamond3186@upi,cust102309,kotak,credit_card_linked,2021-07-15,active,VALID
kimberly5255@upi,cust109794,pnb,current,2024-07-20,active,VALID
courtney4313@upi,cust107689,sbi,current,2024-03-18,active,VALID
kimberly6768@upi,cust101389,pnb,current,2025-05-02,active,VALID
glenda8973@upi,cust108073,axis,savings,2025-07-21,active,VALID
jeffrey2472@upi,cust102715,axis,credit_card_linked,2023-03-22,active,VALID
robert5539@upi,cust105837,kotak,credit_card_linked,2025-06-10,active,VALID
barbara4403@upi,cust106555,pnb,savings,2025-07-11,active,VALID
jennifer7709@upi,cust109382,kotak,savings,2025-07-27,active,VALID
jessica7668@upi,cust100429,pnb,credit_card_linked,2024-04-09,active,VALID
john6278@upi,cust108872,icici,savings,2022-12-28,active,VALID
laurie9804@upi,cust109533,pnb,credit_card_linked,2023-02-25,suspended,VALID
jay7162@upi,cust106080,kotak,savings,2023-07-06,active,VALID
spencer2038@upi,cust105426,hdfc,current,2023-11-05,active,VALID
tyler6956@upi,cust105936,axis,current,2025-05-03,active,VALID
nancy8084@upi,cust107904,hdfc,savings,2023-11-13,active,VALID
christopher9166@upi,cust101114,kotak,savings,2024-01-26,active,VALID
daniel8609@upi,cust105552,icici,current,2025-05-28,active,VALID
debra8897@upi,cust104237,hdfc,savings,2023-08-30,active,VALID
joel5443@upi,cust102001,sbi,credit_card_linked,2022-11-30,active,VALID
jenna4640@upi,cust109852,hdfc,savings,2023-01-27,active,VALID
christopher7841@upi,cust103083,kotak,savings,2024-07-16,active,VALID
jennifer3422@upi,cust100264,sbi,savings,2025-06-25,active,VALID
brandy2651@upi,cust105630,hdfc,current,2024-08-05,active,VALID
heather2768@upi,cust108938,hdfc,current,2024-07-19,active,VALID
thomas4557@upi,cust107082,pnb,current,2025-07-05,active,VALID
rachel8362@upi,cust102719,axis,current,2023-09-01,active,VALID
susan3834@upi,cust108928,sbi,current,2024-08-12,active,VALID
dwayne1219@upi,cust105585,sbi,credit_card_linked,2023-09-12,active,VALID
michael9706@upi,cust107458,axis,savings,2023-03-04,active,VALID
michael8293@upi,cust108695,icici,credit_card_linked,2025-07-02,active,VALID
james3229@upi,cust104602,icici,credit_card_linked,2023-09-25,active,VALID
joseph3647@upi,cust101424,hdfc,credit_card_linked,2024-03-18,active,VALID
jill8926@upi,cust100437,hdfc,current,2021-12-30,active,VALID
emily9050@upi,cust104174,icici,current,2025-01-11,active,VALID
benjamin4674@upi,cust108270,sbi,savings,2024-05-01,active,VALID
michael8321@upi,cust105944,sbi,savings,2023-07-12,active,VALID
william2160@upi,cust108561,icici,savings,2025-07-03,active,VALID
matthew2197@upi,cust107926,hdfc,savings,2025-07-08,active,VALID
jose2226@upi,cust109521,kotak,credit_card_linked,2024-07-19,active,VALID
diana7736@upi,cust108729,sbi,credit_card_linked,2024-09-13,active,VALID
mr.3397@upi,cust100536,axis,current,2024-10-24,active,VALID
megan7297@upi,cust100120,axis,current,2023-08-25,active,VALID
adrienne6281@upi,cust104650,hdfc,current,2024-09-27,active,VALID
maureen3905@upi,cust107645,hdfc,current,2022-04-22,active,VALID
margaret1582@upi,cust106268,pnb,current,2025-05-14,active,VALID
ronald5487@upi,cust105617,kotak,current,2025-05-31,active,VALID
anthony7439@upi,cust108932,axis,savings,2025-02-15,active,VALID
mary1868@upi,cust106648,axis,current,2023-07-19,active,VALID
amanda9890@upi,cust100880,kotak,credit_card_linked,2025-01-11,active,VALID
amy6608@upi,cust108982,hdfc,credit_card_linked,2024-09-02,active,VALID
mary5590@upi,cust107653,sbi,current,2023-12-13,active,VALID
christopher7033@upi,cust106892,icici,savings,2025-06-01,active,VALID
raymond7916@upi,cust100504,hdfc,current,2024-10-27,active,VALID
colton3141@upi,cust108947,pnb,savings,2024-02-17,active,VALID
joshua3805@upi,cust101225,pnb,credit_card_linked,2024-09-22,blocked,VALID
randy6839@upi,cust103171,axis,savings,2023-12-04,active,VALID
christopher4769@upi,cust109329,icici,credit_card_linked,2022-10-11,active,VALID
amy3693@upi,cust101134,hdfc,credit_card_linked,2022-01-20,active,VALID
emma2019@upi,cust104829,kotak,current,2025-01-28,active,VALID
matthew4549@upi,cust102643,pnb,current,2024-08-10,active,VALID
paul4671@upi,cust103079,axis,current,2025-07-27,active,VALID
john1954@upi,cust104835,pnb,credit_card_linked,2023-12-14,active,VALID
dr.2927@upi,cust106274,icici,current,2021-03-20,active,VALID
emily9090@upi,cust105563,hdfc,credit_card_linked,2024-04-20,active,VALID
michael9533@upi,cust103169,kotak,credit_card_linked,2024-12-30,active,VALID
todd3968@upi,cust107813,pnb,credit_card_linked,2024-10-11,active,VALID
michelle8963@upi,cust108118,hdfc,savings,2025-05-05,active,VALID
brianna8300@upi,cust101384,sbi,current,2025-07-13,active,VALID
anthony8362@upi,cust105572,kotak,credit_card_linked,2022-04-16,active,VALID
jill2852@upi,cust105854,axis,current,2025-04-05,active,VALID
evelyn7130@upi,cust104078,sbi,savings,2023-07-04,active,VALID
david5392@upi,cust102802,sbi,current,2024-05-27,active,VALID
douglas4073@upi,cust100253,hdfc,savings,2025-07-29,active,VALID
joann8094@upi,cust105638,kotak,credit_card_linked,2023-01-27,active,VALID
beth9623@upi,cust106749,sbi,savings,2024-05-03,active,VALID
michael5449@upi,cust107602,icici,credit_card_linked,2023-11-02,active,VALID
jennifer4650@upi,cust104756,axis,current,2025-07-29,active,VALID
bryan7677@upi,cust102336,pnb,current,2025-06-15,active,VALID
roger7155@upi,cust105950,axis,credit_card_linked,2025-06-21,active,VALID
michael3555@upi,cust101484,hdfc,current,2025-03-18,active,VALID
kevin1789@upi,cust102856,hdfc,credit_card_linked,2023-03-16,active,VALID
samuel1365@upi,cust107612,icici,current,2024-03-29,active,VALID
kevin7628@upi,cust102971,axis,credit_card_linked,2023-09-17,suspended,VALID
dominic1969@upi,cust106591,hdfc,current,2025-03-23,active,VALID
joel4373@upi,cust102265,hdfc,credit_card_linked,2024-07-08,active,VALID
thomas2453@upi,cust100946,icici,savings,2025-07-21,active,VALID
hailey2360@upi,cust109431,sbi,credit_card_linked,2025-08-05,active,VALID
christian3725@upi,cust101757,hdfc,current,2024-10-07,active,VALID
travis5709@upi,cust108209,axis,savings,2025-06-16,active,VALID
matthew6556@upi,cust103587,pnb,savings,2025-01-14,suspended,VALID
donna1826@upi,cust103364,icici,current,2024-03-21,active,VALID
sierra6630@upi,cust103937,kotak,current,2022-11-11,active,VALID
billy1308@upi,cust102939,hdfc,credit_card_linked,2025-07-17,active,VALID
stephanie6437@upi,cust101363,sbi,savings,2024-06-09,active,VALID
adrian1297@upi,cust104386,kotak,credit_card_linked,2024-10-16,active,VALID
derrick7177@upi,cust106578,sbi,savings,2025-07-30,active,VALID
melanie1186@upi,cust101611,sbi,current,2025-05-30,active,VALID
luke7929@upi,cust108528,axis,savings,2024-02-28,suspended,VALID
hannah6089@upi,cust108104,pnb,savings,2024-03-12,active,VALID
renee3305@upi,cust106406,pnb,credit_card_linked,2025-01-07,active,VALID
sara2114@upi,cust104169,sbi,credit_card_linked,2023-12-29,active,VALID
albert4551@upi,cust107467,icici,current,2024-01-30,active,VALID
william6519@upi,cust104221,axis,credit_card_linked,2024-10-01,active,VALID
ryan4607@upi,cust109082,hdfc,savings,2024-07-12,active,VALID
kenneth7311@upi,cust104996,axis,credit_card_linked,2022-09-20,active,VALID
mr.8678@upi,cust104255,icici,credit_card_linked,2022-10-19,active,VALID
jacob7483@upi,cust101019,kotak,savings,2021-01-28,suspended,VALID
shelby5110@upi,cust105679,icici,credit_card_linked,2022-10-16,active,VALID
alexander9647@upi,cust106087,kotak,current,2025-04-26,active,VALID
darryl6134@upi,cust101433,icici,credit_card_linked,2024-12-03,active,VALID
jennifer7755@upi,cust107879,kotak,credit_card_linked,2025-05-21,active,VALID
bonnie7731@upi,cust105454,hdfc,current,2023-12-07,active,VALID
thomas2765@upi,cust104672,sbi,current,2024-09-09,active,VALID
timothy3518@upi,cust108516,icici,credit_card_linked,2024-07-14,active,VALID
charles9951@upi,cust100915,pnb,credit_card_linked,2025-05-30,active,VALID
matthew1327@upi,cust108146,icici,current,2025-02-15,active,VALID
alexander7591@upi,cust100939,hdfc,credit_card_linked,2024-05-23,active,VALID
troy5403@upi,cust102646,hdfc,current,2023-01-28,blocked,VALID
kenneth8023@upi,cust102701,icici,credit_card_linked,2024-07-24,active,VALID
ashley6057@upi,cust101578,axis,credit_card_linked,2022-08-01,active,VALID
william6502@upi,cust107036,kotak,savings,2024-01-08,active,VALID
christine9264@upi,cust108978,icici,current,2025-01-17,active,VALID
taylor6784@upi,cust108437,sbi,credit_card_linked,2023-10-15,active,VALID
sally4259@upi,cust105911,icici,credit_card_linked,2022-07-05,active,VALID
jade3882@upi,cust107732,axis,credit_card_linked,2024-09-13,active,VALID
christina1402@upi,cust105224,icici,credit_card_linked,2024-08-12,suspended,VALID
corey1707@upi,cust107883,kotak,credit_card_linked,2021-04-03,active,VALID
jon5063@upi,cust103388,sbi,savings,2024-07-09,active,VALID
david4701@upi,cust107587,axis,savings,2025-07-06,suspended,VALID
michelle8776@upi,cust102012,kotak,credit_card_linked,2021-07-19,active,VALID
kevin3435@upi,cust108961,axis,credit_card_linked,2025-04-03,active,VALID
victor1179@upi,cust103845,pnb,credit_card_linked,2024-08-25,blocked,VALID
melissa7581@upi,cust108583,sbi,savings,2022-08-04,active,VALID
brett5154@upi,cust100040,axis,current,2023-08-26,active,VALID
rebecca7796@upi,cust103754,axis,savings,2024-06-12,active,VALID
timothy1201@upi,cust105021,axis,credit_card_linked,2024-10-27,active,VALID
richard7372@upi,cust101143,sbi,current,2024-12-08,active,VALID
heather8594@upi,cust101505,hdfc,current,2023-12-01,active,VALID
tyler9667@upi,cust109220,kotak,current,2025-01-18,active,VALID
alexander9843@upi,cust104518,sbi,credit_card_linked,2025-06-11,active,VALID
rodney9759@upi,cust105711,sbi,current,2024-09-07,active,VALID
richard3388@upi,cust105443,axis,savings,2023-10-25,active,VALID
sonia2699@upi,cust100955,sbi,savings,2025-06-05,blocked,VALID
cheyenne5378@upi,cust104902,pnb,credit_card_linked,2024-10-13,suspended,VALID
tracy8328@upi,cust105192,pnb,savings,2023-10-08,active,VALID
david2075@upi,cust109957,kotak,current,2024-07-08,active,VALID
michelle7488@upi,cust105085,axis,credit_card_linked,2023-10-22,active,VALID
rebecca6541@upi,cust108467,axis,current,2024-03-11,active,VALID
briana9209@upi,cust103902,sbi,savings,2021-08-23,suspended,VALID
douglas1063@upi,cust105695,hdfc,current,2025-08-04,active,VALID
alexander3011@upi,cust106582,axis,credit_card_linked,2023-11-11,active,VALID
april4907@upi,cust100851,hdfc,credit_card_linked,2022-12-24,active,VALID
erika4973@upi,cust102852,axis,current,2022-12-21,active,VALID
austin7780@upi,cust108077,pnb,current,2021-12-09,active,VALID
cameron4303@upi,cust107004,sbi,credit_card_linked,2025-03-13,active,VALID
nicole2895@upi,cust103544,hdfc,current,2025-02-28,active,VALID
tara9730@upi,cust108669,kotak,credit_card_linked,2024-05-23,active,VALID
dr.9641@upi,cust107664,hdfc,savings,2025-05-12,active,VALID
ruth6751@upi,cust109408,hdfc,savings,2025-08-01,active,VALID
jeffrey3133@upi,cust102926,kotak,credit_card_linked,2025-05-23,active,VALID
jamie9274@upi,cust104248,icici,current,2025-06-20,active,VALID
joel5752@upi,cust102001,pnb,savings,2022-11-15,active,VALID
mr.4114@upi,cust101836,sbi,savings,2024-03-19,active,VALID
emily3420@upi,cust101776,hdfc,savings,2024-09-07,active,VALID
stephanie1149@upi,cust109871,hdfc,credit_card_linked,2024-06-13,active,VALID
ronald3606@upi,cust101355,kotak,credit_card_linked,2023-01-18,active,VALID
tracy7564@upi,cust104092,sbi,credit_card_linked,2022-10-23,active,VALID
tyler5088@upi,cust107871,axis,credit_card_linked,2025-06-19,active,VALID
charles8857@upi,cust103869,icici,credit_card_linked,2024-10-11,active,VALID
william8835@upi,cust105739,kotak,credit_card_linked,2024-04-11,active,VALID
ryan6790@upi,cust101001,icici,savings,2024-01-28,active,VALID
julie4843@upi,cust102160,pnb,savings,2024-03-24,active,VALID
lisa9265@upi,cust104382,icici,savings,2022-07-24,active,VALID
michael5803@upi,cust106650,axis,credit_card_linked,2024-11-08,active,VALID
samantha9188@upi,cust104764,axis,savings,2025-04-07,active,VALID
sara9245@upi,cust106566,kotak,credit_card_linked,2023-05-24,active,VALID
nicholas3190@upi,cust101547,kotak,savings,2024-01-28,blocked,VALID
sherry5921@upi,cust106300,axis,savings,2025-06-22,active,VALID
steven8518@upi,cust105935,sbi,savings,2023-09-03,active,VALID
jacqueline7847@upi,cust100428,icici,current,2022-07-09,active,VALID
jenny5287@upi,cust103164,kotak,credit_card_linked,2021-05-24,active,VALID
sue6408@upi,cust103484,pnb,savings,2024-04-02,active,VALID
grant6227@upi,cust100636,sbi,current,2025-07-22,active,VALID
kyle3199@upi,cust108179,icici,credit_card_linked,2024-02-09,active,VALID
michael6198@upi,cust103170,hdfc,credit_card_linked,2024-04-04,active,VALID
carrie7145@upi,cust104260,icici,current,2025-07-25,active,VALID
samuel4595@upi,cust104816,pnb,savings,2024-11-15,active,VALID
jermaine1809@upi,cust104618,icici,credit_card_linked,2022-03-27,active,VALID
mandy9157@upi,cust106684,axis,current,2022-02-01,active,VALID
catherine6160@upi,cust106112,hdfc,savings,2025-01-05,active,VALID
sara2660@upi,cust105284,icici,savings,2024-05-10,active,VALID
michael1764@upi,cust109196,axis,current,2025-02-08,active,VALID
kyle3507@upi,cust101850,axis,credit_card_linked,2023-11-15,active,VALID
kenneth1838@upi,cust103302,hdfc,current,2024-06-16,active,VALID
robert9262@upi,cust109349,axis,current,2025-02-13,suspended,VALID
erica3896@upi,cust103676,kotak,savings,2021-08-21,active,VALID
brittney3723@upi,cust103864,pnb,current,2025-08-01,active,VALID
kendra3859@upi,cust109221,kotak,credit_card_linked,2021-09-07,active,VALID
brian5665@upi,cust102254,pnb,current,2022-12-16,active,VALID
michelle2800@upi,cust107223,hdfc,credit_card_linked,2022-12-25,active,VALID
catherine4208@upi,cust106914,hdfc,current,2024-08-22,active,VALID
john6117@upi,cust102213,hdfc,credit_card_linked,2025-02-01,active,VALID
alexander9523@upi,cust101697,hdfc,credit_card_linked,2025-05-27,active,VALID
joan2696@upi,cust107933,pnb,current,2025-07-25,active,VALID
kristin1363@upi,cust105758,sbi,savings,2023-10-07,active,VALID
denise9355@upi,cust107891,axis,current,2024-10-09,active,VALID
richard5653@upi,cust108325,axis,credit_card_linked,2023-10-20,active,VALID
annette8780@upi,cust102621,sbi,credit_card_linked,2025-04-17,active,VALID
melinda5571@upi,cust106223,sbi,savings,2025-05-13,active,VALID
james9162@upi,cust109639,sbi,current,2024-04-28,active,VALID
joseph7900@upi,cust107833,axis,credit_card_linked,2022-10-11,active,VALID
tammy3782@upi,cust100935,axis,current,2022-07-04,active,VALID
tracy8189@upi,cust102187,axis,credit_card_linked,2024-09-08,active,VALID
brittany6509@upi,cust103577,sbi,current,2021-02-14,active,VALID
kimberly1540@upi,cust101049,pnb,credit_card_linked,2025-08-05,active,VALID
brian3434@upi,cust109738,axis,current,2025-06-19,active,VALID
ethan9934@upi,cust104932,sbi,savings,2022-07-05,active,VALID
hayley5718@upi,cust106394,sbi,current,2025-08-03,active,VALID
barry9812@upi,cust106209,hdfc,credit_card_linked,2024-11-06,active,VALID
ian4950@upi,cust100881,sbi,credit_card_linked,2024-12-07,active,VALID
charles8159@upi,cust101594,axis,savings,2024-10-06,active,VALID
joshua1345@upi,cust102524,sbi,savings,2024-06-25,blocked,VALID
johnny7869@upi,cust106373,sbi,current,2025-03-07,active,VALID
courtney4529@upi,cust102297,pnb,current,2025-05-16,active,VALID
crystal4770@upi,cust100847,hdfc,savings,2024-06-01,active,VALID
margaret7370@upi,cust103413,axis,savings,2023-02-04,active,VALID
charles1987@upi,cust102284,sbi,credit_card_linked,2023-09-23,active,VALID
rebecca6279@upi,cust108467,hdfc,credit_card_linked,2024-01-16,active,VALID
matthew1598@upi,cust102492,pnb,current,2023-06-10,active,VALID
dawn2737@upi,cust109055,hdfc,credit_card_linked,2023-07-24,active,VALID
amanda4962@upi,cust107231,axis,savings,2024-06-16,active,VALID
john3846@upi,cust106452,icici,current,2024-03-09,active,VALID
nicholas5425@upi,cust105887,hdfc,credit_card_linked,2025-03-18,active,VALID
john9185@upi,cust101935,axis,credit_card_linked,2024-08-27,active,VALID
tasha8193@upi,cust107043,kotak,credit_card_linked,2024-11-23,active,VALID
mario2030@upi,cust101397,sbi,current,2024-01-30,active,VALID
mark7088@upi,cust109025,sbi,credit_card_linked,2025-07-12,active,VALID
teresa7541@upi,cust107005,icici,current,2025-07-14,active,VALID
david7633@upi,cust106553,hdfc,current,2024-08-10,active,VALID
sandra1312@upi,cust104772,icici,current,2025-08-04,active,VALID
abigail8793@upi,cust109209,kotak,credit_card_linked,2025-07-10,active,VALID
justin1686@upi,cust102216,sbi,current,2025-03-21,active,VALID
michael4990@upi,cust102868,axis,current,2023-08-30,active,VALID
amanda8647@upi,cust109149,icici,savings,2024-08-27,active,VALID
jennifer3871@upi,cust100962,sbi,savings,2024-11-15,active,VALID
stephanie7989@upi,cust105081,kotak,current,2025-02-03,active,VALID
aaron1106@upi,cust108503,icici,credit_card_linked,2025-06-09,active,VALID
amy6497@upi,cust108765,icici,current,2025-07-15,active,VALID
melissa7920@upi,cust103898,axis,current,2025-02-04,active,VALID
leah6984@upi,cust107951,icici,current,2025-07-21,active,VALID
jennifer2961@upi,cust106018,axis,credit_card_linked,2025-05-23,active,VALID
gary3991@upi,cust101761,pnb,savings,2025-05-02,active,VALID
james1547@upi,cust100527,icici,credit_card_linked,2021-12-30,active,VALID
brandon3889@upi,cust102185,sbi,savings,2023-04-24,active,VALID
andrea8836@upi,cust100709,icici,savings,2023-11-03,active,VALID
christopher1463@upi,cust105850,hdfc,credit_card_linked,2024-08-18,active,VALID
paul9484@upi,cust100525,hdfc,credit_card_linked,2025-06-17,suspended,VALID
brandon3176@upi,cust104137,hdfc,credit_card_linked,2025-02-20,active,VALID
rebecca5408@upi,cust105428,kotak,current,2025-02-20,active,VALID
maureen4651@upi,cust109694,axis,savings,2025-01-02,active,VALID
ivan7061@upi,cust107661,pnb,current,2024-02-13,active,VALID
todd3668@upi,cust102954,sbi,current,2025-06-15,active,VALID
aaron7555@upi,cust103772,axis,savings,2023-01-19,active,VALID
bryan2129@upi,cust108758,hdfc,savings,2025-06-17,active,VALID
kerry3135@upi,cust103473,icici,credit_card_linked,2025-04-26,active,VALID
bryan2842@upi,cust108338,axis,credit_card_linked,2025-06-05,active,VALID
ariana2178@upi,cust100722,kotak,current,2024-12-24,active,VALID
jill1036@upi,cust108875,sbi,savings,2023-06-23,active,VALID
rebecca7123@upi,cust109232,hdfc,credit_card_linked,2025-01-12,active,VALID
charles9139@upi,cust102452,sbi,current,2021-11-15,suspended,VALID
miguel8388@upi,cust106576,kotak,savings,2025-01-08,active,VALID
jacob9035@upi,cust102466,axis,savings,2023-11-04,active,VALID
roger4379@upi,cust108029,axis,credit_card_linked,2025-06-01,active,VALID
lucas6536@upi,cust109684,hdfc,current,2024-05-25,active,VALID
kevin9836@upi,cust105094,axis,current,2025-06-14,active,VALID
adrienne4330@upi,cust104650,axis,savings,2023-05-07,active,VALID
kyle5194@upi,cust102061,kotak,current,2024-11-23,active,VALID
cindy4045@upi,cust107937,sbi,savings,2025-04-12,active,VALID
michael9184@upi,cust105819,axis,current,2025-07-11,blocked,VALID
sarah4678@upi,cust100712,hdfc,savings,2025-07-17,active,VALID
stacey1601@upi,cust106548,icici,current,2025-05-25,active,VALID
mary2693@upi,cust106922,icici,savings,2025-05-27,active,VALID
kimberly4889@upi,cust101992,pnb,credit_card_linked,2022-05-03,active,VALID
james3083@upi,cust105541,icici,credit_card_linked,2022-05-02,active,VALID
christy6368@upi,cust109248,pnb,savings,2024-01-10,active,VALID
andrew1037@upi,cust104984,kotak,savings,2025-04-11,active,VALID
laura6239@upi,cust109000,axis,current,2024-02-08,suspended,VALID
lynn3114@upi,cust107287,sbi,savings,2025-04-17,blocked,VALID
anna3972@upi,cust101645,axis,current,2023-12-24,active,VALID
samuel9631@upi,cust105099,sbi,current,2025-03-06,suspended,VALID
micheal9881@upi,cust102528,sbi,savings,2025-04-25,active,VALID
kendra9157@upi,cust100831,pnb,savings,2024-09-18,active,VALID
seth3209@upi,cust102605,axis,savings,2024-02-17,active,VALID
katie1785@upi,cust101667,kotak,current,2025-04-25,active,VALID
jacob7740@upi,cust108808,pnb,credit_card_linked,2025-02-19,active,VALID
zachary3117@upi,cust109690,kotak,credit_card_linked,2022-04-27,active,VALID
matthew4352@upi,cust109132,pnb,current,2022-03-22,active,VALID
kaitlyn5846@upi,cust107578,hdfc,current,2022-12-30,active,VALID
mark3502@upi,cust101943,sbi,credit_card_linked,2025-07-21,active,VALID
jerome4112@upi,cust106476,pnb,current,2021-12-04,active,VALID
brian6558@upi,cust108107,axis,savings,2022-01-07,active,VALID
amanda3662@upi,cust106747,sbi,credit_card_linked,2024-11-17,active,VALID
michael8136@upi,cust104089,kotak,savings,2024-08-03,active,VALID
david4813@upi,cust103875,axis,current,2022-10-18,active,VALID
dr.5067@upi,cust108799,kotak,current,2025-07-26,active,VALID
jonathan3172@upi,cust102291,icici,current,2022-11-29,active,VALID
alex2140@upi,cust109420,icici,credit_card_linked,2025-06-21,active,VALID
sheila4340@upi,cust108416,pnb,savings,2025-06-02,active,VALID
catherine4774@upi,cust104210,axis,savings,2025-07-18,active,VALID
karen4931@upi,cust100468,kotak,current,2022-11-20,active,VALID
scott8218@upi,cust105111,pnb,credit_card_linked,2025-01-14,active,VALID
travis4440@upi,cust106460,pnb,savings,2022-09-01,active,VALID
timothy9490@upi,cust102331,kotak,savings,2025-02-03,active,VALID
andrew3946@upi,cust106538,icici,savings,2024-11-19,active,VALID
heather1576@upi,cust102917,icici,credit_card_linked,2025-08-04,active,VALID
albert5990@upi,cust104640,pnb,savings,2022-04-01,active,VALID
lisa8638@upi,cust106319,kotak,credit_card_linked,2021-10-16,active,VALID
dustin5590@upi,cust100666,hdfc,credit_card_linked,2023-09-25,active,VALID
robert5823@upi,cust101928,hdfc,current,2024-10-30,active,VALID
margaret4491@upi,cust109685,axis,savings,2025-06-12,active,VALID
william4597@upi,cust105043,icici,savings,2024-09-06,active,VALID
david1947@upi,cust103837,hdfc,current,2024-12-12,active,VALID
michele3359@upi,cust107632,axis,current,2023-10-21,active,VALID
nicole1053@upi,cust106899,icici,savings,2024-02-07,active,VALID
craig7228@upi,cust106760,kotak,savings,2024-10-24,active,VALID
joshua1007@upi,cust102979,sbi,credit_card_linked,2023-03-12,active,VALID
kevin3593@upi,cust105414,kotak,credit_card_linked,2025-01-26,active,VALID
stephanie1483@upi,cust107429,sbi,credit_card_linked,2025-07-05,active,VALID
emily2848@upi,cust101753,kotak,credit_card_linked,2023-11-04,blocked,VALID
shannon8427@upi,cust107480,sbi,savings,2024-04-26,active,VALID
kathleen4693@upi,cust102259,axis,savings,2025-06-05,blocked,VALID
ashley3881@upi,cust102225,hdfc,credit_card_linked,2023-05-08,active,VALID
heather4074@upi,cust109455,pnb,savings,2024-12-18,active,VALID
elizabeth5264@upi,cust104272,axis,current,2025-06-07,active,VALID
carolyn3950@upi,cust109925,axis,current,2024-12-19,active,VALID
kristi4193@upi,cust100653,sbi,savings,2025-01-24,active,VALID
bobby5738@upi,cust109922,sbi,savings,2024-11-22,active,VALID
tiffany3649@upi,cust102400,pnb,credit_card_linked,2023-12-18,active,VALID
mark5007@upi,cust109673,icici,current,2024-10-24,active,VALID
steven4288@upi,cust105465,kotak,credit_card_linked,2024-02-16,active,VALID
samantha5942@upi,cust100591,hdfc,current,2023-06-24,active,VALID
michael1209@upi,cust108834,axis,current,2025-04-21,active,VALID
joshua7009@upi,cust102272,pnb,savings,2024-07-03,active,VALID
matthew4471@upi,cust101997,pnb,credit_card_linked,2024-12-20,active,VALID
jennifer7827@upi,cust102035,axis,savings,2022-09-30,active,VALID
andrea8851@upi,cust107737,axis,savings,2023-04-24,active,VALID
brett5093@upi,cust100040,icici,credit_card_linked,2025-02-19,active,VALID
amanda6851@upi,cust109149,axis,current,2025-03-19,active,VALID
karen5147@upi,cust103741,sbi,savings,2022-03-27,active,VALID
mary6526@upi,cust109778,pnb,credit_card_linked,2023-07-16,active,VALID
ross2674@upi,cust100640,pnb,current,2025-06-25,active,VALID
elizabeth4725@upi,cust104203,kotak,current,2024-09-19,active,VALID
theresa4547@upi,cust104916,axis,current,2022-11-15,active,VALID
melanie6907@upi,cust109787,sbi,current,2024-02-01,active,VALID
andrew9573@upi,cust105566,pnb,savings,2024-10-28,active,VALID
jessica7374@upi,cust102169,kotak,savings,2023-03-07,active,VALID
brenda8232@upi,cust107122,pnb,current,2023-12-18,suspended,VALID
yvonne5328@upi,cust109959,sbi,savings,2021-12-12,active,VALID
james1568@upi,cust104521,hdfc,current,2024-01-04,active,VALID
catherine9988@upi,cust103387,axis,current,2025-07-01,active,VALID
andrew4401@upi,cust103904,axis,savings,2024-01-31,active,VALID
dr.4415@upi,cust106846,kotak,current,2024-04-16,active,VALID
nathan7708@upi,cust101218,icici,savings,2024-11-23,active,VALID
hannah8261@upi,cust103012,icici,savings,2025-08-05,active,VALID
aaron2743@upi,cust103036,hdfc,credit_card_linked,2025-05-31,active,VALID
hunter7575@upi,cust103790,axis,current,2025-06-10,active,VALID
tina8812@upi,cust106278,hdfc,current,2024-04-12,active,VALID
daniel8809@upi,cust102753,hdfc,credit_card_linked,2023-10-05,active,VALID
jason8975@upi,cust108183,hdfc,current,2025-01-25,active,VALID
terry5738@upi,cust105303,sbi,credit_card_linked,2024-09-01,active,VALID
nathan9070@upi,cust100479,hdfc,credit_card_linked,2023-09-17,active,VALID
kristy6711@upi,cust100777,pnb,savings,2025-06-08,active,VALID
albert5524@upi,cust108998,icici,current,2022-02-23,active,VALID
benjamin3971@upi,cust105818,sbi,savings,2025-01-13,active,VALID
brendan4808@upi,cust102938,pnb,savings,2024-11-07,blocked,VALID
christopher4622@upi,cust102014,kotak,savings,2025-03-19,active,VALID
laura6710@upi,cust103628,pnb,credit_card_linked,2025-01-06,active,VALID
mikayla9638@upi,cust100098,hdfc,current,2021-03-09,active,VALID
leroy6961@upi,cust104507,hdfc,current,2021-07-11,active,VALID
tyler7020@upi,cust103865,hdfc,savings,2022-04-06,active,VALID
daniel9394@upi,cust108021,sbi,savings,2023-12-27,active,VALID
kathy6740@upi,cust101399,icici,credit_card_linked,2025-05-07,active,VALID
nicholas3108@upi,cust101993,kotak,savings,2025-08-02,active,VALID
daniel8394@upi,cust100584,icici,current,2024-10-29,active,VALID
kelly8253@upi,cust101054,pnb,savings,2025-06-07,active,VALID
stephanie1510@upi,cust106862,icici,current,2025-06-22,suspended,VALID
anthony3367@upi,cust102306,sbi,current,2024-01-27,active,VALID
alexis1385@upi,cust109702,pnb,savings,2023-10-11,active,VALID
ronald9362@upi,cust107814,icici,credit_card_linked,2023-03-29,active,VALID
stacey7813@upi,cust107483,kotak,savings,2022-03-14,suspended,VALID
brenda8025@upi,cust100282,kotak,credit_card_linked,2024-12-22,active,VALID
patricia8815@upi,cust107746,hdfc,credit_card_linked,2025-01-27,active,VALID
brandon4034@upi,cust105916,kotak,savings,2024-02-11,active,VALID
stephen8048@upi,cust103183,icici,credit_card_linked,2024-11-07,active,VALID
michelle7257@upi,cust106911,hdfc,credit_card_linked,2025-04-11,active,VALID
shari9148@upi,cust109916,pnb,savings,2025-04-17,suspended,VALID
matthew4476@upi,cust104375,icici,savings,2025-02-13,active,VALID
kathleen4728@upi,cust102259,icici,current,2023-05-09,active,VALID
alicia2711@upi,cust104058,pnb,credit_card_linked,2024-08-02,active,VALID
stephen8084@upi,cust109467,hdfc,current,2022-07-31,active,VALID
monique3152@upi,cust106414,kotak,credit_card_linked,2025-06-23,active,VALID
george3970@upi,cust107952,hdfc,savings,2023-06-17,active,VALID
joseph4738@upi,cust102914,kotak,credit_card_linked,2025-03-30,active,VALID
douglas4930@upi,cust101359,sbi,current,2022-02-26,active,VALID
robert8567@upi,cust103568,kotak,savings,2025-06-14,active,VALID
brittany7156@upi,cust104102,icici,savings,2024-10-12,active,VALID
alyssa6231@upi,cust100518,sbi,current,2025-04-07,active,VALID
david6893@upi,cust102043,sbi,savings,2025-02-06,active,VALID
tracy7131@upi,cust101621,axis,savings,2025-01-31,active,VALID
james8553@upi,cust104794,sbi,credit_card_linked,2024-08-03,active,VALID
mary7009@upi,cust109574,icici,credit_card_linked,2022-11-26,active,VALID
karen4716@upi,cust105368,icici,credit_card_linked,2025-02-22,active,VALID
kristin1292@upi,cust102159,pnb,savings,2025-08-02,active,VALID
kenneth1517@upi,cust102434,kotak,credit_card_linked,2024-10-16,active,VALID
amy7921@upi,cust109231,pnb,credit_card_linked,2024-07-21,active,VALID
alexis1211@upi,cust109156,axis,current,2025-06-16,active,VALID
william4821@upi,cust105739,hdfc,credit_card_linked,2024-01-21,active,VALID
mark6975@upi,cust104606,sbi,savings,2022-11-16,active,VALID
stuart2224@upi,cust101106,pnb,savings,2025-01-13,active,VALID
ronald3583@upi,cust107665,pnb,savings,2022-05-06,active,VALID
omar8925@upi,cust102278,hdfc,credit_card_linked,2023-01-21,active,VALID
christopher7180@upi,cust100992,axis,current,2025-07-29,active,VALID
sarah8087@upi,cust103285,icici,credit_card_linked,2023-04-05,active,VALID
thomas3774@upi,cust100199,kotak,current,2025-03-01,blocked,VALID
elizabeth8159@upi,cust108569,icici,credit_card_linked,2025-01-14,active,VALID
vanessa8245@upi,cust106644,hdfc,savings,2024-09-14,active,VALID
megan9454@upi,cust101034,sbi,current,2022-11-08,active,VALID
jonathan6415@upi,cust103584,sbi,savings,2021-09-18,active,VALID
michael3016@upi,cust106040,pnb,credit_card_linked,2025-03-25,active,VALID
nicole3106@upi,cust103623,pnb,savings,2025-02-15,active,VALID
steven3376@upi,cust100407,pnb,credit_card_linked,2025-05-09,active,VALID
matthew6292@upi,cust107187,hdfc,current,2023-02-27,suspended,VALID
michael9190@upi,cust107109,hdfc,savings,2025-05-07,active,VALID
kayla8299@upi,cust102929,icici,current,2025-06-15,active,VALID
justin9664@upi,cust101145,pnb,current,2025-05-31,active,VALID
travis7890@upi,cust105336,icici,savings,2023-10-08,active,VALID
stephanie9284@upi,cust103335,kotak,savings,2025-05-27,active,VALID
anna5065@upi,cust104806,pnb,savings,2024-10-27,active,VALID
gary4355@upi,cust103760,icici,credit_card_linked,2025-05-09,active,VALID
david2891@upi,cust106553,kotak,credit_card_linked,2024-04-14,active,VALID
jeffrey3436@upi,cust104683,axis,credit_card_linked,2024-08-30,active,VALID
ashley7823@upi,cust105124,icici,savings,2024-12-29,active,VALID
dr.6555@upi,cust107553,hdfc,savings,2023-08-16,active,VALID
jamie2298@upi,cust103238,kotak,savings,2024-07-06,active,VALID
frank5005@upi,cust103211,pnb,credit_card_linked,2025-04-12,active,VALID
mark2061@upi,cust103960,pnb,savings,2023-07-17,active,VALID
ashley2648@upi,cust109053,icici,savings,2024-10-19,active,VALID
michael6469@upi,cust108936,kotak,credit_card_linked,2022-10-24,active,VALID
lisa3413@upi,cust106893,pnb,savings,2024-05-10,suspended,VALID
lisa9718@upi,cust102003,sbi,credit_card_linked,2024-06-20,active,VALID
timothy5640@upi,cust107957,icici,current,2025-01-21,active,VALID
jack6195@upi,cust105736,sbi,savings,2025-05-09,active,VALID
angie6065@upi,cust107767,icici,credit_card_linked,2025-06-23,active,VALID
yolanda4305@upi,cust109317,kotak,credit_card_linked,2024-07-05,active,VALID
patricia1122@upi,cust101880,sbi,savings,2025-07-11,active,VALID
veronica6280@upi,cust105605,kotak,savings,2025-07-26,active,VALID
joseph6292@upi,cust101863,hdfc,savings,2025-01-10,active,VALID
alexandra8197@upi,cust101927,pnb,credit_card_linked,2024-02-02,active,VALID
chelsea8852@upi,cust106293,axis,savings,2024-01-14,active,VALID
leon7347@upi,cust102406,axis,savings,2025-06-08,active,VALID
john1517@upi,cust103097,kotak,current,2025-02-24,active,VALID
hannah5060@upi,cust103012,kotak,savings,2024-04-22,active,VALID
devin2766@upi,cust103384,hdfc,current,2024-07-09,active,VALID
lisa2277@upi,cust104474,pnb,current,2021-04-20,active,VALID
crystal4733@upi,cust104143,pnb,savings,2025-02-25,active,VALID
christine8496@upi,cust107834,kotak,current,2024-11-22,active,VALID
jennifer3798@upi,cust106942,sbi,current,2025-01-02,active,VALID
antonio2105@upi,cust106286,sbi,credit_card_linked,2025-05-04,active,VALID
brandon9381@upi,cust100839,kotak,credit_card_linked,2025-01-13,active,VALID
mandy8380@upi,cust106684,sbi,savings,2024-02-29,active,VALID
jennifer4121@upi,cust100656,icici,credit_card_linked,2024-03-28,active,VALID
nicholas9747@upi,cust107410,sbi,credit_card_linked,2024-09-11,suspended,VALID
natalie2155@upi,cust107030,icici,savings,2025-07-23,active,VALID
julie2976@upi,cust102235,hdfc,current,2021-04-23,active,VALID
natasha4962@upi,cust105503,sbi,current,2025-07-29,active,VALID
heather4321@upi,cust104251,pnb,current,2025-04-26,active,VALID
justin3280@upi,cust103661,icici,credit_card_linked,2025-06-25,active,VALID
brandy1012@upi,cust104674,sbi,credit_card_linked,2024-12-28,active,VALID
mitchell6078@upi,cust107757,hdfc,credit_card_linked,2023-01-15,active,VALID
roger2845@upi,cust104517,kotak,savings,2025-02-14,active,VALID
joseph4305@upi,cust106616,sbi,savings,2024-01-07,active,VALID
kimberly4119@upi,cust106266,sbi,savings,2024-02-05,active,VALID
casey3155@upi,cust106171,hdfc,current,2025-02-14,active,VALID
pam1819@upi,cust101990,kotak,credit_card_linked,2025-07-02,active,VALID
laura7961@upi,cust108787,hdfc,credit_card_linked,2022-12-21,active,VALID
james1109@upi,cust106081,hdfc,current,2024-11-02,active,VALID
xavier4614@upi,cust109323,axis,current,2021-06-12,active,VALID
alexandra7464@upi,cust107693,axis,credit_card_linked,2024-09-18,active,VALID
kaitlin4374@upi,cust102144,icici,current,2025-07-03,active,VALID
jennifer6731@upi,cust101507,axis,credit_card_linked,2025-05-29,active,VALID
donald1477@upi,cust106410,kotak,savings,2022-10-21,active,VALID
luis3242@upi,cust108841,icici,current,2025-07-13,active,VALID
joseph6818@upi,cust108570,icici,credit_card_linked,2025-06-23,active,VALID
deborah4692@upi,cust108655,kotak,savings,2023-05-17,active,VALID
rebecca4918@upi,cust100389,pnb,current,2024-09-24,active,VALID
anthony4035@upi,cust102871,sbi,current,2025-02-27,active,VALID
julie4396@upi,cust107338,pnb,credit_card_linked,2024-12-23,active,VALID
nancy7520@upi,cust103571,icici,current,2024-06-27,active,VALID
aaron8530@upi,cust106354,hdfc,credit_card_linked,2024-09-20,active,VALID
jessica2503@upi,cust102009,sbi,savings,2024-03-20,active,VALID
jordan4023@upi,cust106350,icici,savings,2025-07-17,active,VALID
anthony4567@upi,cust100371,kotak,current,2021-05-13,active,VALID
tara9336@upi,cust108669,icici,credit_card_linked,2024-02-12,active,VALID
evan4647@upi,cust100387,pnb,current,2022-01-15,active,VALID
rick7195@upi,cust109651,pnb,credit_card_linked,2022-08-03,active,VALID
lindsay6170@upi,cust107265,sbi,credit_card_linked,2022-05-26,active,VALID
amanda1927@upi,cust102212,kotak,savings,2023-05-15,active,VALID
stephen9165@upi,cust109620,kotak,current,2023-11-14,active,VALID
brandon5025@upi,cust103010,pnb,current,2021-08-02,active,VALID
michelle4954@upi,cust100319,kotak,credit_card_linked,2025-02-10,active,VALID
tracy4559@upi,cust109297,hdfc,credit_card_linked,2023-12-17,active,VALID
taylor7596@upi,cust108374,axis,current,2025-05-16,active,VALID
john6900@upi,cust103648,icici,current,2023-09-14,active,VALID
connor6632@upi,cust105729,sbi,savings,2025-06-01,active,VALID
angela6127@upi,cust103862,icici,savings,2025-07-01,active,VALID
roy4269@upi,cust106138,axis,credit_card_linked,2025-02-23,active,VALID
jacqueline9968@upi,cust104345,kotak,current,2025-07-18,active,VALID
travis6299@upi,cust106719,pnb,current,2024-07-19,active,VALID
shane9803@upi,cust106351,kotak,current,2025-04-16,active,VALID
christian4601@upi,cust103820,axis,savings,2024-12-05,active,VALID
mark6377@upi,cust104357,sbi,savings,2025-07-31,active,VALID
joseph8135@upi,cust103930,icici,current,2022-11-05,active,VALID
heidi3177@upi,cust107424,hdfc,savings,2024-03-17,active,VALID
matthew2825@upi,cust102810,icici,savings,2025-07-22,active,VALID
jennifer9513@upi,cust105743,pnb,savings,2024-01-20,active,VALID
wyatt3905@upi,cust105118,hdfc,current,2023-11-01,active,VALID
patrick6800@upi,cust105068,kotak,current,2025-01-17,active,VALID
april9653@upi,cust106568,pnb,savings,2024-06-21,active,VALID
jacob4963@upi,cust107492,axis,credit_card_linked,2025-04-29,active,VALID
bryan9580@upi,cust100740,pnb,credit_card_linked,2024-03-13,active,VALID
jean7963@upi,cust105176,sbi,current,2025-03-21,active,VALID
elizabeth9236@upi,cust107822,axis,credit_card_linked,2024-10-10,active,VALID
michele2880@upi,cust105247,axis,savings,2024-02-20,active,VALID
patrick6286@upi,cust108607,icici,credit_card_linked,2023-09-17,blocked,VALID
don8665@upi,cust105718,hdfc,current,2022-04-23,active,VALID
luis4797@upi,cust100569,icici,savings,2023-10-24,active,VALID
elizabeth4723@upi,cust108569,axis,savings,2025-03-10,active,VALID
emily7072@upi,cust108049,kotak,savings,2025-07-18,active,VALID
anna3762@upi,cust104495,icici,savings,2023-10-30,active,VALID
stephen4692@upi,cust109789,pnb,current,2025-04-24,active,VALID
christine1764@upi,cust109515,hdfc,savings,2025-06-22,active,VALID
erika5142@upi,cust108423,icici,savings,2024-09-04,active,VALID
amy1380@upi,cust100269,hdfc,credit_card_linked,2024-03-24,active,VALID
dominic3104@upi,cust100305,icici,savings,2023-12-13,active,VALID
richard9281@upi,cust108772,hdfc,current,2025-07-07,active,VALID
cynthia5053@upi,cust104512,icici,savings,2023-12-13,active,VALID
brandy1948@upi,cust100828,axis,credit_card_linked,2025-05-27,active,VALID
stephen6676@upi,cust104608,sbi,credit_card_linked,2025-07-03,active,VALID
robert6791@upi,cust104639,kotak,credit_card_linked,2025-07-28,active,VALID
mr.5075@upi,cust105843,hdfc,savings,2021-09-26,active,VALID
nicholas1331@upi,cust104766,pnb,credit_card_linked,2025-01-08,active,VALID
erika7932@upi,cust102725,icici,savings,2025-07-11,active,VALID
stephanie8597@upi,cust107429,pnb,credit_card_linked,2025-06-23,active,VALID
jack3574@upi,cust103553,sbi,savings,2025-03-09,blocked,VALID
kaitlin6698@upi,cust102144,kotak,credit_card_linked,2025-06-29,active,VALID
michael9774@upi,cust106977,pnb,savings,2024-06-26,suspended,VALID
mary7050@upi,cust103140,pnb,credit_card_linked,2024-02-08,active,VALID
angela5795@upi,cust100843,sbi,current,2024-11-09,active,VALID
jasmine9852@upi,cust103488,kotak,credit_card_linked,2023-01-30,active,VALID
franklin8350@upi,cust100896,kotak,current,2024-03-04,active,VALID
andrew2869@upi,cust102067,hdfc,current,2023-04-09,active,VALID
kimberly5307@upi,cust100168,icici,current,2022-10-14,active,VALID
keith9245@upi,cust100186,sbi,current,2025-04-26,active,VALID
julie5356@upi,cust102113,pnb,current,2021-02-15,active,VALID
veronica8527@upi,cust109668,kotak,current,2021-09-18,active,VALID
paul4022@upi,cust103074,hdfc,credit_card_linked,2023-07-15,active,VALID
eric1686@upi,cust106545,pnb,savings,2021-09-02,active,VALID
john7599@upi,cust105475,icici,credit_card_linked,2023-12-18,active,VALID
donald6927@upi,cust106959,hdfc,current,2023-10-13,active,VALID
michelle7293@upi,cust101680,sbi,credit_card_linked,2025-02-26,active,VALID
ms.6174@upi,cust109434,hdfc,current,2024-08-14,active,VALID
phillip3761@upi,cust106847,sbi,savings,2024-09-01,active,VALID
dr.2890@upi,cust103156,axis,credit_card_linked,2025-05-28,active,VALID
micheal8695@upi,cust102528,hdfc,current,2021-12-31,active,VALID
michael8783@upi,cust100089,sbi,current,2024-07-25,active,VALID
mrs.8423@upi,cust105073,hdfc,savings,2024-03-04,active,VALID
arthur4403@upi,cust101637,pnb,credit_card_linked,2025-05-28,active,VALID
derrick4439@upi,cust100350,hdfc,savings,2022-07-05,active,VALID
derek1932@upi,cust101075,pnb,savings,2025-06-22,active,VALID
derrick2053@upi,cust106389,icici,current,2024-01-05,active,VALID
lisa5265@upi,cust108899,sbi,current,2025-05-01,active,VALID
hannah6759@upi,cust102152,pnb,current,2025-07-25,active,VALID
michelle3470@upi,cust102050,pnb,current,2021-11-21,active,VALID
ronald2522@upi,cust100808,kotak,current,2024-01-21,active,VALID
mark9618@upi,cust106025,axis,savings,2024-12-31,active,VALID
johnny6459@upi,cust107624,icici,savings,2025-07-17,active,VALID
scott5140@upi,cust105207,hdfc,credit_card_linked,2025-03-22,active,VALID
todd2842@upi,cust101770,icici,current,2023-12-30,active,VALID
jared9116@upi,cust107406,pnb,current,2024-04-02,active,VALID
jeffery8815@upi,cust107724,hdfc,savings,2025-02-07,active,VALID
susan4170@upi,cust105263,sbi,credit_card_linked,2025-02-26,active,VALID
matthew6065@upi,cust105960,axis,credit_card_linked,2023-11-25,active,VALID
lisa6834@upi,cust106422,icici,savings,2025-07-24,active,VALID
daniel6335@upi,cust104793,hdfc,current,2024-09-11,blocked,VALID
kelly9552@upi,cust103692,pnb,credit_card_linked,2024-04-11,active,VALID
alexandra7155@upi,cust109141,icici,credit_card_linked,2025-04-25,active,VALID
tanner8260@upi,cust109697,sbi,savings,2025-08-05,active,VALID
amber6437@upi,cust106985,axis,current,2023-10-08,active,VALID
ashley8955@upi,cust108063,kotak,savings,2024-03-25,active,VALID
kathy8389@upi,cust101399,pnb,current,2024-05-19,active,VALID
stephanie3055@upi,cust107429,axis,savings,2025-06-10,active,VALID
carol9930@upi,cust108680,icici,current,2023-01-05,active,VALID
terry2669@upi,cust108135,hdfc,savings,2025-07-17,active,VALID
phillip2797@upi,cust102100,icici,savings,2022-10-30,active,VALID
samantha2558@upi,cust107804,icici,current,2025-01-05,active,VALID
jenna2897@upi,cust104359,pnb,current,2025-04-30,active,VALID
brandy5088@upi,cust107657,pnb,credit_card_linked,2024-12-13,active,VALID
sierra8643@upi,cust103937,hdfc,savings,2022-04-26,suspended,VALID
carol3229@upi,cust100576,icici,credit_card_linked,2024-08-07,active,VALID
jamie3748@upi,cust106148,kotak,savings,2021-01-07,active,VALID
susan9667@upi,cust109553,sbi,savings,2022-08-13,active,VALID
nathan8136@upi,cust100479,kotak,credit_card_linked,2024-10-13,active,VALID
joseph8274@upi,cust102377,pnb,savings,2025-07-20,active,VALID
ruth7270@upi,cust109819,hdfc,credit_card_linked,2022-06-08,active,VALID
danielle1513@upi,cust107673,axis,savings,2022-10-26,active,VALID
jennifer8048@upi,cust104669,icici,savings,2023-09-20,active,VALID
elizabeth8964@upi,cust108569,axis,savings,2024-11-22,active,VALID
lisa9291@upi,cust105806,pnb,credit_card_linked,2024-01-01,active,VALID
thomas3407@upi,cust109366,sbi,current,2025-07-18,active,VALID
matthew6861@upi,cust107003,axis,savings,2024-01-17,active,VALID
stacey9918@upi,cust109782,sbi,current,2025-06-07,active,VALID
antonio9079@upi,cust104874,axis,current,2023-08-21,active,VALID
miss1408@upi,cust107659,icici,credit_card_linked,2024-04-29,active,VALID
patrick4705@upi,cust105451,sbi,savings,2024-02-13,active,VALID
ruth6655@upi,cust108901,axis,savings,2025-01-03,active,VALID
eddie8370@upi,cust101715,pnb,savings,2024-07-03,active,VALID
desiree1389@upi,cust107230,kotak,credit_card_linked,2025-06-29,active,VALID
austin5049@upi,cust109023,kotak,current,2025-04-30,suspended,VALID
charles4367@upi,cust100503,hdfc,current,2025-07-19,active,VALID
albert8203@upi,cust107467,icici,credit_card_linked,2024-05-24,active,VALID
cheyenne4627@upi,cust101013,axis,credit_card_linked,2022-08-09,suspended,VALID
tanya2003@upi,cust109100,pnb,savings,2025-06-02,active,VALID
kelsey9859@upi,cust106197,hdfc,savings,2025-02-13,active,VALID
teresa9110@upi,cust107005,sbi,credit_card_linked,2024-12-14,active,VALID
heather9801@upi,cust108207,kotak,credit_card_linked,2023-05-18,active,VALID
brenda7347@upi,cust103589,hdfc,current,2024-02-21,active,VALID
matthew9179@upi,cust102364,axis,current,2024-01-28,active,VALID
lonnie5413@upi,cust109953,icici,credit_card_linked,2023-04-25,active,VALID
michael7058@upi,cust100383,pnb,credit_card_linked,2025-03-15,active,VALID
john5274@upi,cust106358,axis,savings,2024-03-18,active,VALID
amanda3421@upi,cust102990,hdfc,current,2024-06-07,blocked,VALID
kenneth2084@upi,cust100533,kotak,current,2024-04-30,active,VALID
karen8948@upi,cust103741,icici,savings,2025-03-05,active,VALID
joseph4548@upi,cust102171,hdfc,current,2023-06-04,active,VALID
daniel5423@upi,cust100038,kotak,current,2025-03-10,active,VALID
eugene2059@upi,cust104003,pnb,savings,2023-08-06,active,VALID
daniel8941@upi,cust104398,sbi,current,2022-11-22,active,VALID
cassandra7565@upi,cust109392,icici,current,2023-12-25,active,VALID
ashley7090@upi,cust105453,icici,savings,2024-08-22,active,VALID
anthony5095@upi,cust107763,axis,current,2024-05-08,active,VALID
zachary3289@upi,cust105664,icici,credit_card_linked,2022-01-18,active,VALID
anthony4682@upi,cust107023,pnb,savings,2025-01-22,active,VALID
jeffrey9033@upi,cust104279,kotak,current,2024-05-24,active,VALID
jesse8328@upi,cust101712,icici,savings,2023-07-25,active,VALID
joseph3392@upi,cust105823,icici,savings,2024-03-03,active,VALID
shannon3111@upi,cust100981,icici,savings,2025-05-30,active,VALID
daniel5684@upi,cust105350,hdfc,credit_card_linked,2025-06-21,active,VALID
dillon3158@upi,cust102319,sbi,savings,2023-02-09,active,VALID
cassidy4445@upi,cust103317,axis,current,2022-04-09,active,VALID
melissa5676@upi,cust103998,sbi,savings,2023-12-28,active,VALID
rebecca1702@upi,cust107540,axis,current,2024-10-13,active,VALID
leslie2330@upi,cust105805,hdfc,credit_card_linked,2025-07-24,active,VALID
heather4912@upi,cust109455,kotak,current,2024-11-13,active,VALID
courtney3960@upi,cust102864,kotak,savings,2022-09-19,active,VALID
adrian3293@upi,cust102941,icici,credit_card_linked,2025-01-25,suspended,VALID
justin3627@upi,cust107588,hdfc,credit_card_linked,2024-11-23,active,VALID
sydney5062@upi,cust108759,pnb,savings,2023-04-17,active,VALID
richard4518@upi,cust109588,pnb,current,2025-06-24,active,VALID
marc5644@upi,cust104403,icici,current,2024-06-17,active,VALID
amy4831@upi,cust103525,icici,current,2025-02-05,active,VALID
nicole7954@upi,cust100177,pnb,credit_card_linked,2025-03-24,active,VALID
matthew1688@upi,cust108743,icici,credit_card_linked,2021-03-01,blocked,VALID
jeffrey7620@upi,cust101282,icici,credit_card_linked,2025-02-07,active,VALID
seth6804@upi,cust107071,kotak,current,2024-01-04,active,VALID
michelle2845@upi,cust105988,hdfc,current,2025-03-30,active,VALID
brett8470@upi,cust109857,pnb,savings,2024-10-14,active,VALID
michael4278@upi,cust109372,axis,savings,2020-12-28,active,VALID
marie3803@upi,cust105648,hdfc,current,2024-03-05,active,VALID
william9214@upi,cust109683,pnb,credit_card_linked,2025-03-11,active,VALID
robert5858@upi,cust106818,hdfc,credit_card_linked,2023-10-12,active,VALID
michelle1637@upi,cust108523,hdfc,savings,2025-05-27,active,VALID
kathleen6373@upi,cust102667,hdfc,savings,2025-05-28,active,VALID
megan8429@upi,cust108884,pnb,credit_card_linked,2023-07-23,active,VALID
stephanie5957@upi,cust103602,pnb,savings,2025-05-12,active,VALID
joshua7344@upi,cust106682,icici,current,2024-10-12,suspended,VALID
cindy2790@upi,cust100664,axis,savings,2023-03-11,blocked,VALID
charles6898@upi,cust104708,kotak,current,2022-09-06,active,VALID
jeanne8832@upi,cust108898,hdfc,credit_card_linked,2025-07-26,active,VALID
mr.7866@upi,cust109912,axis,savings,2024-06-25,active,VALID
jeremy5049@upi,cust101231,icici,current,2025-03-30,active,VALID
leah4500@upi,cust105257,axis,savings,2024-03-12,active,VALID
joshua6230@upi,cust102272,icici,current,2024-10-24,blocked,VALID
shirley8136@upi,cust100263,pnb,credit_card_linked,2024-03-16,active,VALID
lori5276@upi,cust100202,kotak,savings,2022-07-15,active,VALID
martha4178@upi,cust104941,axis,current,2025-01-20,active,VALID
steven9252@upi,cust108845,kotak,savings,2021-12-28,active,VALID
rachael7943@upi,cust101082,sbi,savings,2025-06-01,active,VALID
jeffrey2063@upi,cust104279,hdfc,credit_card_linked,2024-06-21,active,VALID
austin7033@upi,cust108945,hdfc,current,2024-12-13,active,VALID
paul7944@upi,cust103167,hdfc,credit_card_linked,2025-07-10,blocked,VALID
angela1807@upi,cust101692,icici,savings,2024-10-12,active,VALID
dana7947@upi,cust103155,sbi,credit_card_linked,2025-05-25,suspended,VALID
amanda2874@upi,cust109054,sbi,savings,2023-09-11,active,VALID
kimberly7507@upi,cust101614,hdfc,current,2023-06-27,active,VALID
howard3391@upi,cust105234,kotak,current,2025-08-01,active,VALID
scott2429@upi,cust100856,hdfc,savings,2024-09-08,active,VALID
kelsey2836@upi,cust104483,pnb,savings,2024-01-07,active,VALID
stephanie3149@upi,cust105160,hdfc,credit_card_linked,2024-04-09,active,VALID
christopher8948@upi,cust108647,axis,credit_card_linked,2024-07-13,active,VALID
haley1620@upi,cust101136,axis,savings,2023-10-30,active,VALID
kenneth3744@upi,cust104996,pnb,credit_card_linked,2023-12-31,active,VALID
scott7130@upi,cust105207,kotak,credit_card_linked,2025-04-21,active,VALID
joshua7049@upi,cust100938,kotak,credit_card_linked,2025-03-28,active,VALID
samantha9173@upi,cust104764,icici,current,2021-06-12,blocked,VALID
michael8081@upi,cust100320,icici,savings,2025-08-02,active,VALID
linda5062@upi,cust100586,kotak,current,2024-11-22,active,VALID
john9097@upi,cust103104,axis,current,2025-07-04,active,VALID
olivia4746@upi,cust106695,axis,current,2024-07-11,active,VALID
luke1041@upi,cust105955,icici,current,2024-01-13,active,VALID
jennifer6968@upi,cust105000,icici,current,2024-07-25,active,VALID
travis5288@upi,cust109216,sbi,savings,2025-07-11,active,VALID
jordan3589@upi,cust105063,sbi,savings,2023-11-10,active,VALID
karen3625@upi,cust106710,pnb,current,2023-02-04,suspended,VALID
david7013@upi,cust106429,icici,credit_card_linked,2022-05-12,suspended,VALID
kathryn9999@upi,cust104873,icici,credit_card_linked,2022-01-06,active,VALID
glenda8377@upi,cust108286,kotak,credit_card_linked,2025-06-09,active,VALID
dr.4030@upi,cust101210,icici,credit_card_linked,2022-12-01,active,VALID
karen1574@upi,cust105143,icici,current,2021-09-29,active,VALID
zachary5139@upi,cust106990,hdfc,savings,2023-07-07,active,VALID
stephanie9514@upi,cust107812,kotak,current,2024-11-05,active,VALID
cory3363@upi,cust104878,pnb,credit_card_linked,2025-03-15,active,VALID
dawn7320@upi,cust108024,icici,credit_card_linked,2025-04-13,active,VALID
joseph2893@upi,cust107569,sbi,current,2023-08-18,active,VALID
michael6221@upi,cust105298,kotak,current,2024-02-21,active,VALID
alexandra6950@upi,cust109141,axis,current,2025-08-03,active,VALID
john5168@upi,cust104527,axis,credit_card_linked,2021-12-05,active,VALID
nancy4275@upi,cust109293,pnb,savings,2025-03-23,active,VALID
matthew8978@upi,cust102643,kotak,credit_card_linked,2024-09-14,active,VALID
cathy9405@upi,cust106667,sbi,current,2024-12-02,active,VALID
jonathan2610@upi,cust107400,sbi,current,2023-07-20,active,VALID
luis9365@upi,cust108841,kotak,current,2025-04-14,active,VALID
valerie6443@upi,cust103184,pnb,credit_card_linked,2025-07-27,active,VALID
jennifer3671@upi,cust106775,hdfc,savings,2024-11-23,active,VALID
anita5290@upi,cust109489,icici,savings,2025-02-21,active,VALID
jennifer8482@upi,cust109832,hdfc,savings,2022-12-25,active,VALID
teresa4438@upi,cust107339,kotak,current,2025-04-01,active,VALID
adrian6065@upi,cust109423,icici,credit_card_linked,2024-02-19,active,VALID
kyle5879@upi,cust100988,sbi,savings,2025-04-12,active,VALID
carrie2183@upi,cust107986,hdfc,current,2025-05-26,active,VALID
anthony1668@upi,cust103209,sbi,savings,2024-12-10,active,VALID
anthony3137@upi,cust108932,pnb,savings,2025-07-29,active,VALID
adrian9555@upi,cust104386,hdfc,current,2025-04-13,suspended,VALID
eugene7311@upi,cust109075,sbi,credit_card_linked,2024-11-05,active,VALID
alexandra3373@upi,cust109141,hdfc,current,2025-07-03,active,VALID
danielle6567@upi,cust105885,axis,savings,2024-02-22,active,VALID
leah9756@upi,cust106597,pnb,savings,2022-04-27,active,VALID
brett4751@upi,cust102323,kotak,current,2025-07-25,active,VALID
cheryl9225@upi,cust109255,icici,savings,2024-11-27,active,VALID
keith9629@upi,cust104220,sbi,credit_card_linked,2023-11-07,active,VALID
andres7908@upi,cust109274,sbi,credit_card_linked,2025-06-16,active,VALID
teresa5353@upi,cust101283,axis,savings,2025-01-03,active,VALID
brett4683@upi,cust102397,kotak,current,2024-04-16,active,VALID
barbara5582@upi,cust103770,pnb,credit_card_linked,2023-04-26,blocked,VALID
tracy9389@upi,cust106751,pnb,current,2021-11-21,active,VALID
daniel9315@upi,cust105350,kotak,credit_card_linked,2025-04-03,active,VALID
kyle9418@upi,cust100964,pnb,savings,2024-12-11,active,VALID
adrian3345@upi,cust104261,axis,savings,2025-04-21,active,VALID
robert5668@upi,cust103463,pnb,credit_card_linked,2025-05-03,active,VALID
charles5271@upi,cust101594,axis,credit_card_linked,2025-06-21,active,VALID
albert2358@upi,cust108998,sbi,credit_card_linked,2021-09-30,active,VALID
vincent3234@upi,cust106331,icici,credit_card_linked,2025-07-12,active,VALID
michael9906@upi,cust105011,pnb,savings,2023-09-11,active,VALID
jonathan9514@upi,cust109554,pnb,current,2025-08-05,active,VALID
lori6147@upi,cust104700,axis,credit_card_linked,2024-10-08,active,VALID
allen7235@upi,cust104127,axis,savings,2021-10-11,active,VALID
michael3467@upi,cust100035,kotak,savings,2021-01-14,active,VALID
matthew7761@upi,cust105286,hdfc,current,2025-02-28,blocked,VALID
summer4649@upi,cust101471,icici,savings,2022-12-26,active,VALID
anthony3226@upi,cust100371,pnb,savings,2020-12-25,active,VALID
timothy6067@upi,cust103020,sbi,credit_card_linked,2024-03-12,active,VALID
ashley7717@upi,cust108277,kotak,credit_card_linked,2024-11-19,active,VALID
barbara9858@upi,cust102481,sbi,credit_card_linked,2022-08-26,active,VALID
diane5374@upi,cust107895,axis,current,2023-02-23,active,VALID
thomas1275@upi,cust101148,kotak,credit_card_linked,2025-07-12,active,VALID
sara3426@upi,cust106418,icici,credit_card_linked,2023-12-28,blocked,VALID
teresa4201@upi,cust103753,sbi,credit_card_linked,2023-06-15,active,VALID
whitney9703@upi,cust103649,axis,savings,2023-03-09,active,VALID
james6973@upi,cust102579,pnb,credit_card_linked,2022-07-23,active,VALID
devin7946@upi,cust103792,icici,savings,2023-10-29,active,VALID
lynn4289@upi,cust102328,kotak,current,2024-05-08,active,VALID
ronald9262@upi,cust102150,kotak,current,2025-03-12,active,VALID
sarah2982@upi,cust100712,sbi,credit_card_linked,2024-09-03,active,VALID
melissa1272@upi,cust105579,hdfc,credit_card_linked,2024-12-28,suspended,VALID
yesenia3896@upi,cust103389,sbi,savings,2025-07-23,active,VALID
emily9794@upi,cust106842,axis,savings,2024-10-07,active,VALID
alexander9153@upi,cust100237,kotak,savings,2024-05-27,active,VALID
jeffrey3901@upi,cust100956,pnb,current,2023-10-24,blocked,VALID
daniel7077@upi,cust106441,kotak,current,2025-01-18,active,VALID
mark5652@upi,cust103960,hdfc,credit_card_linked,2022-08-30,active,VALID
christina8192@upi,cust106220,kotak,current,2023-06-17,blocked,VALID
marcus8469@upi,cust108762,hdfc,savings,2021-12-08,active,VALID
michael6480@upi,cust106779,pnb,savings,2024-10-06,active,VALID
andrea3867@upi,cust104755,axis,current,2023-07-12,active,VALID
mrs.8758@upi,cust100622,kotak,current,2025-07-23,active,VALID
alexander3631@upi,cust103316,hdfc,current,2023-01-29,active,VALID
janet3706@upi,cust106940,hdfc,credit_card_linked,2024-04-03,active,VALID
jacqueline2991@upi,cust101364,pnb,credit_card_linked,2023-04-16,active,VALID
brandon4887@upi,cust107327,hdfc,savings,2023-04-01,active,VALID
benjamin9754@upi,cust102349,pnb,current,2024-12-11,active,VALID
katherine1114@upi,cust100715,pnb,current,2023-06-16,active,VALID
dr.1389@upi,cust105010,hdfc,current,2024-10-21,active,VALID
susan3206@upi,cust102335,icici,credit_card_linked,2025-08-05,active,VALID
heather2773@upi,cust102266,pnb,current,2024-11-11,active,VALID
alicia2271@upi,cust106590,sbi,current,2022-03-06,suspended,VALID
ashley3656@upi,cust109359,pnb,savings,2023-09-01,active,VALID
nathan5588@upi,cust107623,icici,current,2025-07-02,active,VALID
brenda6372@upi,cust100282,icici,savings,2025-08-01,blocked,VALID
victoria2765@upi,cust100417,kotak,savings,2024-08-14,active,VALID
jennifer1157@upi,cust107828,hdfc,savings,2023-07-07,active,VALID
debbie4244@upi,cust102373,axis,credit_card_linked,2025-06-27,active,VALID
jeffrey4520@upi,cust106015,pnb,credit_card_linked,2023-07-10,active,VALID
mark3478@upi,cust103954,pnb,credit_card_linked,2021-02-23,active,VALID
holly4456@upi,cust109730,pnb,savings,2021-01-27,active,VALID
dr.6225@upi,cust106509,hdfc,savings,2025-05-19,active,VALID
susan6481@upi,cust100807,icici,current,2025-05-25,active,VALID
lori1273@upi,cust104759,icici,savings,2024-11-24,active,VALID
audrey9736@upi,cust108770,icici,credit_card_linked,2025-05-26,active,VALID
sabrina5520@upi,cust108703,sbi,savings,2025-05-25,active,VALID
adam1701@upi,cust108255,kotak,savings,2025-02-08,active,VALID
jaime3084@upi,cust106820,icici,current,2023-10-31,active,VALID
lindsey6949@upi,cust108313,kotak,credit_card_linked,2025-03-19,blocked,VALID
tina9090@upi,cust103018,kotak,current,2025-02-26,active,VALID
elizabeth1232@upi,cust109894,icici,credit_card_linked,2023-05-02,active,VALID
teresa1890@upi,cust105654,pnb,current,2024-09-12,active,VALID
daniel6411@upi,cust100209,kotak,current,2024-12-23,active,VALID
alyssa5765@upi,cust102932,hdfc,savings,2024-05-07,active,VALID
patricia9003@upi,cust101074,kotak,savings,2025-07-29,active,VALID
gary7065@upi,cust104052,kotak,savings,2023-06-22,active,VALID
heidi8437@upi,cust102525,sbi,current,2024-07-17,active,VALID
cheyenne8190@upi,cust104902,pnb,current,2024-07-18,active,VALID
tyler6979@upi,cust101577,icici,current,2024-09-07,active,VALID
cole5467@upi,cust108438,pnb,current,2024-09-13,active,VALID
william9324@upi,cust101616,pnb,credit_card_linked,2025-07-25,active,VALID
alexander4116@upi,cust107754,pnb,credit_card_linked,2024-07-10,active,VALID
gregory4683@upi,cust108091,hdfc,credit_card_linked,2022-05-09,active,VALID
ryan1084@upi,cust106679,sbi,savings,2023-09-02,active,VALID
william7206@upi,cust100616,icici,savings,2025-05-25,active,VALID
eric5394@upi,cust102480,kotak,current,2022-10-11,active,VALID
betty1334@upi,cust101756,axis,credit_card_linked,2024-07-06,active,VALID
teresa2228@upi,cust109495,hdfc,savings,2024-12-09,active,VALID
joseph4618@upi,cust108894,pnb,credit_card_linked,2024-10-23,active,VALID
jennifer4674@upi,cust102041,pnb,current,2024-10-03,active,VALID
suzanne3877@upi,cust104929,kotak,current,2025-02-19,suspended,VALID
rita6539@upi,cust109592,kotak,credit_card_linked,2025-03-09,active,VALID
heather4853@upi,cust100869,axis,current,2025-04-15,active,VALID
gwendolyn5984@upi,cust106496,icici,savings,2024-08-21,active,VALID
kenneth4875@upi,cust100390,hdfc,current,2025-07-26,blocked,VALID
latoya7615@upi,cust101162,axis,credit_card_linked,2021-10-30,active,VALID
kerry7421@upi,cust103861,pnb,current,2024-12-15,active,VALID
joe7195@upi,cust105102,axis,savings,2022-08-10,active,VALID
jackie4140@upi,cust108902,kotak,credit_card_linked,2025-04-16,active,VALID
samantha9199@upi,cust109492,icici,credit_card_linked,2023-09-01,active,VALID
heather2819@upi,cust104396,pnb,credit_card_linked,2025-06-10,active,VALID
danny2517@upi,cust108465,pnb,credit_card_linked,2025-07-30,suspended,VALID
lindsay9149@upi,cust103060,icici,savings,2025-06-02,active,VALID
mark3266@upi,cust101942,icici,savings,2023-08-24,active,VALID
erika8926@upi,cust108423,kotak,current,2024-06-22,active,VALID
stephanie5879@upi,cust109938,kotak,savings,2023-09-10,blocked,VALID
mr.3995@upi,cust109781,sbi,savings,2025-05-30,active,VALID
jill8399@upi,cust102465,axis,current,2024-05-10,active,VALID
albert3744@upi,cust104640,hdfc,current,2022-01-29,active,VALID
matthew2484@upi,cust105332,axis,savings,2025-05-28,active,VALID
mrs.9610@upi,cust102960,pnb,savings,2025-06-15,suspended,VALID
robin1756@upi,cust101093,icici,credit_card_linked,2021-10-03,active,VALID
justin5836@upi,cust100391,hdfc,current,2021-04-09,active,VALID
janice6823@upi,cust101946,sbi,current,2025-04-30,active,VALID
chelsea5598@upi,cust103130,sbi,current,2022-10-11,active,VALID
mrs.3024@upi,cust104363,kotak,savings,2025-05-21,active,VALID
cindy9803@upi,cust107888,sbi,current,2024-10-11,blocked,VALID
jacob7061@upi,cust106218,sbi,current,2021-12-08,active,VALID
sherri9563@upi,cust106797,hdfc,current,2022-01-12,active,VALID
beth3349@upi,cust101084,sbi,credit_card_linked,2025-07-12,blocked,VALID
melinda7701@upi,cust101948,hdfc,credit_card_linked,2024-01-18,active,VALID
brandi7510@upi,cust102768,sbi,current,2024-10-24,active,VALID
kelli7466@upi,cust102060,axis,current,2024-12-24,active,VALID
eric1102@upi,cust104148,hdfc,credit_card_linked,2025-02-21,active,VALID
jonathan9344@upi,cust101315,pnb,current,2022-05-04,active,VALID
elizabeth9678@upi,cust101730,kotak,savings,2024-09-24,active,VALID
matthew9637@upi,cust108236,hdfc,current,2024-06-10,active,VALID
todd8055@upi,cust101202,axis,credit_card_linked,2022-05-29,blocked,VALID
reginald8775@upi,cust108728,kotak,current,2024-12-02,active,VALID
jay3301@upi,cust101402,kotak,credit_card_linked,2025-08-01,active,VALID
gregory8366@upi,cust107599,pnb,savings,2023-07-24,active,VALID
victoria4134@upi,cust102733,icici,credit_card_linked,2024-12-17,active,VALID
rachel9693@upi,cust105846,pnb,savings,2024-06-19,active,VALID
samantha4563@upi,cust104764,icici,credit_card_linked,2021-03-17,active,VALID
shawn3754@upi,cust106398,kotak,savings,2023-05-28,active,VALID
courtney2202@upi,cust103134,icici,credit_card_linked,2023-05-15,active,VALID
bryan5849@upi,cust105408,sbi,credit_card_linked,2022-08-16,active,VALID
crystal3097@upi,cust101358,kotak,current,2024-09-29,active,VALID
michele1843@upi,cust106647,axis,credit_card_linked,2025-04-01,active,VALID
jessica3518@upi,cust106812,kotak,savings,2024-08-21,active,VALID
john5318@upi,cust105959,icici,current,2025-07-11,active,VALID
joshua9473@upi,cust107706,sbi,current,2025-06-29,active,VALID
brandon9716@upi,cust101468,kotak,credit_card_linked,2024-10-04,active,VALID
joe6182@upi,cust106561,pnb,savings,2022-08-03,active,VALID
gabriel6507@upi,cust100920,hdfc,savings,2025-06-18,active,VALID
lisa5756@upi,cust103713,kotak,savings,2025-05-30,suspended,VALID
cynthia6210@upi,cust103586,pnb,current,2023-09-10,active,VALID
bryan9029@upi,cust103168,pnb,credit_card_linked,2024-11-17,active,VALID
rhonda1734@upi,cust101504,pnb,credit_card_linked,2025-03-30,active,VALID
rebecca6612@upi,cust108467,sbi,current,2021-12-10,active,VALID
dana4687@upi,cust100124,pnb,savings,2023-04-28,active,VALID
ashley8720@upi,cust103592,icici,current,2024-07-15,active,VALID
timothy4153@upi,cust104217,sbi,credit_card_linked,2025-01-26,active,VALID
jeremy6284@upi,cust109936,icici,current,2023-11-06,active,VALID
meghan2570@upi,cust106121,icici,current,2024-12-12,active,VALID
lindsay8414@upi,cust103060,pnb,savings,2024-08-09,active,VALID
thomas3752@upi,cust106680,kotak,current,2025-05-30,active,VALID
patricia4525@upi,cust103551,sbi,credit_card_linked,2025-03-31,active,VALID
kathleen4054@upi,cust102888,sbi,current,2024-06-08,active,VALID
kurt4674@upi,cust104671,kotak,savings,2025-07-01,active,VALID
maria6567@upi,cust107266,hdfc,current,2023-01-13,active,VALID
laurie9289@upi,cust106894,kotak,credit_card_linked,2022-05-16,active,VALID
julie5578@upi,cust103106,kotak,current,2024-12-23,active,VALID
nicholas1039@upi,cust109402,icici,credit_card_linked,2025-04-20,active,VALID
erika1356@upi,cust100226,sbi,current,2023-07-28,active,VALID
dylan1748@upi,cust102794,icici,savings,2024-11-19,active,VALID
scott4870@upi,cust105329,pnb,savings,2025-04-14,active,VALID
brett2882@upi,cust107142,icici,credit_card_linked,2025-08-04,active,VALID
matthew7115@upi,cust103587,icici,current,2024-10-06,active,VALID
misty3633@upi,cust102898,icici,savings,2023-03-08,active,VALID
kenneth6044@upi,cust109873,axis,credit_card_linked,2025-06-12,active,VALID
eric8857@upi,cust105940,kotak,current,2025-03-21,active,VALID
matthew1545@upi,cust108800,kotak,credit_card_linked,2024-10-07,active,VALID
christopher4053@upi,cust109412,icici,credit_card_linked,2024-11-05,active,VALID
mrs.2869@upi,cust109997,sbi,savings,2024-07-04,active,VALID
kimberly7456@upi,cust101049,pnb,credit_card_linked,2025-08-04,suspended,VALID
sarah6777@upi,cust103763,kotak,credit_card_linked,2024-01-21,blocked,VALID
eduardo7087@upi,cust101520,hdfc,current,2025-05-20,active,VALID
anna9156@upi,cust109475,icici,savings,2021-03-23,active,VALID
russell4340@upi,cust102236,pnb,credit_card_linked,2025-01-02,active,VALID
eric8832@upi,cust102877,pnb,credit_card_linked,2023-02-07,active,VALID
courtney4666@upi,cust103695,icici,current,2023-10-18,active,VALID
lisa9802@upi,cust103033,sbi,current,2025-05-11,active,VALID
christy7949@upi,cust102248,hdfc,current,2025-03-22,active,VALID
timothy4901@upi,cust107198,hdfc,savings,2025-07-22,active,VALID
richard3490@upi,cust101643,icici,savings,2024-09-08,active,VALID
michele2705@upi,cust107684,icici,current,2022-11-02,active,VALID
john3558@upi,cust104046,sbi,current,2025-05-03,active,VALID
james4428@upi,cust105352,axis,current,2023-03-31,active,VALID
christopher2564@upi,cust103280,hdfc,credit_card_linked,2023-03-21,active,VALID
paul3575@upi,cust104967,hdfc,savings,2024-05-21,active,VALID
malik7164@upi,cust106114,axis,credit_card_linked,2023-12-25,active,VALID
amanda5753@upi,cust109944,axis,credit_card_linked,2024-09-14,active,VALID
cameron8914@upi,cust109251,hdfc,current,2024-12-30,active,VALID
daniel5411@upi,cust107811,axis,savings,2025-07-27,active,VALID
rachel7309@upi,cust100775,kotak,credit_card_linked,2025-01-04,active,VALID
ronald2320@upi,cust107814,kotak,credit_card_linked,2024-03-03,active,VALID
christopher4032@upi,cust109444,axis,current,2025-06-30,active,VALID
tina1708@upi,cust101422,hdfc,savings,2023-02-03,active,VALID
john3895@upi,cust101915,kotak,credit_card_linked,2025-05-20,active,VALID
susan2276@upi,cust102534,icici,savings,2022-11-08,active,VALID
william8242@upi,cust108240,sbi,credit_card_linked,2021-12-16,active,VALID
michael2742@upi,cust109755,axis,credit_card_linked,2024-03-30,active,VALID
william5901@upi,cust103738,hdfc,savings,2024-04-14,active,VALID
maria8785@upi,cust105082,pnb,credit_card_linked,2024-11-22,active,VALID
rachel8456@upi,cust104080,axis,savings,2025-07-10,active,VALID
erica7170@upi,cust108492,axis,savings,2025-04-14,active,VALID
debra5738@upi,cust108329,pnb,credit_card_linked,2025-05-31,active,VALID
alison4026@upi,cust105297,icici,current,2025-04-23,active,VALID
dennis8562@upi,cust105733,icici,credit_card_linked,2024-01-03,active,VALID
andrew5465@upi,cust104108,axis,current,2025-05-22,active,VALID
michael9384@upi,cust108745,hdfc,savings,2023-12-20,suspended,VALID
keith8735@upi,cust104284,hdfc,credit_card_linked,2025-06-10,active,VALID
james7990@upi,cust102130,hdfc,credit_card_linked,2022-10-15,active,VALID
mrs.1854@upi,cust106225,axis,current,2024-08-19,active,VALID
jessica3663@upi,cust102009,icici,credit_card_linked,2025-03-25,active,VALID
tammy3475@upi,cust102976,sbi,current,2025-04-11,active,VALID
angela7720@upi,cust101801,sbi,credit_card_linked,2023-12-22,active,VALID
sharon6757@upi,cust101122,kotak,savings,2024-06-03,active,VALID
erik6418@upi,cust104042,sbi,credit_card_linked,2021-11-04,active,VALID
monique3240@upi,cust104920,kotak,savings,2025-04-09,active,VALID
megan8679@upi,cust104014,axis,current,2025-05-27,active,VALID
matthew8262@upi,cust104172,kotak,current,2021-10-12,active,VALID
kathy1796@upi,cust109413,hdfc,credit_card_linked,2025-08-04,active,VALID
todd1537@upi,cust108970,hdfc,current,2025-04-02,active,VALID
timothy6074@upi,cust104415,axis,credit_card_linked,2023-10-25,active,VALID
rhonda1738@upi,cust109783,kotak,savings,2025-01-29,active,VALID
crystal8886@upi,cust104410,pnb,savings,2025-07-04,active,VALID
kenneth5674@upi,cust104996,pnb,savings,2022-12-22,active,VALID
jessica3094@upi,cust102865,hdfc,savings,2022-05-29,active,VALID
kaitlyn4398@upi,cust104144,kotak,savings,2024-08-28,active,VALID
cindy3791@upi,cust109276,pnb,credit_card_linked,2024-04-20,active,VALID
michael7440@upi,cust109942,pnb,current,2025-06-13,active,VALID
david2119@upi,cust102553,kotak,current,2023-09-03,active,VALID
ricardo1940@upi,cust100322,sbi,current,2022-08-17,active,VALID
steven5505@upi,cust105990,kotak,savings,2025-02-21,active,VALID
joshua4846@upi,cust100114,hdfc,current,2024-06-06,active,VALID
david4282@upi,cust103449,pnb,current,2023-11-25,active,VALID
greg6241@upi,cust102992,sbi,current,2022-12-18,active,VALID
kimberly1288@upi,cust101029,axis,credit_card_linked,2024-04-24,active,VALID
shane7966@upi,cust100478,pnb,current,2025-06-17,suspended,VALID
samuel6288@upi,cust100601,sbi,current,2024-09-16,active,VALID
elizabeth8750@upi,cust102691,pnb,current,2023-09-26,active,VALID
ashley2390@upi,cust105145,icici,current,2024-08-17,active,VALID
stacie3171@upi,cust100481,pnb,credit_card_linked,2024-05-10,active,VALID
thomas4154@upi,cust100022,sbi,savings,2025-01-13,suspended,VALID
april2785@upi,cust106568,sbi,savings,2024-11-28,active,VALID
michele1540@upi,cust106255,sbi,current,2024-07-28,active,VALID
john7988@upi,cust109159,sbi,credit_card_linked,2023-03-31,active,VALID
michael3417@upi,cust107227,kotak,savings,2025-06-07,active,VALID
christian9534@upi,cust101474,kotak,savings,2023-12-30,active,VALID
nicholas5823@upi,cust103996,kotak,savings,2023-12-15,active,VALID
haley2292@upi,cust100002,axis,savings,2025-05-31,active,VALID
valerie7921@upi,cust104504,pnb,savings,2025-07-12,active,VALID
john6263@upi,cust105277,sbi,credit_card_linked,2025-06-01,active,VALID
matthew9904@upi,cust101844,pnb,savings,2024-01-04,active,VALID
michael3569@upi,cust109753,sbi,savings,2024-02-04,active,VALID
tracy9042@upi,cust100943,sbi,credit_card_linked,2025-03-16,active,VALID
donna9774@upi,cust102676,pnb,current,2023-08-29,active,VALID
jennifer4473@upi,cust100264,kotak,current,2025-07-22,active,VALID
alejandro1026@upi,cust109868,kotak,savings,2025-03-17,active,VALID
krista9318@upi,cust103283,icici,credit_card_linked,2025-06-23,active,VALID
mark9914@upi,cust106773,pnb,credit_card_linked,2025-03-15,active,VALID
karen7667@upi,cust105981,kotak,current,2025-07-24,active,VALID
rebecca4712@upi,cust103884,axis,current,2024-12-29,active,VALID
joan6986@upi,cust107933,sbi,credit_card_linked,2025-06-09,active,VALID
james8779@upi,cust107398,axis,current,2024-07-23,active,VALID
kimberly2871@upi,cust101059,pnb,current,2022-10-18,active,VALID
kimberly9530@upi,cust100680,pnb,savings,2022-09-26,active,VALID
leon9144@upi,cust102406,sbi,savings,2025-04-19,active,VALID
joseph6038@upi,cust102758,kotak,current,2021-12-12,active,VALID
amber7394@upi,cust106099,sbi,current,2024-01-14,active,VALID
jill9744@upi,cust108346,kotak,savings,2024-12-08,active,VALID
vincent9708@upi,cust106331,sbi,credit_card_linked,2025-06-12,active,VALID
angela7298@upi,cust103264,kotak,current,2022-05-15,active,VALID
keith3999@upi,cust107966,hdfc,credit_card_linked,2022-12-26,active,VALID
robert1558@upi,cust107206,axis,credit_card_linked,2025-06-19,active,VALID
kenneth9201@upi,cust102434,kotak,savings,2024-06-19,active,VALID
victoria3970@upi,cust108427,pnb,current,2023-10-30,active,VALID
miranda2380@upi,cust101524,sbi,credit_card_linked,2025-07-10,active,VALID
steve4504@upi,cust105144,sbi,credit_card_linked,2025-06-03,active,VALID
gloria4469@upi,cust102180,icici,current,2025-06-20,active,VALID
sarah1790@upi,cust105903,hdfc,current,2023-08-22,active,VALID
ashley6912@upi,cust101838,icici,savings,2021-11-03,active,VALID
jacob4458@upi,cust102168,sbi,credit_card_linked,2024-11-03,active,VALID
jackie3634@upi,cust105412,icici,current,2021-09-30,active,VALID
sean6692@upi,cust107755,hdfc,savings,2024-10-17,active,VALID
ronald9830@upi,cust100824,sbi,credit_card_linked,2023-06-27,active,VALID
mark5516@upi,cust103472,kotak,current,2024-01-09,active,VALID
jesse4710@upi,cust104777,hdfc,credit_card_linked,2024-08-13,active,VALID
sherri8687@upi,cust107634,sbi,credit_card_linked,2025-06-04,active,VALID
michele4768@upi,cust101182,hdfc,credit_card_linked,2023-07-20,active,VALID
james4574@upi,cust100323,axis,current,2024-11-23,active,VALID
vanessa9007@upi,cust109608,pnb,credit_card_linked,2025-05-22,active,VALID
debbie6387@upi,cust109999,hdfc,savings,2024-03-11,blocked,VALID
stacy5066@upi,cust106570,kotak,credit_card_linked,2024-06-14,active,VALID
patricia9256@upi,cust109705,hdfc,savings,2023-11-15,active,VALID
monica7222@upi,cust100486,kotak,current,2022-03-11,active,VALID
justin7161@upi,cust106279,hdfc,savings,2023-02-22,active,VALID
kari6924@upi,cust103230,icici,credit_card_linked,2021-04-04,active,VALID
marcus4434@upi,cust105975,pnb,savings,2022-09-08,active,VALID
nicholas9098@upi,cust106162,hdfc,current,2025-06-11,active,VALID
paul2248@upi,cust108844,pnb,current,2025-04-10,blocked,VALID
david5525@upi,cust109532,icici,credit_card_linked,2025-02-18,active,VALID
robert1696@upi,cust102819,icici,current,2022-11-20,active,VALID
david4803@upi,cust109966,hdfc,credit_card_linked,2025-02-25,active,VALID
patrick2754@upi,cust108075,axis,savings,2024-08-20,active,VALID
katherine1122@upi,cust109918,hdfc,credit_card_linked,2023-10-19,active,VALID
jennifer4310@upi,cust103391,kotak,savings,2022-09-24,blocked,VALID
william5130@upi,cust104323,pnb,current,2024-07-22,active,VALID
samantha7007@upi,cust109667,sbi,savings,2023-10-12,active,VALID
mario2431@upi,cust102854,kotak,current,2025-03-23,active,VALID
melvin5414@upi,cust109291,kotak,savings,2024-09-26,active,VALID
david6812@upi,cust108387,pnb,current,2023-07-26,active,VALID
james3263@upi,cust103338,sbi,current,2025-07-11,active,VALID
joseph1159@upi,cust102377,hdfc,credit_card_linked,2025-03-09,suspended,VALID
austin5829@upi,cust104374,hdfc,savings,2025-06-08,active,VALID
roger4159@upi,cust101543,pnb,savings,2025-04-20,active,VALID
rebecca6255@upi,cust103667,icici,credit_card_linked,2025-05-26,suspended,VALID
alex5568@upi,cust100592,kotak,credit_card_linked,2023-07-31,active,VALID
stacy3975@upi,cust103333,kotak,credit_card_linked,2023-05-19,active,VALID
courtney1792@upi,cust103134,sbi,credit_card_linked,2023-11-19,active,VALID
jonathan2825@upi,cust106908,icici,credit_card_linked,2024-07-14,active,VALID
caitlyn3359@upi,cust106938,kotak,savings,2024-08-19,active,VALID
ryan1808@upi,cust103403,pnb,current,2024-09-09,active,VALID
stacey2542@upi,cust107483,kotak,current,2024-08-04,active,VALID
kelsey2260@upi,cust107768,icici,current,2024-02-23,active,VALID
brittany2124@upi,cust105435,icici,credit_card_linked,2024-08-04,active,VALID
donald2040@upi,cust100565,pnb,credit_card_linked,2024-04-20,active,VALID
beverly3648@upi,cust100425,pnb,savings,2024-09-19,active,VALID
tammy8426@upi,cust106480,hdfc,current,2022-11-02,active,VALID
patty2797@upi,cust109076,hdfc,current,2021-12-04,active,VALID
cynthia2768@upi,cust104002,pnb,savings,2022-10-07,active,VALID
thomas3068@upi,cust102625,icici,credit_card_linked,2023-02-12,active,VALID
angela8148@upi,cust101208,hdfc,savings,2025-07-04,active,VALID
samantha2050@upi,cust109667,pnb,savings,2024-05-20,active,VALID
amber2707@upi,cust106206,kotak,savings,2024-03-02,active,VALID
victor5302@upi,cust109321,pnb,savings,2025-04-22,active,VALID
katelyn8968@upi,cust100054,icici,current,2023-05-25,active,VALID
garrett4153@upi,cust109647,sbi,savings,2025-03-24,active,VALID
krystal3084@upi,cust103736,kotak,current,2025-06-17,active,VALID
christy4720@upi,cust104948,axis,savings,2023-05-05,active,VALID
brittany3799@upi,cust106877,kotak,credit_card_linked,2025-06-25,active,VALID
marie7680@upi,cust109812,pnb,credit_card_linked,2023-04-27,active,VALID
linda9680@upi,cust103402,kotak,credit_card_linked,2024-08-29,active,VALID
ashley3198@upi,cust106397,pnb,credit_card_linked,2024-06-03,active,VALID
james9367@upi,cust109573,axis,credit_card_linked,2024-04-28,suspended,VALID
jacob1936@upi,cust105571,icici,credit_card_linked,2023-08-03,active,VALID
jason2250@upi,cust109021,icici,current,2025-04-07,active,VALID
mr.5985@upi,cust109781,hdfc,current,2024-08-08,active,VALID
jennifer3688@upi,cust101348,icici,credit_card_linked,2024-03-26,active,VALID
tyler5506@upi,cust109845,sbi,credit_card_linked,2022-05-18,active,VALID
marcus8190@upi,cust103307,axis,savings,2025-03-13,active,VALID
carla1567@upi,cust109502,sbi,current,2025-03-25,blocked,VALID
lydia2192@upi,cust107348,hdfc,credit_card_linked,2025-08-01,active,VALID
andrea8160@upi,cust101382,axis,current,2025-01-28,active,VALID
jay7391@upi,cust109362,pnb,savings,2022-12-13,active,VALID
michael4961@upi,cust106659,axis,savings,2023-08-16,active,VALID
jeffrey7426@upi,cust107601,icici,current,2025-01-07,active,VALID
michael7897@upi,cust107219,kotak,current,2024-05-21,active,VALID
megan8421@upi,cust109254,hdfc,current,2025-06-13,active,VALID
terry9034@upi,cust104666,sbi,current,2025-06-27,active,VALID
megan8770@upi,cust107745,icici,current,2024-08-29,active,VALID
tiffany9119@upi,cust106158,icici,savings,2025-02-23,active,VALID
christine1947@upi,cust106649,kotak,savings,2025-07-19,active,VALID
monica6847@upi,cust108708,pnb,savings,2025-05-10,blocked,VALID
stephanie7778@upi,cust109721,kotak,current,2024-02-08,active,VALID
desiree4030@upi,cust107230,icici,savings,2025-07-21,active,VALID
michael3096@upi,cust109942,pnb,credit_card_linked,2022-08-27,active,VALID
paige7409@upi,cust101403,axis,credit_card_linked,2025-01-14,active,VALID
eric9820@upi,cust106477,sbi,credit_card_linked,2025-08-03,active,VALID
jennifer5762@upi,cust101763,axis,current,2025-06-13,active,VALID
james3375@upi,cust109531,sbi,current,2025-06-27,active,VALID
lucas9435@upi,cust100432,pnb,current,2024-11-12,active,VALID
matthew2417@upi,cust104362,pnb,savings,2024-12-06,active,VALID
hector5154@upi,cust101562,sbi,savings,2024-10-05,active,VALID
mark4829@upi,cust100079,axis,credit_card_linked,2025-06-11,active,VALID
ashley4137@upi,cust100362,axis,credit_card_linked,2022-12-28,active,VALID
thomas8158@upi,cust100946,icici,current,2022-06-04,active,VALID
emma5312@upi,cust103733,icici,credit_card_linked,2022-03-05,active,VALID
tyler7863@upi,cust108517,hdfc,credit_card_linked,2022-07-05,active,VALID
david7665@upi,cust103787,kotak,current,2025-04-26,active,VALID
maureen7762@upi,cust107645,axis,savings,2024-10-28,active,VALID
isaac1099@upi,cust109711,kotak,savings,2024-01-19,active,VALID
anne4448@upi,cust109461,hdfc,current,2023-09-03,active,VALID
john4572@upi,cust109822,icici,current,2022-04-13,active,VALID
james9750@upi,cust101759,kotak,credit_card_linked,2023-09-07,active,VALID
debra7574@upi,cust105702,pnb,credit_card_linked,2025-06-29,active,VALID
jennifer6674@upi,cust107879,icici,current,2024-07-30,active,VALID
allison9617@upi,cust106848,sbi,savings,2023-05-12,active,VALID
mr.9194@upi,cust106374,axis,savings,2023-01-06,active,VALID
roger3171@upi,cust104517,kotak,savings,2024-07-09,active,VALID
lindsey6821@upi,cust106064,hdfc,credit_card_linked,2021-08-18,active,VALID
joshua3449@upi,cust103254,kotak,savings,2024-10-26,active,VALID
jonathan6188@upi,cust105964,pnb,current,2025-06-21,active,VALID
alexandra1667@upi,cust105896,hdfc,savings,2025-06-22,active,VALID
jerome7878@upi,cust104524,hdfc,credit_card_linked,2025-02-19,active,VALID
thomas1986@upi,cust100199,sbi,savings,2025-05-09,active,VALID
kelsey9422@upi,cust107570,axis,current,2025-06-26,active,VALID
kim4449@upi,cust109375,axis,credit_card_linked,2024-02-12,active,VALID
brian7325@upi,cust107365,icici,savings,2025-03-17,active,VALID
michael2353@upi,cust108633,sbi,credit_card_linked,2023-11-25,blocked,VALID
brian9110@upi,cust104075,icici,savings,2025-03-14,active,VALID
megan6124@upi,cust107020,hdfc,savings,2023-10-30,active,VALID
susan6562@upi,cust102689,sbi,savings,2023-11-01,active,VALID
ellen8934@upi,cust102835,pnb,credit_card_linked,2025-03-17,active,VALID
pamela8876@upi,cust108145,kotak,savings,2024-11-07,active,VALID
david6858@upi,cust109966,icici,credit_card_linked,2025-07-26,active,VALID
kimberly9392@upi,cust108111,axis,current,2023-04-01,active,VALID
melanie4288@upi,cust108682,hdfc,credit_card_linked,2024-12-22,active,VALID
natalie5246@upi,cust104184,axis,savings,2024-07-29,active,VALID
amy5445@upi,cust100174,axis,current,2023-03-17,active,VALID
tara4606@upi,cust109306,icici,current,2024-09-02,active,VALID
mr.8017@upi,cust103114,pnb,current,2024-05-11,active,VALID
tracy4909@upi,cust105192,axis,credit_card_linked,2024-05-02,blocked,VALID
chase8666@upi,cust100201,axis,current,2024-10-08,active,VALID
donna1187@upi,cust102965,icici,credit_card_linked,2025-05-24,active,VALID
mark5193@upi,cust103073,pnb,current,2025-03-10,active,VALID
danielle3004@upi,cust102966,sbi,credit_card_linked,2023-09-06,active,VALID
laurie8534@upi,cust100289,icici,savings,2023-02-27,active,VALID
jeremy9084@upi,cust106472,icici,current,2025-04-09,active,VALID
edward8403@upi,cust103024,axis,credit_card_linked,2025-06-25,active,VALID
dustin2863@upi,cust103689,sbi,credit_card_linked,2025-04-06,active,VALID
mrs.6887@upi,cust105502,axis,savings,2024-03-11,active,VALID
christopher5845@upi,cust101277,axis,credit_card_linked,2025-01-09,active,VALID
donald8368@upi,cust106959,pnb,current,2024-03-19,active,VALID
mr.6648@upi,cust103830,axis,savings,2025-08-01,suspended,VALID
scott8220@upi,cust100627,kotak,credit_card_linked,2024-02-02,suspended,VALID
christopher5712@upi,cust109444,sbi,savings,2025-05-03,active,VALID
william6377@upi,cust104970,hdfc,credit_card_linked,2023-06-07,active,VALID
jacob1377@upi,cust101689,axis,current,2024-01-12,active,VALID
caitlin4324@upi,cust108968,hdfc,savings,2025-05-31,active,VALID
laura6767@upi,cust100852,pnb,credit_card_linked,2025-03-03,active,VALID
james6476@upi,cust108038,kotak,current,2025-04-14,active,VALID
jorge5878@upi,cust106161,kotak,current,2025-05-27,active,VALID
heather5295@upi,cust101505,icici,current,2023-01-14,active,VALID
tara3719@upi,cust109057,axis,savings,2024-09-16,active,VALID
linda5253@upi,cust102103,pnb,savings,2024-02-09,active,VALID
kristina5520@upi,cust102188,icici,savings,2022-03-31,active,VALID
morgan4035@upi,cust105024,kotak,credit_card_linked,2025-04-02,active,VALID
robert9087@upi,cust101650,kotak,savings,2025-03-21,active,VALID
james6662@upi,cust105035,hdfc,credit_card_linked,2025-05-15,active,VALID
bridget1044@upi,cust104822,sbi,credit_card_linked,2024-03-07,active,VALID
debbie9005@upi,cust103818,sbi,savings,2021-10-17,active,VALID
mark9314@upi,cust107637,kotak,savings,2024-02-15,active,VALID
mark9389@upi,cust104606,hdfc,savings,2024-05-02,active,VALID
cynthia9909@upi,cust103586,kotak,savings,2022-12-24,active,VALID
tracy3394@upi,cust104092,icici,savings,2022-12-05,active,VALID
mrs.2816@upi,cust105219,hdfc,current,2024-10-28,active,VALID
nicholas8702@upi,cust108946,axis,savings,2023-09-21,active,VALID
jacqueline1176@upi,cust100428,axis,credit_card_linked,2021-04-30,active,VALID
harold5381@upi,cust103434,pnb,current,2024-05-07,active,VALID
katie6142@upi,cust106435,axis,current,2021-02-19,active,VALID
brenda9094@upi,cust100904,icici,current,2023-08-01,active,VALID
joseph7017@upi,cust106755,icici,credit_card_linked,2022-11-11,active,VALID
joseph7023@upi,cust106663,icici,current,2023-08-10,active,VALID
kathryn1668@upi,cust104487,icici,credit_card_linked,2023-09-26,active,VALID
elizabeth2683@upi,cust107422,hdfc,credit_card_linked,2024-04-06,active,VALID
matthew5804@upi,cust101276,icici,savings,2024-11-23,suspended,VALID
katherine5816@upi,cust108691,axis,credit_card_linked,2024-02-23,active,VALID
melissa2971@upi,cust108600,axis,credit_card_linked,2025-06-05,active,VALID
loretta1033@upi,cust105309,icici,credit_card_linked,2023-07-20,active,VALID
elizabeth8901@upi,cust102795,sbi,credit_card_linked,2024-07-07,active,VALID
jessica1029@upi,cust106812,axis,savings,2024-09-12,active,VALID
gary1323@upi,cust106560,pnb,current,2025-01-31,active,VALID
mary7408@upi,cust106536,icici,savings,2023-12-05,suspended,VALID
blake6010@upi,cust109727,icici,credit_card_linked,2024-08-29,active,VALID
charlotte2070@upi,cust104863,kotak,savings,2024-01-24,active,VALID
philip2320@upi,cust109586,sbi,savings,2022-12-26,active,VALID
marisa7503@upi,cust101488,hdfc,current,2025-07-07,active,VALID
david6819@upi,cust104039,icici,savings,2024-09-09,active,VALID
kimberly9588@upi,cust101813,icici,current,2025-03-13,active,VALID
mario7558@upi,cust106552,icici,credit_card_linked,2023-08-06,active,VALID
victoria5195@upi,cust108427,axis,current,2021-07-09,active,VALID
tonya2177@upi,cust107979,hdfc,savings,2024-11-05,active,VALID
eric3130@upi,cust102973,sbi,savings,2024-03-24,active,VALID
tony9909@upi,cust103696,icici,credit_card_linked,2023-08-09,blocked,VALID
david4141@upi,cust105066,pnb,savings,2025-01-24,active,VALID
derrick8717@upi,cust106578,hdfc,savings,2025-03-20,active,VALID
eric7539@upi,cust105752,axis,credit_card_linked,2023-08-24,active,VALID
morgan2987@upi,cust104327,kotak,savings,2024-01-30,active,VALID
sean8350@upi,cust101188,sbi,credit_card_linked,2025-06-17,active,VALID
joel9691@upi,cust102001,sbi,current,2022-07-02,active,VALID
phillip2789@upi,cust107964,hdfc,savings,2024-09-12,blocked,VALID
andrew9011@upi,cust104223,icici,credit_card_linked,2023-04-02,active,VALID
katie6286@upi,cust104815,icici,current,2025-03-10,active,VALID
wanda5926@upi,cust100218,kotak,savings,2021-11-12,active,VALID
heather9632@upi,cust106858,axis,credit_card_linked,2024-05-17,active,VALID
cynthia3613@upi,cust104002,hdfc,credit_card_linked,2025-06-17,active,VALID
malik5452@upi,cust106114,sbi,savings,2022-02-19,active,VALID
nancy5945@upi,cust101691,icici,current,2025-01-19,active,VALID
joseph6960@upi,cust101297,axis,current,2020-10-19,active,VALID
austin6251@upi,cust101871,sbi,savings,2025-07-16,active,VALID
david8783@upi,cust102844,axis,savings,2025-07-03,active,VALID
shannon6809@upi,cust107002,pnb,credit_card_linked,2021-05-22,active,VALID
john4673@upi,cust103104,icici,current,2024-11-18,active,VALID
jeremiah5741@upi,cust101905,sbi,current,2022-10-02,active,VALID
maria5361@upi,cust109520,sbi,current,2025-07-22,active,VALID
victoria6397@upi,cust101596,sbi,credit_card_linked,2025-06-20,active,VALID
david1456@upi,cust108699,axis,credit_card_linked,2023-01-01,active,VALID
hector4527@upi,cust109567,kotak,savings,2024-09-03,active,VALID
monique1681@upi,cust106050,sbi,current,2025-03-15,active,VALID
madeline4366@upi,cust109589,hdfc,current,2025-01-04,active,VALID
robert8222@upi,cust104392,axis,savings,2024-09-03,active,VALID
christopher5410@upi,cust103633,icici,savings,2024-03-05,active,VALID
james6636@upi,cust105015,axis,savings,2025-01-22,active,VALID
danielle9905@upi,cust102510,icici,current,2025-05-21,active,VALID
michael9453@upi,cust102194,sbi,savings,2023-05-22,active,VALID
michael7732@upi,cust107972,kotak,savings,2025-03-04,active,VALID
cassandra2855@upi,cust109392,hdfc,credit_card_linked,2023-08-19,active,VALID
steven1959@upi,cust100243,sbi,current,2023-10-03,active,VALID
andrea2327@upi,cust107058,kotak,credit_card_linked,2024-07-16,active,VALID
andrea9248@upi,cust106601,hdfc,credit_card_linked,2024-04-05,active,VALID
james1755@upi,cust103031,icici,current,2025-03-10,active,VALID
jeremy2170@upi,cust107628,kotak,credit_card_linked,2025-02-01,active,VALID
yolanda8868@upi,cust100958,axis,credit_card_linked,2025-06-20,active,VALID
kelly9797@upi,cust103683,axis,credit_card_linked,2023-02-04,active,VALID
victoria2392@upi,cust106036,icici,current,2025-06-12,active,VALID
margaret7475@upi,cust106884,sbi,credit_card_linked,2024-06-13,active,VALID
erica6816@upi,cust108439,hdfc,savings,2024-12-25,active,VALID
terry5836@upi,cust109734,axis,credit_card_linked,2024-09-10,active,VALID
antonio9983@upi,cust104874,pnb,credit_card_linked,2024-05-29,active,VALID
joshua2064@upi,cust106318,axis,credit_card_linked,2023-01-02,active,VALID
billy9457@upi,cust102939,sbi,credit_card_linked,2025-07-21,active,VALID
dawn5459@upi,cust101784,sbi,current,2023-04-16,active,VALID
tanya7938@upi,cust101771,pnb,credit_card_linked,2023-03-06,active,VALID
michael6552@upi,cust103331,sbi,credit_card_linked,2023-07-30,active,VALID
ashley9621@upi,cust109359,pnb,savings,2025-04-23,active,VALID
david7753@upi,cust106169,hdfc,savings,2022-09-02,active,VALID
brett3082@upi,cust106053,kotak,current,2025-07-18,active,VALID
jose2696@upi,cust109521,hdfc,savings,2025-05-25,active,VALID
jeffrey1762@upi,cust103653,icici,current,2025-04-13,active,VALID
jason4884@upi,cust104849,pnb,savings,2023-09-09,active,VALID
jason5740@upi,cust107524,axis,current,2024-05-22,active,VALID
stephanie4710@upi,cust103469,kotak,credit_card_linked,2025-07-16,active,VALID
samantha2782@upi,cust107114,icici,credit_card_linked,2025-02-16,suspended,VALID
joe4879@upi,cust104295,icici,current,2025-07-28,active,VALID
teresa3717@upi,cust107591,icici,savings,2024-03-18,active,VALID
maria7953@upi,cust105383,hdfc,current,2025-07-18,active,VALID
mark9998@upi,cust107730,kotak,credit_card_linked,2022-06-18,active,VALID
michelle1940@upi,cust103165,icici,credit_card_linked,2025-04-03,active,VALID
bob3250@upi,cust109345,hdfc,current,2024-09-23,active,VALID
william7664@upi,cust109356,pnb,savings,2025-06-01,active,VALID
denise4186@upi,cust107772,axis,current,2025-01-06,active,VALID
taylor1757@upi,cust102624,kotak,credit_card_linked,2022-08-14,active,VALID
paul8572@upi,cust104103,sbi,credit_card_linked,2025-01-20,active,VALID
jennifer9184@upi,cust101348,sbi,credit_card_linked,2024-01-05,active,VALID
elizabeth4224@upi,cust108944,sbi,current,2025-08-05,active,VALID
jeremy3020@upi,cust108130,axis,current,2024-08-08,active,VALID
joy6215@upi,cust106296,icici,savings,2025-03-21,blocked,VALID
nathaniel5477@upi,cust100332,icici,current,2025-02-07,active,VALID
colleen7635@upi,cust101342,kotak,savings,2025-05-21,active,VALID
shannon7249@upi,cust101394,kotak,credit_card_linked,2024-02-21,active,VALID
nicole1431@upi,cust106899,kotak,savings,2023-02-23,active,VALID
david3308@upi,cust106198,kotak,credit_card_linked,2025-01-18,active,VALID
brenda6670@upi,cust104603,axis,current,2023-04-20,suspended,VALID
nicole1750@upi,cust100227,pnb,savings,2024-01-15,active,VALID
claudia8856@upi,cust101116,sbi,current,2025-04-01,active,VALID
nicole7032@upi,cust105777,axis,credit_card_linked,2022-02-16,active,VALID
angela6171@upi,cust108048,icici,savings,2025-03-19,active,VALID
kenneth3834@upi,cust100348,icici,savings,2025-02-14,active,VALID
rebecca7109@upi,cust103884,hdfc,savings,2023-09-04,active,VALID
stephen9623@upi,cust104767,pnb,current,2024-05-21,active,VALID
cody8425@upi,cust100683,hdfc,credit_card_linked,2025-07-01,active,VALID
eric2882@upi,cust109400,hdfc,savings,2025-01-05,active,VALID
robert4590@upi,cust102164,pnb,credit_card_linked,2023-01-20,active,VALID
kenneth5750@upi,cust109591,hdfc,current,2024-07-22,active,VALID
samuel6880@upi,cust101696,axis,credit_card_linked,2023-04-05,active,VALID
jonathon3281@upi,cust102759,kotak,credit_card_linked,2025-02-10,active,VALID
nina6383@upi,cust102256,icici,savings,2021-09-23,active,VALID
robert7129@upi,cust104055,icici,credit_card_linked,2025-04-17,suspended,VALID
jacob6699@upi,cust108215,pnb,credit_card_linked,2025-07-09,active,VALID
diana6722@upi,cust105488,icici,credit_card_linked,2022-05-30,active,VALID
ashley2249@upi,cust106661,axis,current,2025-07-23,active,VALID
patrick6949@upi,cust107995,icici,savings,2024-05-07,active,VALID
joseph7019@upi,cust101630,hdfc,current,2024-11-12,active,VALID
carl7655@upi,cust101354,icici,credit_card_linked,2023-02-09,active,VALID
dr.7983@upi,cust108373,kotak,savings,2024-10-24,active,VALID
matthew1677@upi,cust107119,kotak,current,2025-04-08,active,VALID
tyler6727@upi,cust109220,hdfc,credit_card_linked,2023-11-03,active,VALID
meghan3257@upi,cust103059,icici,current,2023-06-20,active,VALID
jeffrey3574@upi,cust109878,pnb,savings,2021-12-20,active,VALID
kaitlyn7762@upi,cust104144,sbi,savings,2024-07-20,active,VALID
mr.7658@upi,cust102470,kotak,current,2024-04-03,active,VALID
bryan5542@upi,cust108338,sbi,savings,2025-07-07,active,VALID
taylor6973@upi,cust103448,sbi,credit_card_linked,2025-05-16,active,VALID
eric4587@upi,cust105354,icici,savings,2022-08-30,active,VALID
jay8316@upi,cust103029,pnb,current,2025-07-25,active,VALID
brandon6597@upi,cust100838,kotak,current,2022-10-10,active,VALID
amanda6702@upi,cust105800,kotak,credit_card_linked,2023-02-10,active,VALID
robert1556@upi,cust100829,axis,current,2025-03-12,active,VALID
lori2990@upi,cust104592,icici,current,2023-01-13,active,VALID
adam2386@upi,cust106281,hdfc,credit_card_linked,2021-07-08,blocked,VALID
danny6638@upi,cust101091,kotak,current,2024-05-19,active,VALID
derek3672@upi,cust101595,hdfc,savings,2024-01-01,suspended,VALID
zachary6443@upi,cust107423,sbi,credit_card_linked,2024-02-04,active,VALID
gary5901@upi,cust106560,axis,savings,2025-07-14,active,VALID
patricia8878@upi,cust104668,hdfc,credit_card_linked,2024-12-04,active,VALID
matthew3217@upi,cust104372,axis,credit_card_linked,2023-09-26,active,VALID
brandon5194@upi,cust100948,axis,credit_card_linked,2023-04-30,active,VALID
michelle4428@upi,cust105023,hdfc,current,2025-07-22,active,VALID
christopher6646@upi,cust102019,pnb,savings,2025-04-26,active,VALID
terry1843@upi,cust109932,axis,savings,2022-07-27,active,VALID
michelle4601@upi,cust101464,axis,credit_card_linked,2024-11-26,active,VALID
kevin2606@upi,cust109206,kotak,current,2023-04-14,active,VALID
alyssa3873@upi,cust100518,axis,current,2025-07-04,active,VALID
mario2413@upi,cust106552,axis,savings,2021-10-22,active,VALID
mckenzie1824@upi,cust100136,sbi,current,2022-10-06,active,VALID
sarah2074@upi,cust103621,axis,savings,2025-06-20,active,VALID
johnny3234@upi,cust105618,pnb,current,2023-10-25,active,VALID
melissa3977@upi,cust105187,kotak,current,2023-08-02,active,VALID
stacy1444@upi,cust103333,hdfc,current,2024-07-18,active,VALID
anita5241@upi,cust105162,axis,current,2023-09-24,active,VALID
gary8994@upi,cust100954,axis,savings,2024-12-12,active,VALID
amanda1005@upi,cust100242,sbi,current,2022-03-11,active,VALID
brenda1201@upi,cust100259,hdfc,credit_card_linked,2024-07-21,active,VALID
ms.8351@upi,cust102128,sbi,credit_card_linked,2023-11-07,active,VALID
tyler8625@upi,cust105936,icici,savings,2025-06-04,active,VALID
cole1437@upi,cust109074,pnb,credit_card_linked,2025-05-31,active,VALID
kenneth4016@upi,cust100533,hdfc,savings,2024-02-11,active,VALID
monica6146@upi,cust104225,pnb,current,2025-03-04,active,VALID
heather8827@upi,cust104396,pnb,savings,2025-03-09,active,VALID
sharon6920@upi,cust108833,pnb,credit_card_linked,2024-06-11,active,VALID
brandon8018@upi,cust108780,pnb,current,2021-12-10,active,VALID
cynthia5948@upi,cust104512,pnb,credit_card_linked,2024-04-29,active,VALID
james8386@upi,cust100514,axis,credit_card_linked,2024-12-23,blocked,VALID
nicholas9606@upi,cust102682,icici,current,2025-06-14,active,VALID
jessica9301@upi,cust107538,hdfc,current,2024-02-26,active,VALID
angela7518@upi,cust100667,pnb,credit_card_linked,2025-04-03,active,VALID
amy6689@upi,cust107069,pnb,savings,2025-02-05,active,VALID
shari8998@upi,cust109916,axis,current,2022-09-07,active,VALID
tiffany9897@upi,cust106158,sbi,savings,2025-02-25,active,VALID
brooke4176@upi,cust105645,pnb,savings,2025-05-23,active,VALID
joseph8414@upi,cust109133,axis,savings,2024-01-23,active,VALID
juan1298@upi,cust100109,icici,current,2023-07-08,active,VALID
alyssa4048@upi,cust100518,pnb,credit_card_linked,2025-02-03,active,VALID
janet5439@upi,cust108153,pnb,current,2024-10-21,active,VALID
dennis6304@upi,cust102032,pnb,credit_card_linked,2025-01-12,active,VALID
ashley4231@upi,cust109287,axis,current,2022-11-06,active,VALID
michelle9162@upi,cust105262,icici,current,2024-04-06,active,VALID
clarence4252@upi,cust104189,sbi,credit_card_linked,2025-06-10,active,VALID
andrew6860@upi,cust100970,icici,savings,2024-05-13,active,VALID
julie6141@upi,cust102630,pnb,current,2023-10-01,active,VALID
annette5624@upi,cust101843,pnb,savings,2024-12-21,active,VALID
nicole2908@upi,cust101096,kotak,credit_card_linked,2021-07-17,active,VALID
michelle6396@upi,cust109394,icici,current,2025-04-05,active,VALID
john4890@upi,cust104354,hdfc,credit_card_linked,2025-08-01,suspended,VALID
anna6395@upi,cust103528,hdfc,credit_card_linked,2022-11-27,active,VALID
robin4573@upi,cust109137,hdfc,current,2023-05-19,active,VALID
patrick8547@upi,cust103288,hdfc,current,2024-04-24,active,VALID
anita3620@upi,cust104867,icici,savings,2023-05-18,active,VALID
casey6794@upi,cust107073,pnb,savings,2025-06-25,active,VALID
rhonda9336@upi,cust108586,sbi,current,2025-07-25,active,VALID
christine6427@upi,cust106649,hdfc,savings,2025-07-18,suspended,VALID
susan9788@upi,cust108928,axis,savings,2022-03-12,active,VALID
bryan6739@upi,cust101925,hdfc,current,2024-09-09,blocked,VALID
tara6417@upi,cust106321,pnb,current,2023-05-30,active,VALID
james5860@upi,cust103881,hdfc,savings,2024-09-18,active,VALID
anthony9433@upi,cust108932,kotak,savings,2025-04-13,active,VALID
corey7144@upi,cust104489,kotak,current,2022-11-07,active,VALID
taylor9457@upi,cust102229,hdfc,savings,2025-07-21,active,VALID
tracy6513@upi,cust102283,pnb,current,2024-09-24,active,VALID
tyler8196@upi,cust104449,pnb,savings,2024-08-07,active,VALID
christina5726@upi,cust107239,pnb,current,2022-10-03,active,VALID
justin4011@upi,cust108227,hdfc,current,2024-05-20,active,VALID
tanner1687@upi,cust104599,hdfc,credit_card_linked,2024-02-06,active,VALID
cynthia8700@upi,cust104678,hdfc,current,2025-02-13,active,VALID
ashley6085@upi,cust103892,pnb,savings,2025-03-30,active,VALID
daniel4066@upi,cust102384,pnb,savings,2025-02-09,active,VALID
justin4430@upi,cust107703,icici,credit_card_linked,2023-07-01,active,VALID
linda5262@upi,cust108706,sbi,credit_card_linked,2025-07-16,active,VALID
brian4004@upi,cust103810,icici,credit_card_linked,2022-03-13,active,VALID
james4582@upi,cust102761,kotak,savings,2024-05-04,active,VALID
erik7310@upi,cust100495,kotak,current,2024-12-05,active,VALID
crystal2020@upi,cust100847,sbi,current,2023-10-18,active,VALID
cheyenne2386@upi,cust101013,icici,current,2021-09-17,active,VALID
mary7541@upi,cust100940,icici,savings,2024-08-08,active,VALID
mario2350@upi,cust101831,pnb,credit_card_linked,2024-07-18,active,VALID
jeffrey2497@upi,cust106015,kotak,savings,2023-07-04,active,VALID
jose7104@upi,cust108352,kotak,savings,2025-05-06,active,VALID
erika8369@upi,cust102725,kotak,credit_card_linked,2023-12-19,active,VALID
nancy2879@upi,cust105346,icici,savings,2025-02-18,active,VALID
heather8904@upi,cust102541,sbi,credit_card_linked,2024-11-09,active,VALID
christopher4548@upi,cust100169,pnb,current,2025-07-14,active,VALID
monica2741@upi,cust103893,icici,current,2023-02-17,active,VALID
jonathan9545@upi,cust106498,axis,savings,2025-03-04,blocked,VALID
rebecca7372@upi,cust106071,kotak,current,2025-02-22,active,VALID
katie1817@upi,cust102333,sbi,credit_card_linked,2023-09-17,active,VALID
melanie5591@upi,cust101611,hdfc,savings,2024-11-23,active,VALID
laura4688@upi,cust103628,icici,credit_card_linked,2021-09-12,active,VALID
diana3188@upi,cust105058,icici,credit_card_linked,2024-11-17,active,VALID
brandon2379@upi,cust109796,pnb,credit_card_linked,2024-11-15,blocked,VALID
jose7977@upi,cust101480,axis,savings,2023-08-17,active,VALID
charles5148@upi,cust102535,hdfc,credit_card_linked,2025-04-16,active,VALID
richard2861@upi,cust102155,pnb,credit_card_linked,2022-10-08,active,VALID
debra2884@upi,cust106573,hdfc,current,2021-04-28,active,VALID
daniel2888@upi,cust107958,sbi,savings,2023-01-10,active,VALID
carlos4384@upi,cust104781,pnb,credit_card_linked,2025-03-22,active,VALID
jennifer3116@upi,cust102896,pnb,current,2023-05-28,active,VALID
stacey6431@upi,cust108781,icici,savings,2025-05-12,active,VALID
geoffrey5807@upi,cust105735,icici,savings,2025-06-14,active,VALID
jonathan9971@upi,cust108276,kotak,savings,2023-03-12,suspended,VALID
donna3345@upi,cust103856,sbi,current,2024-05-09,blocked,VALID
anna6571@upi,cust109385,sbi,savings,2025-03-13,active,VALID
kimberly8968@upi,cust107590,kotak,current,2025-07-08,active,VALID
amanda5386@upi,cust102443,sbi,credit_card_linked,2025-02-09,active,VALID
katherine9793@upi,cust104572,icici,credit_card_linked,2024-01-26,active,VALID
amanda1652@upi,cust108637,sbi,current,2021-08-15,active,VALID
alice4897@upi,cust105869,pnb,current,2023-05-15,active,VALID
rita1262@upi,cust107433,kotak,credit_card_linked,2024-01-03,active,VALID
ralph5506@upi,cust107415,kotak,credit_card_linked,2025-04-21,active,VALID
michael6318@upi,cust102537,icici,current,2023-03-28,active,VALID
lisa8261@upi,cust100749,icici,credit_card_linked,2022-03-03,active,VALID
kelly1388@upi,cust106804,hdfc,current,2023-05-15,active,VALID
karen3160@upi,cust101233,icici,savings,2023-02-11,suspended,VALID
darren1054@upi,cust106791,icici,current,2023-07-22,active,VALID
zachary3609@upi,cust103053,pnb,current,2024-11-29,active,VALID
taylor4115@upi,cust100121,hdfc,credit_card_linked,2025-06-23,active,VALID
kyle1743@upi,cust107953,hdfc,credit_card_linked,2022-01-30,active,VALID
kelly3505@upi,cust105709,pnb,credit_card_linked,2025-01-25,active,VALID
kyle7040@upi,cust102843,icici,credit_card_linked,2025-07-17,active,VALID
brenda3355@upi,cust107293,kotak,savings,2024-09-11,active,VALID
william9456@upi,cust103350,kotak,savings,2024-01-05,active,VALID
destiny7970@upi,cust109602,icici,savings,2024-09-11,active,VALID
daniel1420@upi,cust106365,icici,credit_card_linked,2021-11-08,active,VALID
john4282@upi,cust100196,axis,current,2025-05-27,active,VALID
john1182@upi,cust108812,kotak,current,2023-02-03,active,VALID
christine1562@upi,cust106143,hdfc,credit_card_linked,2025-04-09,active,VALID
tracey8247@upi,cust108642,sbi,savings,2024-12-31,active,VALID
dustin5059@upi,cust101365,icici,current,2025-04-30,active,VALID
steve1524@upi,cust109764,sbi,current,2023-10-28,active,VALID
juan3964@upi,cust101164,sbi,credit_card_linked,2023-04-17,active,VALID
brandon5700@upi,cust100413,icici,current,2024-03-16,active,VALID
ian4554@upi,cust100466,hdfc,savings,2025-05-10,active,VALID
john1035@upi,cust105277,sbi,credit_card_linked,2025-05-31,active,VALID
sharon1042@upi,cust101818,axis,credit_card_linked,2024-03-12,active,VALID
william7742@upi,cust105938,kotak,credit_card_linked,2023-11-21,active,VALID
sergio1681@upi,cust101176,icici,current,2025-04-29,active,VALID
meghan1725@upi,cust103059,axis,savings,2023-07-01,active,VALID
elizabeth2633@upi,cust102691,axis,current,2022-09-03,active,VALID
deborah2678@upi,cust103784,icici,savings,2025-05-03,active,VALID
brooke6032@upi,cust105545,icici,current,2023-06-08,active,VALID
jill1924@upi,cust109689,axis,savings,2024-09-29,active,VALID
diana3545@upi,cust104885,hdfc,savings,2024-03-29,active,VALID
thomas3458@upi,cust107934,pnb,current,2025-03-28,active,VALID
adam3626@upi,cust108979,pnb,savings,2025-08-05,active,VALID
aaron3136@upi,cust101356,axis,savings,2025-07-09,active,VALID
christine1113@upi,cust102026,kotak,current,2022-09-26,active,VALID
alison9151@upi,cust107593,icici,savings,2023-08-05,active,VALID
alexis8435@upi,cust108319,icici,savings,2025-08-04,active,VALID
gary5741@upi,cust102867,pnb,current,2023-12-27,active,VALID
nicole9050@upi,cust104310,kotak,savings,2025-04-12,active,VALID
veronica6904@upi,cust104611,pnb,credit_card_linked,2025-03-19,active,VALID
kent1685@upi,cust100474,kotak,current,2025-07-18,active,VALID
stephanie8014@upi,cust108730,kotak,credit_card_linked,2024-06-29,active,VALID
kaitlin4027@upi,cust108440,hdfc,savings,2022-11-11,active,VALID
nicholas1294@upi,cust102176,hdfc,savings,2022-08-27,active,VALID
alicia5212@upi,cust105656,sbi,current,2025-07-08,active,VALID
mike8780@upi,cust106685,sbi,current,2023-10-18,active,VALID
shelly8318@upi,cust103468,kotak,current,2025-03-12,active,VALID
mr.6852@upi,cust107897,hdfc,savings,2024-04-18,active,VALID
sara9945@upi,cust108150,axis,credit_card_linked,2025-06-08,active,VALID
mark7131@upi,cust107191,hdfc,savings,2024-07-20,active,VALID
raymond7168@upi,cust103011,pnb,current,2025-06-14,active,VALID
charles5143@upi,cust108080,kotak,savings,2025-06-15,active,VALID
jared6423@upi,cust106845,kotak,credit_card_linked,2023-05-03,active,VALID
curtis2172@upi,cust103368,pnb,savings,2023-05-06,active,VALID
taylor8518@upi,cust104615,icici,current,2024-07-11,active,VALID
jordan3388@upi,cust104776,hdfc,current,2024-11-22,blocked,VALID
phillip4779@upi,cust100477,icici,current,2022-11-16,active,VALID
jerry4561@upi,cust101527,hdfc,savings,2023-10-16,suspended,VALID
tonya6425@upi,cust104013,axis,savings,2025-07-28,active,VALID
kayla8999@upi,cust109036,kotak,current,2023-08-05,active,VALID
brandon5245@upi,cust100733,kotak,current,2025-04-16,active,VALID
kimberly9622@upi,cust106632,axis,credit_card_linked,2022-10-29,active,VALID
carmen7901@upi,cust104066,axis,savings,2022-08-08,active,VALID
crystal9995@upi,cust109432,icici,current,2024-11-05,active,VALID
jasmine5434@upi,cust107461,pnb,current,2025-04-24,active,VALID
melanie1043@upi,cust109308,kotak,credit_card_linked,2025-07-07,active,VALID
lindsay4564@upi,cust104842,sbi,savings,2024-04-04,active,VALID
richard8791@upi,cust102184,icici,current,2023-03-09,active,VALID
tracy5093@upi,cust102404,hdfc,savings,2025-05-21,active,VALID
gregory7810@upi,cust107599,kotak,savings,2025-05-22,active,VALID
rachel6552@upi,cust102906,sbi,current,2021-10-23,active,VALID
tracy4696@upi,cust103502,sbi,savings,2023-11-07,suspended,VALID
stephen7891@upi,cust105599,axis,credit_card_linked,2024-10-23,active,VALID
adam7857@upi,cust104908,sbi,savings,2025-06-06,active,VALID
taylor5757@upi,cust100517,kotak,savings,2025-08-05,active,VALID
brian4020@upi,cust107352,kotak,savings,2025-06-28,active,VALID
kimberly7773@upi,cust107925,kotak,credit_card_linked,2024-08-20,active,VALID
joseph2699@upi,cust107832,axis,savings,2024-02-27,active,VALID
manuel4594@upi,cust100700,hdfc,savings,2025-07-23,active,VALID
james8299@upi,cust104455,kotak,credit_card_linked,2025-05-03,active,VALID
marcus1142@upi,cust109790,sbi,savings,2023-04-07,active,VALID
terry9775@upi,cust104505,icici,current,2022-06-15,active,VALID
wayne7807@upi,cust109290,sbi,current,2025-06-09,active,VALID
stephen3392@upi,cust109160,hdfc,current,2025-06-29,active,VALID
kenneth7514@upi,cust105561,icici,credit_card_linked,2023-02-20,active,VALID
jeffery2986@upi,cust108420,sbi,savings,2024-10-07,active,VALID
steve4081@upi,cust109764,sbi,credit_card_linked,2023-11-30,active,VALID
raymond7440@upi,cust106936,axis,current,2024-10-23,active,VALID
elizabeth2667@upi,cust105529,hdfc,credit_card_linked,2024-11-05,active,VALID
carlos3413@upi,cust100519,sbi,credit_card_linked,2025-05-13,active,VALID
catherine3776@upi,cust106914,icici,savings,2025-07-26,active,VALID
james8193@upi,cust102158,hdfc,credit_card_linked,2022-03-18,active,VALID
casey8124@upi,cust108181,hdfc,credit_card_linked,2024-11-07,active,VALID
nancy4304@upi,cust101244,pnb,current,2024-07-23,active,VALID
jordan2597@upi,cust107063,icici,credit_card_linked,2022-12-09,active,VALID
cory4470@upi,cust108139,axis,savings,2021-06-20,active,VALID
joshua7286@upi,cust100572,sbi,credit_card_linked,2024-12-19,active,VALID
kimberly5168@upi,cust101389,kotak,current,2025-04-16,active,VALID
erica3596@upi,cust104406,sbi,savings,2025-06-19,active,VALID
john9756@upi,cust107438,sbi,current,2024-11-08,active,VALID
benjamin9739@upi,cust104807,kotak,savings,2025-07-14,active,VALID
susan7494@upi,cust106638,sbi,current,2023-09-03,active,VALID
stefanie3855@upi,cust107130,axis,credit_card_linked,2025-05-07,active,VALID
jessica4667@upi,cust108519,pnb,credit_card_linked,2023-05-09,active,VALID
jessica2595@upi,cust100574,pnb,credit_card_linked,2025-04-08,active,VALID
jennifer6800@upi,cust102450,icici,savings,2025-06-17,active,VALID
angela6951@upi,cust106085,hdfc,current,2025-06-08,active,VALID
charles8223@upi,cust101205,sbi,current,2023-12-15,active,VALID
heather9264@upi,cust100931,axis,savings,2023-05-19,active,VALID
nicholas1224@upi,cust109257,axis,current,2025-07-20,active,VALID
ashley4313@upi,cust101578,icici,current,2024-10-31,active,VALID
carrie9755@upi,cust109166,hdfc,credit_card_linked,2022-05-17,active,VALID
molly7279@upi,cust101573,sbi,savings,2025-06-11,active,VALID
peter8336@upi,cust105487,hdfc,current,2025-03-23,active,VALID
charles2390@upi,cust102814,axis,current,2022-12-08,suspended,VALID
dr.7571@upi,cust107484,sbi,current,2025-06-04,active,VALID
jodi1974@upi,cust108609,axis,current,2025-04-17,active,VALID
robert3169@upi,cust101624,icici,savings,2025-06-26,active,VALID
peter7598@upi,cust100220,hdfc,current,2022-02-13,active,VALID
jeffrey1014@upi,cust107848,axis,current,2025-06-12,active,VALID
michael8632@upi,cust101755,axis,current,2022-05-25,active,VALID
leslie4088@upi,cust100130,hdfc,savings,2023-10-05,active,VALID
sarah1365@upi,cust107455,axis,credit_card_linked,2024-04-13,active,VALID
carol6022@upi,cust108680,pnb,current,2024-09-15,active,VALID
christopher2847@upi,cust103051,pnb,current,2025-06-19,active,VALID
rachel7204@upi,cust105795,sbi,credit_card_linked,2025-05-11,active,VALID
steven8583@upi,cust106984,sbi,savings,2025-08-03,active,VALID
jonathan5723@upi,cust108738,pnb,savings,2023-09-05,active,VALID
jacob6492@upi,cust102168,hdfc,current,2022-06-16,active,VALID
justin4345@upi,cust108478,sbi,credit_card_linked,2022-02-01,active,VALID
jane1786@upi,cust100554,icici,savings,2025-08-02,active,VALID
casey9434@upi,cust107127,axis,savings,2025-02-22,active,VALID
troy7853@upi,cust103791,axis,credit_card_linked,2023-07-01,active,VALID
emily7770@upi,cust109862,sbi,credit_card_linked,2025-08-02,active,VALID
hannah8358@upi,cust102173,axis,credit_card_linked,2025-05-05,active,VALID
mark7929@upi,cust100783,sbi,credit_card_linked,2025-03-13,active,VALID
william8419@upi,cust103593,axis,current,2025-04-10,suspended,VALID
richard3249@upi,cust109107,sbi,savings,2021-02-02,active,VALID
patrick7342@upi,cust107437,kotak,current,2022-10-04,active,VALID
lori1964@upi,cust100671,icici,savings,2022-11-01,active,VALID
heather7776@upi,cust105623,pnb,savings,2025-08-02,active,VALID
kimberly6954@upi,cust105793,hdfc,credit_card_linked,2022-10-18,active,VALID
gary4004@upi,cust106622,axis,current,2025-07-05,active,VALID
bryan6682@upi,cust109661,hdfc,credit_card_linked,2022-08-26,active,VALID
caitlin2905@upi,cust108867,pnb,current,2024-06-12,active,VALID
susan5858@upi,cust100029,kotak,credit_card_linked,2023-07-26,active,VALID
krista5223@upi,cust100206,pnb,savings,2024-08-08,active,VALID
gabriel3348@upi,cust109289,sbi,savings,2023-01-11,active,VALID
jared2995@upi,cust107406,kotak,current,2024-10-01,active,VALID
holly6759@upi,cust101462,icici,credit_card_linked,2024-08-30,blocked,VALID
johnny6288@upi,cust101040,sbi,current,2025-04-25,active,VALID
michelle5948@upi,cust106584,hdfc,current,2024-06-16,active,VALID
paul6001@upi,cust103074,kotak,savings,2024-04-09,active,VALID
susan5010@upi,cust109597,hdfc,current,2023-07-27,active,VALID
steve4596@upi,cust109889,icici,current,2022-11-30,active,VALID
kathleen6849@upi,cust105281,pnb,savings,2024-09-08,active,VALID
matthew9221@upi,cust102074,icici,savings,2024-08-26,active,VALID
lisa1503@upi,cust107018,sbi,savings,2024-04-28,active,VALID
alex2226@upi,cust106512,axis,current,2025-07-24,active,VALID
makayla9875@upi,cust109604,hdfc,savings,2023-11-03,active,VALID
daniel3435@upi,cust105239,pnb,credit_card_linked,2025-01-11,active,VALID
daniel4394@upi,cust102208,axis,savings,2023-12-05,active,VALID
james2155@upi,cust103440,icici,credit_card_linked,2024-12-17,active,VALID
olivia6535@upi,cust108066,kotak,current,2025-07-26,active,VALID
justin3150@upi,cust106057,hdfc,credit_card_linked,2024-04-21,active,VALID
dylan2763@upi,cust102794,sbi,credit_card_linked,2021-08-31,active,VALID
dr.5798@upi,cust105054,icici,current,2025-02-25,active,VALID
joseph7198@upi,cust102062,kotak,current,2024-03-15,active,VALID
adam1479@upi,cust104908,icici,savings,2025-05-21,active,VALID
justin1647@upi,cust107588,sbi,credit_card_linked,2025-07-10,active,VALID
erica3375@upi,cust106058,icici,current,2023-04-20,active,VALID
david8411@upi,cust102607,sbi,credit_card_linked,2023-12-04,active,VALID
kaitlin8948@upi,cust108440,sbi,credit_card_linked,2025-04-14,active,VALID
dan9271@upi,cust102752,axis,current,2024-12-26,active,VALID
bryan6742@upi,cust109661,sbi,current,2021-02-26,active,VALID
jeffrey8567@upi,cust101797,icici,savings,2025-01-06,active,VALID
ashley1773@upi,cust102153,hdfc,savings,2025-03-21,active,VALID
kimberly4417@upi,cust101066,kotak,current,2024-11-15,active,VALID
timothy6973@upi,cust107678,axis,current,2025-01-12,active,VALID
marie3955@upi,cust108886,kotak,credit_card_linked,2024-07-13,active,VALID
kara7681@upi,cust106054,sbi,current,2025-07-02,active,VALID
stephanie3499@upi,cust100034,sbi,current,2024-10-21,active,VALID
charles3484@upi,cust103874,icici,credit_card_linked,2025-07-03,active,VALID
diana9538@upi,cust108842,hdfc,savings,2025-04-17,active,VALID
levi5870@upi,cust106006,pnb,credit_card_linked,2025-07-20,active,VALID
joseph3033@upi,cust107166,hdfc,savings,2024-05-08,active,VALID
mark4584@upi,cust103960,sbi,savings,2023-08-08,active,VALID
scott6516@upi,cust104245,pnb,savings,2025-01-28,active,VALID
donald8820@upi,cust105348,hdfc,credit_card_linked,2025-01-19,active,VALID
kathryn2968@upi,cust102052,kotak,savings,2025-03-26,active,VALID
tony4843@upi,cust106867,pnb,savings,2025-03-04,active,VALID
paul6569@upi,cust102013,pnb,credit_card_linked,2025-05-20,active,VALID
susan3919@upi,cust102224,axis,current,2024-03-25,active,VALID
emily9835@upi,cust102816,kotak,savings,2025-03-17,active,VALID
david4187@upi,cust103242,axis,current,2025-06-01,active,VALID
carl7644@upi,cust109338,icici,savings,2025-03-27,active,VALID
neil3181@upi,cust104655,sbi,credit_card_linked,2024-12-20,active,VALID
sandra8619@upi,cust107532,kotak,savings,2022-03-08,active,VALID
karen5005@upi,cust105761,sbi,credit_card_linked,2025-06-08,active,VALID
jonathan7059@upi,cust101876,pnb,credit_card_linked,2023-02-25,active,VALID
wesley5197@upi,cust109497,pnb,savings,2024-06-24,active,VALID
natalie6127@upi,cust107558,sbi,current,2024-03-04,active,VALID
christy1351@upi,cust104948,hdfc,current,2025-06-28,active,VALID
jennifer4586@upi,cust108266,kotak,savings,2025-01-11,active,VALID
mary6423@upi,cust104429,sbi,current,2024-07-21,active,VALID
steven7944@upi,cust105999,axis,savings,2024-04-26,active,VALID
dylan5708@upi,cust105763,sbi,current,2025-05-11,active,VALID
michael8268@upi,cust103170,sbi,credit_card_linked,2025-03-14,active,VALID
howard7265@upi,cust104481,axis,credit_card_linked,2025-05-28,active,VALID
billy8592@upi,cust108702,icici,savings,2025-01-12,active,VALID
kenneth9400@upi,cust102434,pnb,savings,2023-05-16,active,VALID
craig5487@upi,cust100140,hdfc,credit_card_linked,2024-07-23,active,VALID
kerri5525@upi,cust101309,hdfc,savings,2023-09-08,active,VALID
rachel1322@upi,cust109488,hdfc,savings,2025-01-07,active,VALID
lynn5279@upi,cust105291,hdfc,current,2025-08-04,active,VALID
dr.7921@upi,cust102303,sbi,credit_card_linked,2023-03-17,active,VALID
noah7975@upi,cust104855,hdfc,savings,2021-07-31,active,VALID
ronald2543@upi,cust105834,hdfc,credit_card_linked,2023-03-06,active,VALID
destiny9422@upi,cust107721,sbi,savings,2021-04-26,active,VALID
bobby8233@upi,cust109922,icici,savings,2025-02-09,active,VALID
lucas1017@upi,cust103867,hdfc,savings,2022-07-23,active,VALID
jay7610@upi,cust102805,sbi,current,2024-09-29,active,VALID
maria1854@upi,cust102881,kotak,credit_card_linked,2024-10-04,active,VALID
donald3809@upi,cust106140,hdfc,current,2023-12-24,active,VALID
jeffery7138@upi,cust108420,axis,credit_card_linked,2024-06-08,active,VALID
pamela6663@upi,cust101657,pnb,current,2024-01-23,active,VALID
amy1949@upi,cust100878,hdfc,current,2022-07-10,active,VALID
gary7593@upi,cust105732,icici,current,2024-07-31,active,VALID
courtney6268@upi,cust109130,kotak,savings,2025-03-19,active,VALID
ryan4410@upi,cust102978,icici,credit_card_linked,2025-08-02,active,VALID
michael1342@upi,cust103362,kotak,credit_card_linked,2025-05-14,active,VALID
caitlin4948@upi,cust106781,sbi,savings,2025-01-06,active,VALID
angela9798@upi,cust106537,hdfc,current,2021-10-23,active,VALID
anna3400@upi,cust101973,icici,current,2025-04-09,active,VALID
javier1494@upi,cust108671,hdfc,savings,2024-03-21,active,VALID
benjamin9690@upi,cust105818,hdfc,credit_card_linked,2024-07-25,suspended,VALID
kevin2672@upi,cust103121,axis,current,2024-04-29,active,VALID
carl7222@upi,cust105889,pnb,savings,2025-07-04,active,VALID
brianna8264@upi,cust107059,kotak,current,2024-10-10,active,VALID
robert8223@upi,cust101734,hdfc,credit_card_linked,2024-11-10,active,VALID
thomas4666@upi,cust108776,hdfc,savings,2022-05-11,active,VALID
robert9840@upi,cust108771,sbi,current,2025-01-17,active,VALID
mark9598@upi,cust104675,kotak,savings,2025-02-18,active,VALID
crystal3257@upi,cust100405,axis,savings,2025-07-18,active,VALID
matthew4994@upi,cust104375,kotak,credit_card_linked,2025-04-11,active,VALID
ryan2434@upi,cust100936,pnb,current,2024-04-24,active,VALID
veronica6508@upi,cust104611,axis,savings,2023-02-02,active,VALID
tammy5599@upi,cust100094,axis,savings,2024-05-20,active,VALID
matthew7786@upi,cust102011,kotak,current,2023-07-27,active,VALID
heather9897@upi,cust108995,axis,credit_card_linked,2024-02-16,active,VALID
travis1919@upi,cust105723,hdfc,credit_card_linked,2024-02-11,active,VALID
christy2079@upi,cust109248,icici,credit_card_linked,2023-06-04,active,VALID
jason8719@upi,cust101025,hdfc,savings,2022-02-26,active,VALID
nicole7180@upi,cust108262,axis,savings,2025-03-29,active,VALID
robert4272@upi,cust106421,axis,credit_card_linked,2023-09-24,active,VALID
david5005@upi,cust106419,kotak,credit_card_linked,2024-01-31,suspended,VALID
kristy7049@upi,cust105700,sbi,savings,2025-06-06,active,VALID
christopher8583@upi,cust107068,kotak,credit_card_linked,2025-04-07,active,VALID
jose7174@upi,cust109603,kotak,savings,2024-10-25,active,VALID
sara6004@upi,cust104169,kotak,current,2023-07-17,active,VALID
tyler3493@upi,cust108631,hdfc,savings,2022-10-08,active,VALID
nicholas9775@upi,cust109257,kotak,savings,2023-11-24,active,VALID
jason1989@upi,cust103375,icici,credit_card_linked,2024-12-14,active,VALID
lisa1755@upi,cust107242,icici,savings,2023-06-28,active,VALID
timothy6880@upi,cust108180,hdfc,current,2025-08-02,active,VALID
jessica5895@upi,cust104353,axis,credit_card_linked,2022-10-30,active,VALID
jasmine8877@upi,cust105201,pnb,current,2025-02-14,active,VALID
jennifer2428@upi,cust106288,kotak,current,2025-07-22,active,VALID
tamara4519@upi,cust103153,icici,savings,2022-02-16,active,VALID
tracey6801@upi,cust109258,kotak,credit_card_linked,2023-06-06,active,VALID
sarah5149@upi,cust100719,hdfc,current,2022-08-27,active,VALID
sabrina5296@upi,cust107129,axis,credit_card_linked,2021-05-31,active,VALID
eric1424@upi,cust105354,sbi,current,2021-06-14,active,VALID
jack3799@upi,cust106239,hdfc,savings,2023-05-14,active,VALID
james3565@upi,cust108977,pnb,current,2024-12-03,active,VALID
megan3264@upi,cust107859,icici,credit_card_linked,2025-06-15,active,VALID
vanessa9176@upi,cust105211,sbi,savings,2023-12-28,active,VALID
sean1783@upi,cust105833,pnb,savings,2025-06-07,active,VALID
nicholas1320@upi,cust105444,icici,savings,2023-09-21,active,VALID
matthew5006@upi,cust109118,pnb,savings,2025-05-21,active,VALID
kelsey4021@upi,cust100835,axis,current,2025-07-03,active,VALID
joshua4204@upi,cust107967,icici,savings,2024-07-06,active,VALID
melissa4866@upi,cust106150,sbi,current,2024-03-04,active,VALID
mario8605@upi,cust108362,hdfc,current,2025-05-31,active,VALID
laura3489@upi,cust109111,sbi,savings,2024-09-26,active,VALID
angela8952@upi,cust104373,kotak,savings,2025-01-13,active,VALID
daniel9662@upi,cust107201,axis,current,2025-06-13,blocked,VALID
brandon1839@upi,cust105256,hdfc,credit_card_linked,2025-06-21,suspended,VALID
stacy7939@upi,cust108512,kotak,current,2024-07-21,active,VALID
yvonne1898@upi,cust103519,sbi,credit_card_linked,2025-06-09,active,VALID
michelle3125@upi,cust107511,icici,savings,2021-09-24,active,VALID
judith3397@upi,cust109406,pnb,credit_card_linked,2025-04-06,active,VALID
jordan3986@upi,cust106350,hdfc,current,2024-10-26,blocked,VALID
christian7039@upi,cust106870,kotak,current,2022-12-29,active,VALID
tyler8992@upi,cust108922,sbi,savings,2024-06-08,active,VALID
ray6064@upi,cust100185,axis,savings,2024-11-16,blocked,VALID
ellen1679@upi,cust102835,axis,current,2025-04-14,active,VALID
alexandra2665@upi,cust103297,sbi,current,2025-03-06,active,VALID
richard4923@upi,cust109588,kotak,savings,2025-06-05,active,VALID
catherine5016@upi,cust102356,kotak,savings,2024-12-14,active,VALID
amanda5686@upi,cust103102,kotak,current,2023-04-05,active,VALID
kristin1668@upi,cust103698,hdfc,credit_card_linked,2022-10-28,active,VALID
leon6390@upi,cust102406,axis,credit_card_linked,2023-04-20,active,VALID
kathleen4959@upi,cust109342,pnb,credit_card_linked,2025-03-18,active,VALID
matthew5942@upi,cust105470,hdfc,credit_card_linked,2022-11-09,active,VALID
natasha1242@upi,cust105228,pnb,current,2024-05-15,active,VALID
olivia6321@upi,cust106752,axis,current,2023-10-04,active,VALID
kaylee2772@upi,cust100748,sbi,savings,2022-10-04,active,VALID
bryan1629@upi,cust108171,hdfc,savings,2025-07-19,active,VALID
edward4822@upi,cust102417,hdfc,savings,2024-12-02,active,VALID
lauren2888@upi,cust102933,icici,savings,2025-02-14,active,VALID
matthew5174@upi,cust103928,icici,current,2025-05-04,active,VALID
jenny2120@upi,cust103164,hdfc,savings,2024-11-08,active,VALID
diana6791@upi,cust107855,kotak,savings,2023-09-02,active,VALID
robin6131@upi,cust104097,icici,credit_card_linked,2025-07-28,active,VALID
bruce8380@upi,cust105794,icici,credit_card_linked,2025-01-05,active,VALID
jessica2299@upi,cust104538,pnb,current,2023-05-11,active,VALID
cheryl1383@upi,cust103993,kotak,savings,2023-10-09,active,VALID
joseph7125@upi,cust101750,sbi,savings,2024-06-20,active,VALID
alicia6126@upi,cust103446,icici,savings,2023-12-14,active,VALID
heidi4253@upi,cust102525,hdfc,current,2023-05-07,active,VALID
brandon9326@upi,cust102485,axis,savings,2024-12-20,active,VALID
michael3869@upi,cust109585,icici,savings,2025-01-09,active,VALID
brian8713@upi,cust102586,kotak,current,2023-11-26,active,VALID
wendy1816@upi,cust102354,pnb,credit_card_linked,2022-05-10,active,VALID
stefanie9196@upi,cust107130,icici,credit_card_linked,2025-05-28,active,VALID
monique4213@upi,cust106414,sbi,current,2025-04-08,active,VALID
steven7410@upi,cust109774,kotak,credit_card_linked,2024-09-04,active,VALID
stacy5272@upi,cust109498,kotak,savings,2025-03-19,active,VALID
margaret5969@upi,cust100445,pnb,savings,2023-01-05,active,VALID
justin3246@upi,cust104113,pnb,savings,2024-07-30,active,VALID
debra6645@upi,cust108435,kotak,savings,2025-06-26,active,VALID
brian7850@upi,cust102586,icici,credit_card_linked,2024-11-08,active,VALID
mark1890@upi,cust100783,icici,credit_card_linked,2025-06-11,active,VALID
brandon1224@upi,cust102185,pnb,savings,2023-01-29,active,VALID
melissa7682@upi,cust107318,icici,savings,2022-10-28,active,VALID
tammy6990@upi,cust106001,icici,credit_card_linked,2025-05-25,active,VALID
jesus9378@upi,cust103527,sbi,current,2024-12-04,active,VALID
joshua9593@upi,cust101768,hdfc,current,2025-03-20,active,VALID
dale8187@upi,cust108185,kotak,savings,2023-10-25,blocked,VALID
ashley9770@upi,cust101534,icici,savings,2025-05-04,active,VALID
douglas9175@upi,cust106983,pnb,credit_card_linked,2024-09-01,active,VALID
caitlyn9474@upi,cust101007,axis,savings,2025-07-29,suspended,VALID
natalie2980@upi,cust103269,icici,savings,2022-06-15,active,VALID
steven1653@upi,cust103349,pnb,credit_card_linked,2024-03-12,active,VALID
david1762@upi,cust106447,pnb,current,2023-12-26,active,VALID
jamie2805@upi,cust104165,pnb,current,2024-12-03,active,VALID
adam5745@upi,cust107108,axis,credit_card_linked,2024-03-25,active,VALID
christopher7566@upi,cust108551,kotak,current,2024-12-22,active,VALID
aaron6007@upi,cust100645,icici,current,2022-08-12,active,VALID
frank8075@upi,cust106670,sbi,current,2024-07-15,active,VALID
jessica3522@upi,cust100076,pnb,credit_card_linked,2024-12-29,active,VALID
jamie4365@upi,cust107207,sbi,savings,2025-06-21,active,VALID
ryan5193@upi,cust103883,sbi,credit_card_linked,2025-06-07,active,VALID
courtney4639@upi,cust103365,kotak,credit_card_linked,2025-05-08,active,VALID
kenneth9277@upi,cust102193,hdfc,credit_card_linked,2024-09-22,active,VALID
christopher6361@upi,cust103013,axis,savings,2025-04-21,active,VALID
timothy6909@upi,cust100794,icici,credit_card_linked,2022-10-30,active,VALID
eric2558@upi,cust109288,axis,savings,2024-11-29,blocked,VALID
jennifer1612@upi,cust106822,kotak,current,2025-06-24,active,VALID
matthew6133@upi,cust105613,kotak,current,2025-07-27,active,VALID
robin6334@upi,cust100250,kotak,credit_card_linked,2023-03-16,active,VALID
ernest7663@upi,cust106125,pnb,savings,2023-08-01,active,VALID
michael1171@upi,cust107393,axis,credit_card_linked,2022-02-03,active,VALID
haley2536@upi,cust107941,axis,current,2025-03-01,active,VALID
melanie7911@upi,cust101307,hdfc,credit_card_linked,2024-11-25,blocked,VALID
larry3657@upi,cust104197,sbi,savings,2024-01-17,active,VALID
richard2677@upi,cust108797,kotak,current,2025-05-08,active,VALID
victoria9711@upi,cust102733,hdfc,current,2025-05-04,active,VALID
tina3723@upi,cust106976,icici,current,2024-04-01,blocked,VALID
tony9174@upi,cust109996,hdfc,savings,2021-05-17,active,VALID
frank2122@upi,cust108533,axis,savings,2024-11-08,active,VALID
james7273@upi,cust100162,hdfc,current,2023-07-01,active,VALID
melinda7528@upi,cust100933,axis,savings,2025-05-14,active,VALID
jamie5512@upi,cust108430,sbi,current,2025-03-31,active,VALID
daniel9288@upi,cust101511,pnb,current,2024-11-01,active,VALID
dale5849@upi,cust109735,hdfc,savings,2024-01-17,active,VALID
timothy5171@upi,cust104773,hdfc,current,2022-08-03,active,VALID
jason9007@upi,cust108532,axis,current,2025-01-25,active,VALID
regina7135@upi,cust103961,axis,credit_card_linked,2021-11-04,active,VALID
daniel8466@upi,cust100580,kotak,current,2025-08-03,active,VALID
mandy3949@upi,cust105835,icici,current,2024-01-13,active,VALID
david9678@upi,cust103398,hdfc,savings,2024-03-25,active,VALID
matthew7815@upi,cust104030,kotak,credit_card_linked,2024-06-01,active,VALID
luis4913@upi,cust102699,hdfc,credit_card_linked,2022-06-04,active,VALID
amy1583@upi,cust108053,hdfc,current,2023-05-02,blocked,VALID
rodney6390@upi,cust100494,kotak,current,2023-11-12,active,VALID
larry5183@upi,cust105448,icici,current,2024-12-14,active,VALID
patrick4776@upi,cust106400,hdfc,credit_card_linked,2024-10-13,active,VALID
james6462@upi,cust104684,sbi,current,2023-08-31,active,VALID
stacie7604@upi,cust105531,hdfc,current,2024-12-18,active,VALID
megan2997@upi,cust108884,pnb,credit_card_linked,2024-01-20,active,VALID
ashley3508@upi,cust109011,axis,current,2025-02-01,active,VALID
brittany6393@upi,cust100703,pnb,current,2025-04-01,active,VALID
ian9254@upi,cust109614,pnb,current,2022-02-20,active,VALID
jason4108@upi,cust104828,pnb,savings,2024-02-29,active,VALID
justin2036@upi,cust108619,kotak,savings,2025-03-07,active,VALID
olivia3510@upi,cust103066,icici,current,2024-07-01,active,VALID
kelly3578@upi,cust103626,kotak,credit_card_linked,2024-09-21,active,VALID
tina4199@upi,cust100446,axis,current,2024-02-26,active,VALID
matthew7696@upi,cust103513,pnb,savings,2024-05-12,active,VALID
hannah7602@upi,cust105966,sbi,credit_card_linked,2025-07-23,active,VALID
zachary3396@upi,cust100598,hdfc,current,2023-11-22,active,VALID
mia5920@upi,cust104817,axis,credit_card_linked,2025-01-18,active,VALID
jennifer3336@upi,cust100555,hdfc,savings,2024-10-16,active,VALID
preston5210@upi,cust108406,hdfc,savings,2023-09-24,blocked,VALID
daniel7578@upi,cust102208,kotak,credit_card_linked,2025-06-21,active,VALID
brooke3337@upi,cust106390,axis,credit_card_linked,2025-01-19,active,VALID
david5166@upi,cust102931,hdfc,current,2021-11-17,active,VALID
stephen3940@upi,cust108462,pnb,credit_card_linked,2025-02-08,active,VALID
richard9649@upi,cust109629,hdfc,current,2025-01-05,active,VALID
kaitlyn9127@upi,cust108265,icici,savings,2025-02-23,active,VALID
ashley3406@upi,cust100287,hdfc,current,2023-03-28,active,VALID
howard9896@upi,cust109891,hdfc,savings,2023-03-13,active,VALID
eric7435@upi,cust101292,pnb,credit_card_linked,2023-10-24,active,VALID
joseph7338@upi,cust101016,kotak,credit_card_linked,2024-07-13,active,VALID
kayla9775@upi,cust102929,pnb,savings,2025-05-13,active,VALID
chris6734@upi,cust104688,icici,current,2025-06-25,active,VALID
jonathan3479@upi,cust103374,hdfc,current,2024-12-11,active,VALID
michelle7384@upi,cust108118,sbi,savings,2025-03-26,active,VALID
steven4030@upi,cust104711,axis,current,2025-07-02,active,VALID
denise7026@upi,cust101465,pnb,current,2024-11-28,active,VALID
chris1407@upi,cust104688,hdfc,credit_card_linked,2025-02-25,active,VALID
robert3966@upi,cust103050,hdfc,credit_card_linked,2024-12-25,active,VALID
sandra9360@upi,cust104371,pnb,current,2024-06-24,active,VALID
corey4315@upi,cust104489,icici,credit_card_linked,2024-09-07,active,VALID
margaret3190@upi,cust107028,pnb,savings,2025-08-03,active,VALID
laura3293@upi,cust107389,pnb,credit_card_linked,2020-11-18,active,VALID
gary4009@upi,cust106622,axis,current,2024-12-13,active,VALID
kenneth2241@upi,cust102701,kotak,savings,2022-10-13,active,VALID
charles6587@upi,cust100228,hdfc,savings,2024-10-01,active,VALID
heather2855@upi,cust103597,sbi,credit_card_linked,2025-05-04,active,VALID
sherry8012@upi,cust104307,pnb,credit_card_linked,2023-05-16,active,VALID
casey9383@upi,cust107913,kotak,current,2023-07-20,active,VALID
amanda4342@upi,cust109944,axis,current,2024-09-29,active,VALID
mr.6960@upi,cust102982,hdfc,credit_card_linked,2025-08-05,active,VALID
zachary8607@upi,cust100255,sbi,credit_card_linked,2025-05-01,active,VALID
patricia5605@upi,cust105171,axis,credit_card_linked,2025-07-01,active,VALID
robert4048@upi,cust102745,axis,credit_card_linked,2024-08-27,active,VALID
deborah4383@upi,cust103088,pnb,current,2023-03-17,blocked,VALID
jenna8792@upi,cust109852,icici,credit_card_linked,2025-04-02,active,VALID
michelle3186@upi,cust109615,sbi,savings,2024-10-28,active,VALID
david1672@upi,cust104414,icici,current,2023-11-20,active,VALID
patricia8513@upi,cust109256,sbi,credit_card_linked,2024-06-21,active,VALID
colleen1802@upi,cust104050,hdfc,savings,2025-03-23,active,VALID
terri8873@upi,cust107610,sbi,credit_card_linked,2025-01-22,active,VALID
eric3583@upi,cust107829,kotak,current,2022-04-27,active,VALID
deborah7148@upi,cust103899,hdfc,savings,2024-10-11,active,VALID
karen1932@upi,cust108518,pnb,savings,2020-09-15,active,VALID
steven4495@upi,cust109162,hdfc,credit_card_linked,2024-02-24,active,VALID
pam4871@upi,cust105230,axis,current,2025-05-26,active,VALID
linda1707@upi,cust100233,sbi,savings,2022-04-08,suspended,VALID
sharon4557@upi,cust107118,kotak,savings,2025-07-16,active,VALID
teresa3754@upi,cust106957,axis,credit_card_linked,2023-07-15,active,VALID
michael7457@upi,cust102868,hdfc,current,2024-10-09,active,VALID
stephanie8075@upi,cust102616,icici,current,2024-10-18,active,VALID
scott6114@upi,cust105111,axis,savings,2025-07-16,active,VALID
amy6557@upi,cust109231,pnb,current,2025-05-10,active,VALID
jeffrey2940@upi,cust109645,pnb,credit_card_linked,2021-09-24,active,VALID
angela6360@upi,cust107007,icici,current,2024-05-01,active,VALID
joshua9559@upi,cust106654,pnb,savings,2025-07-15,suspended,VALID
karen5623@upi,cust100144,kotak,savings,2025-07-22,active,VALID
brett3044@upi,cust103353,kotak,savings,2022-07-24,active,VALID
patrick7788@upi,cust105467,icici,current,2025-01-23,active,VALID
megan4867@upi,cust101034,sbi,credit_card_linked,2024-02-25,active,VALID
marisa9078@upi,cust101488,kotak,savings,2024-03-30,active,VALID
cathy4932@upi,cust106667,hdfc,current,2023-09-09,active,VALID
jeffrey5509@upi,cust103507,axis,credit_card_linked,2023-10-29,active,VALID
dean9509@upi,cust106805,hdfc,credit_card_linked,2025-06-10,blocked,VALID
robert2199@upi,cust101650,pnb,current,2024-05-12,blocked,VALID
michael6817@upi,cust101434,axis,savings,2025-04-19,active,VALID
shelly3508@upi,cust107608,icici,current,2024-09-13,active,VALID
francisco5013@upi,cust104150,sbi,savings,2025-02-18,active,VALID
cindy9634@upi,cust105627,hdfc,current,2023-07-06,active,VALID
christopher1016@upi,cust106933,sbi,current,2025-05-25,blocked,VALID
kimberly7202@upi,cust100680,kotak,credit_card_linked,2024-07-06,active,VALID
kyle7190@upi,cust101850,kotak,savings,2023-06-26,active,VALID
joseph1165@upi,cust103559,hdfc,savings,2024-10-23,active,VALID
shane3005@upi,cust109793,axis,savings,2024-05-09,active,VALID
justin4392@upi,cust105849,sbi,credit_card_linked,2025-02-01,active,VALID
stephanie7295@upi,cust104173,kotak,savings,2022-02-04,active,VALID
john4530@upi,cust106270,kotak,current,2025-07-10,active,VALID
leonard4776@upi,cust104753,hdfc,savings,2025-07-01,active,VALID
mary4055@upi,cust103140,kotak,current,2024-05-30,active,VALID
jaclyn1505@upi,cust101995,kotak,credit_card_linked,2023-05-01,active,VALID
gloria1742@upi,cust101221,icici,savings,2024-10-01,active,VALID
christine7719@upi,cust104690,kotak,savings,2025-02-02,active,VALID
tyler3020@upi,cust101238,pnb,credit_card_linked,2024-12-20,active,VALID
allen9654@upi,cust109086,axis,savings,2025-04-30,suspended,VALID
nicole8310@upi,cust102893,kotak,savings,2025-05-01,blocked,VALID
lisa2236@upi,cust109466,sbi,current,2024-08-11,active,VALID
stephanie3983@upi,cust108100,pnb,savings,2024-10-18,active,VALID
curtis4211@upi,cust105123,kotak,savings,2024-02-22,active,VALID
michael9858@upi,cust106650,pnb,savings,2025-05-13,active,VALID
ethan7988@upi,cust106357,axis,credit_card_linked,2025-05-25,blocked,VALID
laura9313@upi,cust109763,sbi,credit_card_linked,2024-11-28,active,VALID
chad9761@upi,cust100745,kotak,savings,2025-04-22,active,VALID
matthew7315@upi,cust103303,sbi,credit_card_linked,2023-11-06,active,VALID
veronica2491@upi,cust109468,sbi,savings,2025-08-04,active,VALID
donald1401@upi,cust104130,kotak,savings,2024-12-30,active,VALID
douglas2151@upi,cust109243,icici,credit_card_linked,2024-07-23,active,VALID
austin7772@upi,cust106745,sbi,credit_card_linked,2021-03-27,active,VALID
nicholas2389@upi,cust109402,hdfc,credit_card_linked,2025-07-27,active,VALID
lisa1908@upi,cust107037,icici,current,2022-10-11,active,VALID
john6955@upi,cust107390,hdfc,credit_card_linked,2025-07-17,active,VALID
martin7172@upi,cust107748,kotak,current,2022-10-11,active,VALID
shirley3576@upi,cust100263,kotak,current,2025-07-06,active,VALID
ariana1074@upi,cust109122,pnb,credit_card_linked,2024-10-01,active,VALID
michele9673@upi,cust106844,icici,current,2022-05-24,active,VALID
jamie5953@upi,cust106903,icici,savings,2025-01-26,active,VALID
timothy2118@upi,cust105152,axis,current,2021-10-23,active,VALID
robert9385@upi,cust100075,icici,savings,2023-03-07,active,VALID
james9319@upi,cust102138,kotak,credit_card_linked,2025-08-05,active,VALID
andrew1596@upi,cust101109,icici,credit_card_linked,2025-04-12,active,VALID
joshua9184@upi,cust101634,kotak,current,2024-06-11,active,VALID
michael4878@upi,cust101582,hdfc,current,2024-05-16,active,VALID
danny9699@upi,cust108465,icici,credit_card_linked,2025-06-06,active,VALID
dustin2850@upi,cust100666,pnb,current,2022-08-09,active,VALID
mia2662@upi,cust104817,pnb,credit_card_linked,2024-10-04,active,VALID
kyle1405@upi,cust100964,sbi,savings,2025-03-08,active,VALID
jordan7314@upi,cust106350,axis,savings,2024-04-22,active,VALID
eric9533@upi,cust109288,sbi,savings,2025-04-18,active,VALID
curtis9647@upi,cust100111,hdfc,savings,2025-07-01,active,VALID
dennis8648@upi,cust100655,icici,savings,2025-02-09,active,VALID
jennifer9306@upi,cust100153,sbi,savings,2025-07-16,active,VALID
robert6276@upi,cust101169,kotak,savings,2024-07-13,active,VALID
elizabeth9387@upi,cust101498,sbi,current,2024-06-04,blocked,VALID
juan4951@upi,cust107802,axis,savings,2023-10-25,active,VALID
susan3837@upi,cust100807,hdfc,current,2023-10-20,active,VALID
amber5241@upi,cust103487,hdfc,savings,2020-11-15,active,VALID
timothy7049@upi,cust100794,kotak,current,2025-03-15,active,VALID
lori6790@upi,cust104065,sbi,current,2024-10-29,blocked,VALID
john4434@upi,cust104838,axis,savings,2023-05-09,active,VALID
ryan5855@upi,cust109099,kotak,savings,2025-06-29,active,VALID
charles6659@upi,cust101217,pnb,current,2025-03-18,active,VALID
lisa1267@upi,cust102337,kotak,current,2025-08-04,active,VALID
amanda2384@upi,cust101285,sbi,current,2024-10-13,active,VALID
john9636@upi,cust107851,sbi,savings,2023-12-22,active,VALID
cindy5059@upi,cust107658,hdfc,current,2022-02-05,active,VALID
victor9134@upi,cust104962,kotak,savings,2024-11-10,active,VALID
edward5436@upi,cust100599,kotak,credit_card_linked,2021-10-26,active,VALID
michael2093@upi,cust107109,kotak,savings,2022-08-05,active,VALID
tyler4033@upi,cust101577,sbi,credit_card_linked,2024-11-29,active,VALID
michelle4680@upi,cust102746,kotak,savings,2024-11-30,active,VALID
william3280@upi,cust101300,sbi,current,2024-03-16,active,VALID
joseph6540@upi,cust105766,axis,credit_card_linked,2025-07-21,active,VALID
nicole5731@upi,cust100177,pnb,credit_card_linked,2025-03-22,active,VALID
raymond3143@upi,cust101369,sbi,current,2023-12-22,active,VALID
amanda5436@upi,cust109696,axis,current,2023-01-19,active,VALID
nicole2236@upi,cust103751,icici,savings,2023-10-29,suspended,VALID
angela9172@upi,cust102559,sbi,savings,2023-12-08,active,VALID
leslie9358@upi,cust100793,pnb,current,2024-11-28,active,VALID
matthew7894@upi,cust107530,pnb,credit_card_linked,2024-06-06,suspended,VALID
william9438@upi,cust102467,sbi,savings,2025-04-29,active,VALID
charles1279@upi,cust102779,icici,credit_card_linked,2023-04-12,suspended,VALID
david3756@upi,cust101099,sbi,credit_card_linked,2023-02-10,active,VALID
sheila7667@upi,cust106323,axis,savings,2025-06-26,active,VALID
anthony9245@upi,cust106978,sbi,savings,2022-10-19,active,VALID
terry7552@upi,cust102845,hdfc,savings,2022-12-29,active,VALID
katelyn1947@upi,cust108718,kotak,savings,2023-12-17,active,VALID
christopher6944@upi,cust101858,sbi,current,2023-01-04,active,VALID
erica7102@upi,cust102029,icici,credit_card_linked,2025-06-13,active,VALID
gina7602@upi,cust104995,kotak,credit_card_linked,2025-08-04,active,VALID
marie4190@upi,cust109546,axis,credit_card_linked,2024-10-04,active,VALID
daniel2524@upi,cust109229,axis,credit_card_linked,2023-07-05,active,VALID
james2519@upi,cust102959,axis,credit_card_linked,2022-03-03,active,VALID
marcus5197@upi,cust107161,icici,current,2022-10-09,active,VALID
joseph5182@upi,cust103025,icici,savings,2024-01-26,active,VALID
sara3347@upi,cust104169,hdfc,credit_card_linked,2023-06-07,active,VALID
jennifer9512@upi,cust104229,hdfc,credit_card_linked,2022-11-13,active,VALID
terry9993@upi,cust100515,sbi,savings,2022-05-14,suspended,VALID
jennifer3327@upi,cust106718,axis,credit_card_linked,2021-04-18,active,VALID
mr.7309@upi,cust105100,icici,current,2021-08-02,active,VALID
tracy9884@upi,cust109581,pnb,savings,2024-08-21,active,VALID
rebecca3814@upi,cust107540,sbi,savings,2025-01-27,active,VALID
david9919@upi,cust101837,kotak,savings,2024-04-28,active,VALID
lucas9905@upi,cust109684,icici,credit_card_linked,2025-03-31,active,VALID
christopher1420@upi,cust100333,icici,credit_card_linked,2025-04-15,active,VALID
nicole4305@upi,cust103404,icici,current,2025-04-13,active,VALID
lisa6807@upi,cust102601,icici,current,2024-09-03,active,VALID
erika9747@upi,cust103573,sbi,current,2024-01-26,active,VALID
scott8511@upi,cust100627,icici,current,2025-06-22,active,VALID
amanda4363@upi,cust101293,sbi,current,2023-01-10,active,VALID
jennifer2162@upi,cust104644,pnb,credit_card_linked,2023-04-05,active,VALID
kristi6631@upi,cust101392,pnb,credit_card_linked,2023-12-06,suspended,VALID
frank7286@upi,cust100870,axis,current,2025-01-08,active,VALID
ms.4102@upi,cust102422,pnb,savings,2025-08-02,active,VALID
nicole2830@upi,cust109800,hdfc,current,2024-10-30,active,VALID
timothy3774@upi,cust109079,sbi,credit_card_linked,2025-04-10,active,VALID
brittney5594@upi,cust103311,kotak,credit_card_linked,2023-11-26,active,VALID
lawrence9217@upi,cust102827,hdfc,savings,2024-08-01,active,VALID
christina3429@upi,cust109746,axis,credit_card_linked,2023-08-07,active,VALID
corey8737@upi,cust107884,pnb,credit_card_linked,2022-11-28,active,VALID
mark8574@upi,cust108654,hdfc,current,2025-07-19,blocked,VALID
christina5666@upi,cust108415,icici,current,2024-07-23,active,VALID
ryan7781@upi,cust100936,pnb,credit_card_linked,2024-09-01,active,VALID
emily2100@upi,cust100607,hdfc,savings,2023-04-05,active,VALID
ross6945@upi,cust101840,pnb,current,2024-10-26,active,VALID
johnny6309@upi,cust107842,hdfc,credit_card_linked,2024-09-17,active,VALID
joshua8207@upi,cust107706,icici,credit_card_linked,2024-12-12,active,VALID
richard8317@upi,cust102883,axis,savings,2025-05-05,active,VALID
mason7502@upi,cust101259,kotak,current,2022-04-20,active,VALID
hector5471@upi,cust109567,axis,credit_card_linked,2021-12-26,active,VALID
susan8807@upi,cust100694,axis,savings,2025-04-27,active,VALID
timothy8217@upi,cust108180,pnb,savings,2025-07-03,active,VALID
katelyn4189@upi,cust108718,icici,savings,2021-10-12,active,VALID
anthony1430@upi,cust103209,pnb,current,2024-07-01,blocked,VALID
dennis9740@upi,cust105055,icici,current,2023-11-29,active,VALID
angela1920@upi,cust101686,axis,current,2025-02-15,active,VALID
joshua2365@upi,cust106682,axis,savings,2024-12-20,active,VALID
david5395@upi,cust102298,kotak,credit_card_linked,2023-07-10,active,VALID
billy3567@upi,cust101154,kotak,current,2024-12-29,suspended,VALID
rachel3513@upi,cust100775,kotak,current,2025-01-21,active,VALID
kaitlin4012@upi,cust102666,kotak,current,2025-04-26,active,VALID
richard1201@upi,cust102968,hdfc,credit_card_linked,2023-11-29,suspended,VALID
kelly7551@upi,cust107893,icici,savings,2023-08-04,active,VALID
justin4980@upi,cust107566,icici,current,2024-11-06,active,VALID
michael7643@upi,cust105296,pnb,current,2024-11-29,active,VALID
sarah1222@upi,cust101778,pnb,current,2023-04-30,blocked,VALID
shawn1357@upi,cust109760,sbi,current,2024-09-01,active,VALID
dylan6327@upi,cust101127,sbi,current,2021-10-29,active,VALID
shane9645@upi,cust103532,pnb,savings,2024-12-24,active,VALID
leon4495@upi,cust102406,pnb,credit_card_linked,2022-10-20,active,VALID
thomas8378@upi,cust100302,pnb,current,2024-12-04,active,VALID
gary2822@upi,cust109085,hdfc,savings,2024-10-27,active,VALID
brandon5901@upi,cust108780,axis,savings,2024-09-23,active,VALID
michael5337@upi,cust109259,kotak,current,2022-03-16,active,VALID
leroy9881@upi,cust101769,axis,current,2025-04-10,active,VALID
carla2916@upi,cust106902,pnb,current,2024-05-17,active,VALID
cynthia2994@upi,cust104972,kotak,savings,2025-03-04,active,VALID
ronald3173@upi,cust103665,kotak,credit_card_linked,2024-01-11,active,VALID
melissa5118@upi,cust103898,sbi,current,2022-03-19,active,VALID
howard9983@upi,cust105234,kotak,current,2024-09-27,active,VALID
carla7214@upi,cust109502,kotak,savings,2025-07-22,active,VALID
james8834@upi,cust100443,axis,current,2025-05-19,active,VALID
michael8529@upi,cust106987,pnb,current,2025-05-15,active,VALID
danielle8971@upi,cust100668,sbi,current,2024-08-24,active,VALID
tina8781@upi,cust101422,sbi,savings,2022-11-26,active,VALID
kristy2378@upi,cust100777,hdfc,savings,2025-07-12,active,VALID
allison6339@upi,cust102125,axis,current,2021-10-01,active,VALID
christina5095@upi,cust107942,pnb,credit_card_linked,2024-02-26,active,VALID
amanda3597@upi,cust109200,axis,current,2024-08-07,active,VALID
cynthia3028@upi,cust104215,sbi,savings,2025-01-26,active,VALID
alejandro7197@upi,cust107929,hdfc,credit_card_linked,2025-07-20,active,VALID
dr.5048@upi,cust105963,kotak,savings,2025-08-01,active,VALID
william6549@upi,cust105682,icici,credit_card_linked,2020-12-19,active,VALID
james4846@upi,cust101006,sbi,savings,2024-06-01,active,VALID
nathaniel2994@upi,cust100699,kotak,savings,2023-01-10,active,VALID
rebecca4266@upi,cust109426,hdfc,current,2024-05-18,active,VALID
lisa2825@upi,cust100762,icici,current,2024-02-06,active,VALID
amy6254@upi,cust106931,pnb,savings,2025-05-14,active,VALID
melissa1560@upi,cust103546,icici,credit_card_linked,2023-01-19,active,VALID
kristina4395@upi,cust105449,sbi,savings,2023-03-04,active,VALID
kimberly6172@upi,cust103802,kotak,savings,2023-04-19,active,VALID
joe4581@upi,cust105828,sbi,savings,2025-02-02,active,VALID
jay7972@upi,cust109813,axis,savings,2022-12-25,active,VALID
jennifer5688@upi,cust102823,pnb,credit_card_linked,2025-08-05,active,VALID
kerry9542@upi,cust103107,sbi,savings,2024-12-17,active,VALID
nicole3146@upi,cust106839,hdfc,savings,2023-02-12,active,VALID
benjamin4293@upi,cust106130,pnb,credit_card_linked,2025-01-11,active,VALID
jessica4451@upi,cust103839,pnb,savings,2023-04-09,active,VALID
melissa6296@upi,cust100380,icici,savings,2025-06-19,active,VALID
john8663@upi,cust101865,kotak,savings,2023-08-23,active,VALID
lauren2244@upi,cust105407,pnb,savings,2025-07-01,active,VALID
dominique5668@upi,cust107779,icici,current,2025-01-15,active,VALID
michael5642@upi,cust105008,icici,current,2025-07-15,active,VALID
stephanie3845@upi,cust108896,pnb,credit_card_linked,2023-08-12,active,VALID
patrick7904@upi,cust107776,hdfc,savings,2024-08-04,active,VALID
robert6946@upi,cust105891,sbi,current,2025-07-09,active,VALID
wendy5484@upi,cust107585,hdfc,current,2025-07-28,active,VALID
paul2380@upi,cust107594,pnb,current,2025-01-16,active,VALID
melinda4127@upi,cust101948,pnb,credit_card_linked,2023-11-03,active,VALID
william4701@upi,cust106875,kotak,current,2025-02-24,active,VALID
deborah1780@upi,cust109719,hdfc,savings,2025-04-23,active,VALID
robert5605@upi,cust101624,hdfc,credit_card_linked,2025-07-10,active,VALID
derek6349@upi,cust100078,icici,credit_card_linked,2023-12-17,active,VALID
laura6923@upi,cust106467,hdfc,savings,2022-07-19,active,VALID
stephanie1045@upi,cust107812,kotak,credit_card_linked,2023-06-29,active,VALID
rick2035@upi,cust105463,hdfc,savings,2024-02-07,active,VALID
craig7068@upi,cust100140,kotak,credit_card_linked,2024-08-28,active,VALID
ronald9909@upi,cust101219,pnb,current,2025-07-16,active,VALID
michelle1780@upi,cust107922,sbi,credit_card_linked,2025-07-07,active,VALID
curtis1640@upi,cust108804,pnb,credit_card_linked,2025-05-30,active,VALID
john6031@upi,cust108812,hdfc,credit_card_linked,2021-12-24,active,VALID
robert6130@upi,cust101445,sbi,current,2023-11-29,suspended,VALID
sergio1213@upi,cust101176,axis,current,2024-07-17,active,VALID
cynthia1566@upi,cust101161,hdfc,savings,2023-06-25,active,VALID
joseph3564@upi,cust102377,hdfc,credit_card_linked,2025-06-17,active,VALID
tammy4535@upi,cust100094,pnb,credit_card_linked,2024-06-03,blocked,VALID
eric6417@upi,cust108806,kotak,savings,2024-08-12,active,VALID
morgan3506@upi,cust104327,icici,savings,2023-05-01,active,VALID
todd6047@upi,cust103679,kotak,savings,2025-04-08,active,VALID
victoria3653@upi,cust103740,sbi,current,2025-03-06,active,VALID
mary5639@upi,cust104211,kotak,credit_card_linked,2025-05-19,active,VALID
crystal7851@upi,cust100317,sbi,current,2022-06-26,active,VALID
samantha3884@upi,cust100067,axis,savings,2024-07-19,blocked,VALID
brian4122@upi,cust103743,axis,credit_card_linked,2021-11-25,active,VALID
anthony4692@upi,cust108131,icici,current,2024-01-16,active,VALID
jason8664@upi,cust109786,icici,current,2023-07-02,active,VALID
william2300@upi,cust103419,icici,savings,2021-12-25,active,VALID
cody3320@upi,cust107533,kotak,current,2024-03-02,active,VALID
raymond7012@upi,cust108293,icici,credit_card_linked,2025-06-28,active,VALID
john8296@upi,cust101591,kotak,credit_card_linked,2024-12-05,suspended,VALID
michael9985@upi,cust107086,kotak,savings,2023-12-10,active,VALID
ann8509@upi,cust101789,pnb,credit_card_linked,2022-08-02,active,VALID
larry4635@upi,cust102615,icici,current,2024-08-28,active,VALID
elizabeth8784@upi,cust107363,hdfc,credit_card_linked,2023-09-27,active,VALID
susan8617@upi,cust106205,hdfc,savings,2022-09-28,blocked,VALID
tiffany3382@upi,cust106158,sbi,credit_card_linked,2025-04-05,active,VALID
cameron5042@upi,cust102750,pnb,current,2025-05-21,active,VALID
john1347@upi,cust103512,kotak,credit_card_linked,2020-11-28,active,VALID
kenneth8199@upi,cust100390,pnb,current,2025-06-01,active,VALID
devin5391@upi,cust108662,kotak,current,2023-08-14,active,VALID
william1345@upi,cust108515,hdfc,savings,2024-09-07,active,VALID
tyler8595@upi,cust101065,icici,current,2023-12-01,active,VALID
justin6561@upi,cust104786,pnb,current,2025-07-31,active,VALID
joseph2253@upi,cust101863,hdfc,credit_card_linked,2024-06-26,active,VALID
carly7850@upi,cust109269,pnb,savings,2023-02-06,active,VALID
christopher6042@upi,cust109329,hdfc,current,2025-05-21,active,VALID
william2829@upi,cust102580,pnb,credit_card_linked,2024-01-06,active,VALID
robert7426@upi,cust109144,icici,current,2022-03-09,active,VALID
jennifer1883@upi,cust102035,sbi,current,2022-06-28,active,VALID
kevin6699@upi,cust101357,pnb,credit_card_linked,2023-11-14,active,VALID
willie6271@upi,cust105716,sbi,current,2025-01-24,active,VALID
john9997@upi,cust102611,hdfc,credit_card_linked,2023-08-20,active,VALID
jason3402@upi,cust109010,sbi,credit_card_linked,2025-07-09,suspended,VALID
ronald7688@upi,cust102945,hdfc,credit_card_linked,2024-10-28,suspended,VALID
steven4702@upi,cust108838,sbi,current,2020-11-09,active,VALID
jacob1430@upi,cust107882,sbi,savings,2023-11-21,active,VALID
courtney9667@upi,cust101004,sbi,savings,2024-09-15,active,VALID
bryan2965@upi,cust107372,axis,credit_card_linked,2025-06-15,active,VALID
timothy9689@upi,cust108180,sbi,credit_card_linked,2025-07-16,active,VALID
dustin4955@upi,cust109484,hdfc,credit_card_linked,2023-09-08,active,VALID
kurt1229@upi,cust104179,kotak,savings,2024-06-15,active,VALID
john4476@upi,cust101404,kotak,current,2024-01-03,active,VALID
joel5943@upi,cust102994,hdfc,savings,2025-07-01,active,VALID
heather6508@upi,cust108938,kotak,savings,2024-10-18,blocked,VALID
edward5965@upi,cust104048,hdfc,current,2022-07-29,active,VALID
paul8595@upi,cust109172,hdfc,credit_card_linked,2025-04-23,active,VALID
jessica3050@upi,cust105639,kotak,credit_card_linked,2023-03-14,active,VALID
natalie4811@upi,cust103702,hdfc,current,2025-07-04,active,VALID
dylan3053@upi,cust102794,kotak,current,2025-02-22,active,VALID
gary3683@upi,cust105689,pnb,credit_card_linked,2023-10-10,active,VALID
travis5038@upi,cust108209,kotak,credit_card_linked,2024-02-04,active,VALID
carrie8705@upi,cust108449,sbi,current,2022-03-25,active,VALID
dr.7976@upi,cust101679,icici,current,2022-10-15,suspended,VALID
elizabeth2618@upi,cust109566,axis,current,2025-03-22,active,VALID
matthew5958@upi,cust101110,kotak,current,2023-10-23,active,VALID
rebecca4618@upi,cust103400,kotak,savings,2024-06-22,active,VALID
kristy4542@upi,cust104597,hdfc,current,2024-12-30,active,VALID
vanessa7722@upi,cust104598,pnb,savings,2025-03-19,active,VALID
caitlin7704@upi,cust106133,hdfc,credit_card_linked,2021-11-17,active,VALID
courtney3410@upi,cust108020,hdfc,savings,2025-05-16,active,VALID
dwayne2075@upi,cust107273,icici,credit_card_linked,2023-11-17,active,VALID
nicholas1928@upi,cust102682,pnb,credit_card_linked,2025-02-11,active,VALID
john7696@upi,cust103065,pnb,savings,2025-02-15,active,VALID
kelsey6547@upi,cust109910,kotak,credit_card_linked,2025-01-17,active,VALID
samantha7333@upi,cust106448,pnb,savings,2025-05-12,active,VALID
deborah5558@upi,cust108571,sbi,credit_card_linked,2021-09-20,active,VALID
sharon8352@upi,cust107751,hdfc,credit_card_linked,2024-03-17,suspended,VALID
ashley9764@upi,cust105124,axis,savings,2023-03-16,active,VALID
william2032@upi,cust101300,icici,credit_card_linked,2024-03-25,active,VALID
daniel8332@upi,cust108377,hdfc,credit_card_linked,2025-06-02,active,VALID
kristin1003@upi,cust100832,sbi,savings,2025-06-18,active,VALID
elizabeth3676@upi,cust108056,pnb,savings,2024-06-18,active,VALID
andrew2286@upi,cust107305,pnb,savings,2023-12-21,active,VALID
paul2148@upi,cust104967,kotak,current,2025-05-26,active,VALID
lance6464@upi,cust109245,kotak,savings,2024-11-13,active,VALID
bryan4305@upi,cust106991,icici,current,2025-07-03,active,VALID
jason2047@upi,cust108640,pnb,credit_card_linked,2025-01-09,active,VALID
matthew7274@upi,cust101758,hdfc,current,2024-03-14,active,VALID
monique4397@upi,cust105771,sbi,current,2021-11-14,active,VALID
ashley1924@upi,cust102791,hdfc,current,2025-07-30,active,VALID
kim1325@upi,cust105774,icici,savings,2025-07-24,active,VALID
joseph8282@upi,cust109113,pnb,current,2025-07-20,active,VALID
wesley5674@upi,cust100705,sbi,current,2024-08-02,active,VALID
theresa2045@upi,cust107905,sbi,savings,2024-03-16,suspended,VALID
nancy5442@upi,cust100984,icici,current,2025-07-24,suspended,VALID
aaron1937@upi,cust101695,kotak,savings,2024-05-01,active,VALID
william6899@upi,cust102653,icici,credit_card_linked,2025-03-16,active,VALID
colleen2733@upi,cust105930,axis,savings,2024-02-20,active,VALID
alicia7758@upi,cust100912,icici,current,2025-04-29,active,VALID
misty7086@upi,cust105858,kotak,savings,2025-05-21,suspended,VALID
jennifer2119@upi,cust102830,icici,current,2022-06-28,active,VALID
william6711@upi,cust101119,kotak,savings,2023-12-15,active,VALID
jennifer6270@upi,cust102776,sbi,current,2024-05-14,active,VALID
regina6921@upi,cust107738,axis,credit_card_linked,2025-01-25,active,VALID
robert5140@upi,cust101169,pnb,current,2024-11-09,active,VALID
mary3828@upi,cust107111,axis,credit_card_linked,2023-01-12,active,VALID
debbie5214@upi,cust102373,kotak,current,2025-07-25,active,VALID
james6544@upi,cust103977,hdfc,credit_card_linked,2024-11-19,active,VALID
ricky5339@upi,cust105755,icici,current,2025-01-03,active,VALID
jennifer9722@upi,cust106288,axis,savings,2025-03-30,active,VALID
ryan7069@upi,cust103883,kotak,savings,2023-09-22,active,VALID
robert1452@upi,cust105602,icici,current,2023-10-27,active,VALID
james6817@upi,cust102727,hdfc,credit_card_linked,2024-05-23,active,VALID
thomas8551@upi,cust100302,kotak,current,2025-04-02,active,VALID
rodney4883@upi,cust100494,icici,current,2023-07-31,active,VALID
evan8211@upi,cust105025,sbi,savings,2023-05-13,active,VALID
sandra8284@upi,cust108910,kotak,current,2024-01-09,active,VALID
amber9098@upi,cust103915,icici,current,2025-03-01,active,VALID
jennifer7783@upi,cust102268,axis,credit_card_linked,2025-01-08,active,VALID
tyler5724@upi,cust104881,kotak,savings,2024-01-13,active,VALID
cory8713@upi,cust105282,sbi,credit_card_linked,2024-09-04,active,VALID
james1275@upi,cust103881,icici,credit_card_linked,2025-05-13,active,VALID
carla5113@upi,cust106902,kotak,current,2025-07-02,active,VALID
jesse9172@upi,cust107139,pnb,credit_card_linked,2021-09-29,active,VALID
eric7730@upi,cust101368,hdfc,credit_card_linked,2025-08-04,active,VALID
lisa4018@upi,cust105418,axis,credit_card_linked,2025-06-30,active,VALID
michael8927@upi,cust100669,kotak,credit_card_linked,2025-04-27,active,VALID
robin2418@upi,cust109241,sbi,savings,2025-06-29,active,VALID
jack9736@upi,cust104516,axis,current,2025-07-03,active,VALID
james7750@upi,cust103031,icici,credit_card_linked,2024-12-17,active,VALID
jonathan5287@upi,cust103921,hdfc,current,2023-06-26,active,VALID
brian2803@upi,cust108796,kotak,savings,2025-05-04,active,VALID
ethan6043@upi,cust106357,axis,savings,2025-03-18,active,VALID
aaron7282@upi,cust108186,icici,savings,2024-08-04,active,VALID
sharon9970@upi,cust102075,pnb,credit_card_linked,2021-05-05,active,VALID
brian2026@upi,cust107360,icici,current,2022-06-27,active,VALID
katie1682@upi,cust104019,sbi,savings,2025-05-12,active,VALID
andrew1030@upi,cust104706,pnb,current,2023-11-04,active,VALID
michael5815@upi,cust105592,icici,current,2024-12-07,active,VALID
alex8478@upi,cust104324,axis,credit_card_linked,2023-10-21,active,VALID
meagan7731@upi,cust105830,sbi,current,2025-05-31,active,VALID
karen9128@upi,cust106128,kotak,savings,2024-11-29,active,VALID
lucas9055@upi,cust100432,kotak,credit_card_linked,2023-07-24,active,VALID
james5334@upi,cust102544,hdfc,savings,2024-07-28,active,VALID
michael3805@upi,cust103323,kotak,savings,2024-02-07,active,VALID
dylan3971@upi,cust106924,pnb,current,2024-05-19,active,VALID
edward1808@upi,cust104025,pnb,credit_card_linked,2025-04-11,active,VALID
jesse4620@upi,cust105209,kotak,current,2023-08-23,active,VALID
michael6712@upi,cust104202,icici,credit_card_linked,2025-05-10,active,VALID
alicia5208@upi,cust100912,axis,credit_card_linked,2025-07-11,active,VALID
ronald4676@upi,cust106813,kotak,savings,2022-10-16,active,VALID
lori8411@upi,cust100202,icici,credit_card_linked,2022-09-22,active,VALID
melissa9668@upi,cust106458,sbi,credit_card_linked,2024-07-17,active,VALID
sherri1890@upi,cust101949,axis,credit_card_linked,2024-10-05,active,VALID
kaylee4971@upi,cust100748,hdfc,savings,2024-05-22,active,VALID
debbie6835@upi,cust103818,pnb,current,2024-07-25,active,VALID
christine8151@upi,cust100787,icici,savings,2021-09-15,active,VALID
samantha2455@upi,cust100591,kotak,credit_card_linked,2024-06-04,active,VALID
ryan8653@upi,cust108306,kotak,savings,2024-02-28,active,VALID
jesse2515@upi,cust104635,pnb,current,2024-12-21,blocked,VALID
john7095@upi,cust108599,hdfc,credit_card_linked,2024-02-22,active,VALID
russell2734@upi,cust104328,icici,credit_card_linked,2024-02-23,active,VALID
brittney3144@upi,cust101291,axis,savings,2025-07-10,suspended,VALID
robert9996@upi,cust104788,icici,current,2024-07-10,active,VALID
tiffany8130@upi,cust108059,kotak,credit_card_linked,2023-05-03,active,VALID
brandon2500@upi,cust108813,sbi,savings,2024-07-09,active,VALID
wendy1980@upi,cust102354,axis,credit_card_linked,2022-08-16,active,VALID
james6871@upi,cust103977,sbi,current,2024-03-18,active,VALID
joshua2332@upi,cust108144,pnb,credit_card_linked,2024-04-01,active,VALID
earl7014@upi,cust100815,pnb,credit_card_linked,2025-07-30,active,VALID
cristina5370@upi,cust106187,hdfc,current,2024-12-29,active,VALID
lori9681@upi,cust101459,kotak,credit_card_linked,2024-10-21,active,VALID
mary2079@upi,cust108200,pnb,savings,2021-04-13,active,VALID
jennifer9924@upi,cust105583,pnb,current,2023-11-03,active,VALID
brian4369@upi,cust101866,hdfc,current,2024-07-13,active,VALID
luis9049@upi,cust108222,icici,current,2023-10-10,active,VALID
nancy7094@upi,cust100984,sbi,current,2025-02-05,active,VALID
kristina1416@upi,cust102188,pnb,current,2021-11-19,active,VALID
andrea5461@upi,cust107190,pnb,current,2024-11-03,active,VALID
mike2097@upi,cust102215,pnb,current,2023-09-10,active,VALID
chloe7273@upi,cust100166,axis,savings,2025-01-14,active,VALID
robert7254@upi,cust109880,axis,credit_card_linked,2024-03-04,active,VALID
pamela7760@upi,cust102104,icici,credit_card_linked,2025-06-30,active,VALID
todd1573@upi,cust100012,icici,savings,2022-09-05,active,VALID
stephanie2484@upi,cust107240,icici,savings,2024-10-08,active,VALID
james3340@upi,cust108935,axis,credit_card_linked,2025-04-21,active,VALID
matthew2328@upi,cust103928,hdfc,credit_card_linked,2025-07-09,suspended,VALID
danielle4809@upi,cust109718,icici,credit_card_linked,2021-05-24,active,VALID
robin6275@upi,cust102790,pnb,savings,2025-01-15,active,VALID
martha1611@upi,cust109655,pnb,credit_card_linked,2024-08-28,active,VALID
jennifer8288@upi,cust109595,hdfc,credit_card_linked,2022-01-13,active,VALID
noah9395@upi,cust104855,icici,credit_card_linked,2024-07-02,active,VALID
amanda5107@upi,cust105800,pnb,savings,2023-05-12,active,VALID
ashley4452@upi,cust108384,icici,savings,2024-10-17,blocked,VALID
casey6076@upi,cust107073,icici,current,2025-08-04,active,VALID
ricardo6965@upi,cust107443,axis,savings,2025-01-25,active,VALID
kimberly5076@upi,cust109563,icici,savings,2024-02-28,active,VALID
julie2463@upi,cust108996,axis,savings,2024-12-20,active,VALID
stephen7555@upi,cust105599,icici,current,2025-05-20,active,VALID
ruben8679@upi,cust103005,pnb,credit_card_linked,2024-04-24,active,VALID
thomas1677@upi,cust104432,axis,current,2025-03-26,suspended,VALID
melissa8726@upi,cust103182,axis,savings,2025-01-10,active,VALID
emily9993@upi,cust107322,pnb,current,2024-01-10,suspended,VALID
whitney5339@upi,cust105738,pnb,savings,2023-06-20,active,VALID
randy4314@upi,cust100751,pnb,credit_card_linked,2024-11-23,active,VALID
eugene8478@upi,cust102658,kotak,credit_card_linked,2024-11-17,active,VALID
kimberly6291@upi,cust104422,pnb,current,2025-05-16,active,VALID
mrs.1198@upi,cust106789,kotak,credit_card_linked,2025-06-04,active,VALID
edward3246@upi,cust102640,axis,current,2025-07-10,active,VALID
christopher2520@upi,cust104731,sbi,savings,2023-06-13,active,VALID
heidi3139@upi,cust104369,icici,credit_card_linked,2023-09-29,active,VALID
kimberly6338@upi,cust107256,hdfc,credit_card_linked,2024-09-10,active,VALID
monique5814@upi,cust105771,kotak,current,2024-05-11,active,VALID
javier1683@upi,cust105361,axis,current,2025-01-10,active,VALID
luis1115@upi,cust103090,sbi,current,2024-08-28,active,VALID
erica4013@upi,cust108912,axis,current,2025-06-24,active,VALID
kristina9896@upi,cust103138,pnb,savings,2025-07-17,active,VALID
kristin3091@upi,cust105194,pnb,current,2024-04-17,active,VALID
stacy2775@upi,cust101700,pnb,savings,2025-02-08,suspended,VALID
brian2321@upi,cust102282,icici,savings,2024-07-08,active,VALID
michael8794@upi,cust106987,icici,current,2025-05-22,active,VALID
theresa6939@upi,cust102984,hdfc,credit_card_linked,2024-12-18,active,VALID
mark6559@upi,cust102394,kotak,savings,2023-08-18,active,VALID
cynthia6762@upi,cust105146,hdfc,savings,2024-05-14,active,VALID
justin8818@upi,cust103661,hdfc,current,2025-06-20,active,VALID
katherine5458@upi,cust107656,sbi,credit_card_linked,2024-05-16,active,VALID
michael2609@upi,cust101755,hdfc,savings,2024-11-01,suspended,VALID
robert4553@upi,cust105941,kotak,current,2023-09-29,active,VALID
connie1782@upi,cust107606,sbi,credit_card_linked,2023-08-09,active,VALID
alexandra7520@upi,cust104376,icici,current,2024-03-24,active,VALID
scott4614@upi,cust103562,icici,current,2025-03-03,active,VALID
kevin5826@upi,cust103219,sbi,savings,2024-12-20,active,VALID
suzanne6518@upi,cust104929,hdfc,credit_card_linked,2022-04-26,active,VALID
alyssa2841@upi,cust107726,sbi,savings,2024-12-08,active,VALID
theresa6034@upi,cust100239,axis,credit_card_linked,2025-07-24,active,VALID
maria3389@upi,cust107337,sbi,credit_card_linked,2025-06-22,active,VALID
kyle3195@upi,cust104412,sbi,current,2024-10-05,active,VALID
casey9326@upi,cust109713,pnb,current,2024-10-02,active,VALID
daryl4069@upi,cust103324,hdfc,savings,2023-07-18,active,VALID
stephanie7095@upi,cust109871,icici,savings,2025-02-01,active,VALID
aaron9891@upi,cust105135,sbi,credit_card_linked,2022-07-21,active,VALID
michael8145@upi,cust100458,hdfc,current,2024-01-08,active,VALID
samantha5057@upi,cust106439,hdfc,credit_card_linked,2025-04-21,active,VALID
ashley9044@upi,cust101012,pnb,current,2025-03-16,active,VALID
kim4575@upi,cust104823,sbi,credit_card_linked,2022-12-12,active,VALID
mrs.5625@upi,cust102002,sbi,credit_card_linked,2024-05-06,active,VALID
courtney7904@upi,cust108057,axis,savings,2023-03-21,active,VALID
sara6271@upi,cust104427,kotak,savings,2023-10-04,active,VALID
emily7004@upi,cust108892,icici,savings,2025-06-17,blocked,VALID
matthew2322@upi,cust105624,kotak,credit_card_linked,2024-08-26,active,VALID
leah4111@upi,cust107778,pnb,savings,2024-12-17,active,VALID
christopher5706@upi,cust106604,kotak,current,2022-08-21,active,VALID
max1404@upi,cust104244,pnb,current,2025-07-17,active,VALID
mr.4787@upi,cust102936,kotak,credit_card_linked,2024-10-13,active,VALID
douglas7660@upi,cust104347,pnb,current,2024-12-31,active,VALID
william4935@upi,cust100850,axis,current,2025-03-01,active,VALID
angela9368@upi,cust107334,hdfc,current,2025-02-22,active,VALID
christian5856@upi,cust101071,axis,credit_card_linked,2024-12-18,active,VALID
roger4839@upi,cust108365,pnb,savings,2025-07-20,blocked,VALID
rebecca1577@upi,cust100678,pnb,current,2025-05-01,active,VALID
anthony3647@upi,cust105784,pnb,savings,2025-06-13,active,VALID
janice5591@upi,cust106967,sbi,current,2022-12-26,active,VALID
ernest7811@upi,cust102460,pnb,credit_card_linked,2025-03-15,active,VALID
nicholas1568@upi,cust102796,sbi,credit_card_linked,2025-06-23,active,VALID
susan1379@upi,cust106076,axis,current,2024-09-08,active,VALID
sandy8073@upi,cust103176,pnb,credit_card_linked,2024-10-25,active,VALID
kayla1266@upi,cust109723,sbi,current,2025-05-20,active,VALID
scott2526@upi,cust106371,icici,current,2025-06-23,active,VALID
anthony3352@upi,cust102871,sbi,savings,2023-04-22,active,VALID
peggy1478@upi,cust103408,icici,credit_card_linked,2025-07-08,active,VALID
ronald1072@upi,cust106742,kotak,savings,2025-06-02,active,VALID
michelle6821@upi,cust108283,icici,current,2021-07-16,active,VALID
vickie3814@upi,cust102068,axis,savings,2025-06-17,active,VALID
amanda3833@upi,cust105642,axis,current,2022-02-22,active,VALID
danielle2358@upi,cust109714,kotak,savings,2024-07-21,active,VALID
megan9101@upi,cust100176,hdfc,savings,2023-01-16,active,VALID
tiffany3373@upi,cust104313,axis,savings,2024-07-15,active,VALID
jill3358@upi,cust100047,pnb,savings,2025-01-27,active,VALID
jennifer9526@upi,cust104756,icici,credit_card_linked,2022-08-15,active,VALID
larry1137@upi,cust103982,axis,credit_card_linked,2025-07-19,active,VALID
cathy7193@upi,cust108231,axis,savings,2025-03-14,active,VALID
eric5315@upi,cust105533,sbi,credit_card_linked,2024-05-04,active,VALID
john3853@upi,cust105277,kotak,credit_card_linked,2025-01-05,active,VALID
christopher2161@upi,cust107282,sbi,current,2024-12-24,active,VALID
valerie9157@upi,cust103184,axis,savings,2025-08-04,active,VALID
jessica5357@upi,cust101470,axis,savings,2023-11-23,active,VALID
robert7982@upi,cust101252,pnb,savings,2025-06-17,active,VALID
austin6131@upi,cust105415,pnb,savings,2024-04-06,active,VALID
mark3873@upi,cust107825,icici,credit_card_linked,2024-02-27,active,VALID
frank5110@upi,cust108095,kotak,current,2024-08-28,active,VALID
angela5363@upi,cust106997,hdfc,savings,2024-10-26,active,VALID
brianna3651@upi,cust100459,kotak,credit_card_linked,2025-03-27,active,VALID
heidi2088@upi,cust102525,sbi,savings,2023-05-05,blocked,VALID
jamie2457@upi,cust101377,icici,credit_card_linked,2025-05-05,active,VALID
connie9841@upi,cust106891,pnb,credit_card_linked,2025-02-06,active,VALID
curtis1223@upi,cust105123,kotak,credit_card_linked,2024-11-05,active,VALID
johnny6260@upi,cust107624,icici,current,2024-06-27,active,VALID
michael2256@upi,cust105819,pnb,credit_card_linked,2025-06-08,active,VALID
andrew8967@upi,cust100159,sbi,credit_card_linked,2023-01-13,active,VALID
ronald1014@upi,cust101355,hdfc,credit_card_linked,2023-12-04,active,VALID
david3060@upi,cust107312,icici,current,2024-02-28,active,VALID
amanda3762@upi,cust109038,icici,current,2023-12-15,active,VALID
thomas1291@upi,cust102500,hdfc,savings,2023-06-09,active,VALID
alex3117@upi,cust103348,pnb,credit_card_linked,2024-12-26,active,VALID
john3534@upi,cust104115,hdfc,current,2023-07-17,active,VALID
jeremiah9779@upi,cust101905,hdfc,credit_card_linked,2021-06-10,active,VALID
zachary1822@upi,cust107078,pnb,current,2025-07-08,active,VALID
amy7310@upi,cust109593,pnb,credit_card_linked,2022-10-26,active,VALID
carlos2162@upi,cust107705,axis,current,2023-10-18,active,VALID
thomas2943@upi,cust101747,axis,current,2025-03-05,active,VALID
madeline1387@upi,cust101539,kotak,credit_card_linked,2024-05-22,active,VALID
jessica2267@upi,cust104538,hdfc,credit_card_linked,2024-10-01,active,VALID
robert8793@upi,cust102085,icici,savings,2022-11-27,active,VALID
april2857@upi,cust100851,icici,current,2024-02-07,active,VALID
matthew2336@upi,cust105286,hdfc,savings,2024-09-21,active,VALID
richard1410@upi,cust102919,kotak,credit_card_linked,2023-08-31,active,VALID
tracy1650@upi,cust109949,axis,savings,2024-11-24,active,VALID
michele1979@upi,cust107374,axis,current,2023-04-03,active,VALID
joshua7580@upi,cust100572,pnb,savings,2023-10-05,active,VALID
richard7649@upi,cust105443,icici,current,2024-01-27,active,VALID
virginia6065@upi,cust106063,kotak,current,2023-10-22,active,VALID
thomas1196@upi,cust100022,axis,current,2025-05-17,suspended,VALID
amy3280@upi,cust100878,kotak,current,2025-07-23,active,VALID
ms.1819@upi,cust103223,axis,savings,2024-12-23,active,VALID
mr.7543@upi,cust100536,pnb,current,2023-01-07,active,VALID
timothy7714@upi,cust100794,icici,savings,2023-01-23,active,VALID
emily4471@upi,cust109862,axis,current,2025-08-03,suspended,VALID
bryan6531@upi,cust101925,pnb,current,2022-04-10,active,VALID
james3218@upi,cust109792,sbi,savings,2024-03-05,active,VALID
anthony5872@upi,cust106978,hdfc,savings,2021-08-10,active,VALID
howard2238@upi,cust104276,axis,credit_card_linked,2025-06-08,active,VALID
melissa4579@upi,cust109440,hdfc,savings,2025-01-21,active,VALID
anna7590@upi,cust103999,kotak,credit_card_linked,2023-03-21,active,VALID
ariana6183@upi,cust101587,sbi,savings,2023-05-14,active,VALID
melinda3854@upi,cust100562,kotak,current,2025-06-29,active,VALID
nancy8852@upi,cust101691,pnb,savings,2025-05-18,active,VALID
matthew1541@upi,cust105997,sbi,credit_card_linked,2024-01-22,active,VALID
travis7706@upi,cust109073,pnb,current,2025-08-01,suspended,VALID
amy1478@upi,cust109865,sbi,savings,2025-05-15,active,VALID
kenneth6351@upi,cust103951,pnb,credit_card_linked,2024-11-17,active,VALID
jeffrey7211@upi,cust106029,icici,current,2024-10-30,active,VALID
douglas8199@upi,cust100019,pnb,savings,2024-01-05,active,VALID
anthony7396@upi,cust100306,sbi,current,2025-07-02,active,VALID
emily5344@upi,cust106842,sbi,savings,2024-09-25,active,VALID
melissa9689@upi,cust102425,axis,credit_card_linked,2024-01-29,active,VALID
christina5540@upi,cust109806,pnb,savings,2025-06-05,active,VALID
bruce9399@upi,cust102708,kotak,savings,2023-09-28,active,VALID
thomas8738@upi,cust107082,axis,savings,2025-07-31,active,VALID
david2128@upi,cust106673,axis,current,2024-09-02,active,VALID
matthew9245@upi,cust108849,pnb,credit_card_linked,2023-07-30,active,VALID
mary9932@upi,cust100221,icici,credit_card_linked,2023-01-27,active,VALID
sara4124@upi,cust104043,pnb,current,2021-09-09,active,VALID
amanda6930@upi,cust102428,pnb,credit_card_linked,2022-09-24,active,VALID
geoffrey1927@upi,cust105735,sbi,savings,2025-06-03,active,VALID
amber4622@upi,cust106985,pnb,savings,2023-12-19,active,VALID
michelle1500@upi,cust104691,icici,savings,2023-11-30,active,VALID
jon2433@upi,cust106210,pnb,current,2025-04-04,active,VALID
connor8249@upi,cust100675,pnb,savings,2024-04-10,active,VALID
steven3439@upi,cust105465,hdfc,savings,2024-04-16,active,VALID
heather1298@upi,cust104579,pnb,credit_card_linked,2024-11-14,active,VALID
tiffany9686@upi,cust103666,sbi,savings,2021-10-31,active,VALID
julie6789@upi,cust105244,kotak,savings,2025-05-16,active,VALID
dustin7429@upi,cust108161,kotak,credit_card_linked,2025-06-26,active,VALID
matthew3976@upi,cust108849,axis,savings,2024-09-15,active,VALID
donald3770@upi,cust102999,sbi,savings,2025-06-14,active,VALID
tracy5199@upi,cust109848,pnb,current,2025-08-03,active,VALID
michael8491@upi,cust104275,kotak,current,2025-02-23,active,VALID
rebecca6064@upi,cust101699,axis,credit_card_linked,2024-01-22,active,VALID
cameron9657@upi,cust100726,hdfc,credit_card_linked,2024-03-14,active,VALID
keith6911@upi,cust106736,hdfc,credit_card_linked,2024-09-21,active,VALID
andrew5085@upi,cust105929,sbi,current,2024-09-01,active,VALID
ashley6616@upi,cust101386,kotak,credit_card_linked,2024-10-22,blocked,VALID
nancy9050@upi,cust105382,icici,savings,2024-12-13,active,VALID
carl6017@upi,cust107978,kotak,current,2023-10-27,active,VALID
kaitlyn9208@upi,cust108476,icici,credit_card_linked,2025-08-05,active,VALID
jason9635@upi,cust106310,icici,current,2024-12-18,active,VALID
sarah1115@upi,cust105903,axis,credit_card_linked,2024-01-17,active,VALID
christopher3202@upi,cust103498,kotak,current,2024-08-18,active,VALID
victoria7621@upi,cust102733,icici,credit_card_linked,2024-07-17,active,VALID
mary6060@upi,cust103330,sbi,savings,2025-01-22,blocked,VALID
dylan2184@upi,cust106853,pnb,credit_card_linked,2022-10-23,active,VALID
ashley7850@upi,cust103592,axis,savings,2024-04-20,active,VALID
natasha4225@upi,cust107276,hdfc,credit_card_linked,2025-06-20,active,VALID
christopher1856@upi,cust103280,kotak,savings,2024-05-04,active,VALID
tyler3223@upi,cust106123,sbi,credit_card_linked,2023-11-25,active,VALID
douglas5612@upi,cust100588,kotak,current,2024-08-17,active,VALID
gina2283@upi,cust101623,icici,current,2025-01-21,active,VALID
jill9501@upi,cust109447,axis,credit_card_linked,2024-01-15,suspended,VALID
joseph4013@upi,cust108520,icici,credit_card_linked,2025-05-15,active,VALID
emily7089@upi,cust100453,kotak,credit_card_linked,2024-05-25,active,VALID
barbara1197@upi,cust108925,hdfc,savings,2023-01-17,active,VALID
joseph8983@upi,cust107663,kotak,current,2024-10-28,active,VALID
phillip5154@upi,cust106847,axis,credit_card_linked,2024-08-27,active,VALID
kevin1758@upi,cust108008,kotak,credit_card_linked,2021-12-01,active,VALID
brianna3551@upi,cust101384,kotak,current,2024-01-30,active,VALID
megan6916@upi,cust106687,kotak,credit_card_linked,2022-10-28,active,VALID
charles7934@upi,cust100974,sbi,current,2022-03-03,active,VALID
roger4952@upi,cust103028,hdfc,savings,2025-07-11,active,VALID
linda6463@upi,cust101160,icici,current,2022-12-31,active,VALID
krista4925@upi,cust103283,axis,savings,2024-10-11,active,VALID
daniel2448@upi,cust109229,kotak,credit_card_linked,2022-07-22,active,VALID
meagan4498@upi,cust100473,sbi,savings,2023-07-11,active,VALID
ann5817@upi,cust103826,kotak,savings,2024-04-22,active,VALID
brandon3325@upi,cust108027,kotak,credit_card_linked,2024-02-13,active,VALID
elizabeth3438@upi,cust106462,pnb,current,2025-07-26,active,VALID
morgan4171@upi,cust105024,icici,current,2024-03-09,active,VALID
jimmy9180@upi,cust109097,axis,savings,2023-12-21,active,VALID
david8220@upi,cust107863,axis,current,2023-10-13,active,VALID
allison6212@upi,cust101617,icici,current,2024-02-09,active,VALID
rachel7857@upi,cust107676,icici,current,2022-05-29,active,VALID
rachel4157@upi,cust102070,axis,savings,2023-05-29,active,VALID
beth9113@upi,cust102263,sbi,savings,2025-06-18,active,VALID
jesse8243@upi,cust104635,kotak,current,2024-09-27,active,VALID
natalie8836@upi,cust104914,icici,credit_card_linked,2024-06-01,active,VALID
brittany5270@upi,cust102920,axis,credit_card_linked,2023-01-10,blocked,VALID
cindy1425@upi,cust101495,pnb,credit_card_linked,2024-07-30,active,VALID
edward4457@upi,cust103703,icici,credit_card_linked,2023-12-22,active,VALID
terry7624@upi,cust107764,icici,savings,2025-07-21,active,VALID
tanya7356@upi,cust101771,pnb,current,2023-08-19,active,VALID
kayla2930@upi,cust105982,icici,current,2024-04-07,active,VALID
brianna8624@upi,cust100459,sbi,current,2025-05-25,active,VALID
john6233@upi,cust106520,axis,current,2025-02-17,active,VALID
david5632@upi,cust106185,hdfc,current,2024-08-20,active,VALID
adrian1856@upi,cust104261,axis,savings,2025-05-27,active,VALID
katrina7441@upi,cust107912,pnb,savings,2023-05-24,active,VALID
eric2045@upi,cust108320,pnb,savings,2023-08-31,suspended,VALID
suzanne3781@upi,cust107369,icici,savings,2025-07-04,active,VALID
valerie3880@upi,cust108004,sbi,current,2024-02-01,active,VALID
douglas5182@upi,cust101359,sbi,current,2022-12-26,active,VALID
lisa8699@upi,cust107242,hdfc,savings,2025-03-16,blocked,VALID
joel8608@upi,cust108802,hdfc,current,2025-04-02,active,VALID
james2860@upi,cust107713,kotak,current,2024-07-01,blocked,VALID
adam3094@upi,cust104452,pnb,savings,2024-02-24,active,VALID
kristopher7199@upi,cust107519,hdfc,current,2025-04-12,active,VALID
randall3410@upi,cust104445,sbi,credit_card_linked,2025-04-19,active,VALID
levi7082@upi,cust104864,hdfc,current,2024-02-07,blocked,VALID
amber2132@upi,cust100833,sbi,current,2024-11-03,active,VALID
larry8527@upi,cust100543,hdfc,credit_card_linked,2025-07-07,active,VALID
susan3345@upi,cust103934,hdfc,credit_card_linked,2025-07-27,active,VALID
stacie6059@upi,cust100481,kotak,current,2025-01-21,active,VALID
brittany2308@upi,cust107531,axis,current,2025-05-10,active,VALID
jennifer7186@upi,cust102101,kotak,credit_card_linked,2023-01-24,active,VALID
danny2797@upi,cust106522,pnb,credit_card_linked,2025-06-15,active,VALID
mark2188@upi,cust104357,icici,savings,2025-02-18,suspended,VALID
michelle6385@upi,cust104570,axis,credit_card_linked,2024-06-08,active,VALID
tyler7742@upi,cust104676,sbi,savings,2024-12-30,active,VALID
jordan3577@upi,cust100326,pnb,current,2024-12-15,active,VALID
michael1643@upi,cust102093,axis,current,2024-12-15,active,VALID
kayla8199@upi,cust103730,pnb,savings,2025-02-10,active,VALID
martin6315@upi,cust107748,hdfc,credit_card_linked,2021-10-26,active,VALID
jennifer8755@upi,cust100264,kotak,current,2025-05-22,active,VALID
devin8668@upi,cust103384,icici,credit_card_linked,2021-10-12,active,VALID
heather3768@upi,cust109455,kotak,credit_card_linked,2024-12-17,active,VALID
timothy2303@upi,cust108289,sbi,credit_card_linked,2024-09-05,active,VALID
ms.5315@upi,cust103768,sbi,credit_card_linked,2025-06-04,active,VALID
michael9910@upi,cust107701,axis,credit_card_linked,2025-02-03,active,VALID
regina6209@upi,cust104653,kotak,current,2025-03-15,active,VALID
alison6296@upi,cust101175,sbi,credit_card_linked,2024-06-13,active,VALID
nicole1024@upi,cust103623,axis,savings,2025-07-21,active,VALID
brenda7100@upi,cust105516,kotak,credit_card_linked,2021-05-10,active,VALID
todd2031@upi,cust108970,axis,current,2025-05-05,active,VALID
ann8109@upi,cust109319,kotak,current,2021-08-10,active,VALID
william6371@upi,cust100849,sbi,current,2025-07-31,suspended,VALID
john6597@upi,cust107159,icici,current,2025-05-14,active,VALID
mrs.1920@upi,cust107631,icici,current,2024-08-24,active,VALID
richard3095@upi,cust108125,kotak,savings,2023-08-05,active,VALID
andrew8610@upi,cust102038,sbi,current,2025-06-29,active,VALID
travis4454@upi,cust106460,kotak,current,2023-09-19,active,VALID
todd8115@upi,cust100012,kotak,savings,2024-08-31,active,VALID
oscar5842@upi,cust104707,sbi,credit_card_linked,2023-08-22,active,VALID
susan7666@upi,cust104316,kotak,current,2024-11-18,active,VALID
wesley6514@upi,cust109215,pnb,savings,2025-04-11,active,VALID
scott7227@upi,cust104245,pnb,credit_card_linked,2020-11-08,active,VALID
justin8869@upi,cust100011,sbi,current,2024-10-18,active,VALID
cynthia6837@upi,cust104049,icici,current,2025-05-13,active,VALID
jennifer4952@upi,cust102041,icici,current,2025-03-27,active,VALID
angela8616@upi,cust101545,hdfc,credit_card_linked,2023-02-19,active,VALID
mr.2386@upi,cust105886,icici,credit_card_linked,2025-06-18,active,VALID
kevin7195@upi,cust106579,kotak,credit_card_linked,2021-08-14,active,VALID
paul8525@upi,cust101014,axis,current,2025-01-02,active,VALID
james2749@upi,cust105419,axis,current,2023-02-22,active,VALID
john8723@upi,cust102213,pnb,credit_card_linked,2023-02-20,active,VALID
connor6524@upi,cust109213,hdfc,savings,2023-08-24,active,VALID
christopher1759@upi,cust108810,sbi,savings,2024-04-13,active,VALID
carol3761@upi,cust108680,kotak,savings,2023-01-15,active,VALID
julie5910@upi,cust102113,kotak,current,2022-02-08,active,VALID
allison5358@upi,cust107932,hdfc,credit_card_linked,2023-09-14,active,VALID
christopher2038@upi,cust100842,icici,credit_card_linked,2024-12-13,active,VALID
darryl9001@upi,cust104222,kotak,savings,2024-10-22,active,VALID
sarah2995@upi,cust101035,kotak,credit_card_linked,2023-12-17,active,VALID
cynthia8090@upi,cust105146,hdfc,credit_card_linked,2022-12-07,active,VALID
jeremy5776@upi,cust109936,pnb,savings,2023-11-04,active,VALID
joshua9772@upi,cust103647,hdfc,credit_card_linked,2024-12-07,active,VALID
jonathan8735@upi,cust108766,axis,credit_card_linked,2023-08-02,active,VALID
duane9077@upi,cust100596,hdfc,current,2024-11-27,active,VALID
david9807@upi,cust104292,kotak,current,2021-09-16,active,VALID
brandon8401@upi,cust102000,kotak,credit_card_linked,2025-04-28,active,VALID
eduardo4642@upi,cust101520,sbi,current,2024-05-12,active,VALID
savannah1808@upi,cust108648,pnb,credit_card_linked,2024-06-10,active,VALID
christopher6822@upi,cust103280,hdfc,credit_card_linked,2024-07-13,active,VALID
michael6933@upi,cust105356,hdfc,savings,2024-11-30,active,VALID
ariana2960@upi,cust101670,axis,credit_card_linked,2023-02-11,active,VALID
donald2507@upi,cust106959,axis,current,2023-05-20,active,VALID
taylor7390@upi,cust107643,pnb,savings,2024-10-09,active,VALID
rhonda3414@upi,cust109783,sbi,credit_card_linked,2024-12-04,active,VALID
stephanie3451@upi,cust104263,kotak,current,2024-07-31,active,VALID
joshua1186@upi,cust107781,axis,savings,2025-07-21,active,VALID
jamie3770@upi,cust101919,sbi,current,2024-04-28,active,VALID
sarah3863@upi,cust100719,axis,credit_card_linked,2022-07-01,active,VALID
cristian3961@upi,cust109343,kotak,credit_card_linked,2024-02-09,active,VALID
brandon6517@upi,cust105672,kotak,savings,2024-10-24,active,VALID
sandra9617@upi,cust109491,kotak,credit_card_linked,2023-10-01,active,VALID
joann2912@upi,cust101606,axis,current,2025-02-13,active,VALID
bianca5778@upi,cust102716,axis,credit_card_linked,2024-12-12,active,VALID
zachary3670@upi,cust108941,kotak,credit_card_linked,2023-12-25,blocked,VALID
monique7801@upi,cust105771,icici,savings,2023-10-31,active,VALID
donald6087@upi,cust100610,sbi,credit_card_linked,2025-06-16,active,VALID
leah4917@upi,cust106597,hdfc,credit_card_linked,2022-03-05,active,VALID
shawn9710@upi,cust109733,axis,savings,2024-10-20,active,VALID
amanda9461@upi,cust102212,icici,credit_card_linked,2021-02-22,active,VALID
joseph8871@upi,cust103615,hdfc,current,2023-05-24,active,VALID
mr.6105@upi,cust107392,kotak,current,2024-01-08,active,VALID
michael5357@upi,cust109580,kotak,savings,2024-09-21,active,VALID
jose2635@upi,cust100340,kotak,savings,2025-03-03,active,VALID
michelle3429@upi,cust106199,hdfc,credit_card_linked,2022-12-05,active,VALID
eric8627@upi,cust104577,sbi,credit_card_linked,2022-03-10,active,VALID
sarah2467@upi,cust103000,kotak,savings,2025-07-05,active,VALID
paige4801@upi,cust107887,sbi,savings,2025-03-27,active,VALID
daniel2788@upi,cust109590,kotak,savings,2023-11-22,active,VALID
vincent8559@upi,cust104320,sbi,current,2023-06-22,active,VALID
jeffrey7822@upi,cust104683,pnb,savings,2025-01-15,active,VALID
glenn2720@upi,cust107288,pnb,credit_card_linked,2025-04-06,suspended,VALID
michael2574@upi,cust105779,kotak,current,2025-03-12,active,VALID
linda5443@upi,cust102005,hdfc,current,2025-06-24,active,VALID
amanda2718@upi,cust109038,pnb,credit_card_linked,2022-07-02,active,VALID
james6884@upi,cust109906,kotak,savings,2025-07-26,active,VALID
heather7353@upi,cust103441,hdfc,savings,2023-01-31,active,VALID
anthony6493@upi,cust105756,kotak,savings,2025-05-31,active,VALID
kaitlyn3071@upi,cust109950,icici,savings,2025-07-03,active,VALID
stefanie9972@upi,cust107130,pnb,savings,2025-06-20,active,VALID
janice1016@upi,cust104291,sbi,savings,2024-09-27,active,VALID
lisa1060@upi,cust108697,icici,credit_card_linked,2023-07-26,active,VALID
nichole3250@upi,cust103443,sbi,current,2025-05-16,active,VALID
jessica8075@upi,cust104353,kotak,credit_card_linked,2024-04-11,active,VALID
chelsea1379@upi,cust108106,kotak,credit_card_linked,2024-07-09,suspended,VALID
logan9110@upi,cust100744,pnb,current,2024-11-05,active,VALID
kayla9139@upi,cust102765,icici,current,2025-03-07,blocked,VALID
brandy4901@upi,cust104637,hdfc,current,2025-03-26,active,VALID
craig9810@upi,cust105326,kotak,credit_card_linked,2025-05-16,active,VALID
tara6466@upi,cust109306,sbi,current,2025-04-03,active,VALID
ryan3109@upi,cust109045,sbi,credit_card_linked,2022-10-08,active,VALID
amanda6745@upi,cust101961,icici,credit_card_linked,2024-12-28,active,VALID
sandra3132@upi,cust103369,sbi,current,2024-04-12,active,VALID
daniel1442@upi,cust108736,axis,credit_card_linked,2024-08-13,active,VALID
sarah9546@upi,cust108169,icici,savings,2024-06-11,suspended,VALID
gwendolyn5082@upi,cust106496,axis,savings,2024-03-02,active,VALID
arthur6112@upi,cust101157,icici,savings,2025-06-23,active,VALID
adam5985@upi,cust109465,hdfc,current,2025-05-01,active,VALID
mary3723@upi,cust104083,kotak,savings,2023-08-02,active,VALID
michael3078@upi,cust105719,pnb,current,2025-06-09,active,VALID
maria7767@upi,cust104556,sbi,current,2023-03-10,active,VALID
james1560@upi,cust102548,sbi,current,2024-01-22,active,VALID
raymond6856@upi,cust107451,axis,savings,2025-08-01,active,VALID
claire8679@upi,cust100516,sbi,current,2025-08-05,active,VALID
claudia5425@upi,cust100809,hdfc,savings,2025-05-26,active,VALID
sherri9902@upi,cust101588,pnb,credit_card_linked,2022-01-05,active,VALID
timothy8038@upi,cust104472,icici,current,2024-09-08,active,VALID
leroy4976@upi,cust101769,hdfc,current,2024-06-16,active,VALID
jodi6628@upi,cust108609,axis,credit_card_linked,2024-06-04,blocked,VALID
mike1758@upi,cust106685,icici,current,2025-07-21,active,VALID
james2357@upi,cust104521,pnb,current,2024-08-02,active,VALID
christopher9313@upi,cust102546,icici,savings,2021-07-05,active,VALID
david5176@upi,cust101104,axis,credit_card_linked,2025-05-14,active,VALID
zachary2762@upi,cust101326,icici,savings,2023-08-02,active,VALID
scott7261@upi,cust102456,axis,credit_card_linked,2023-07-21,active,VALID
emily5441@upi,cust101776,sbi,current,2025-07-07,active,VALID
bonnie6639@upi,cust100476,hdfc,savings,2025-06-10,active,VALID
jamie7376@upi,cust106903,icici,credit_card_linked,2022-10-27,active,VALID
sue5201@upi,cust107470,hdfc,savings,2024-06-10,active,VALID
ashley2314@upi,cust104257,icici,credit_card_linked,2022-04-17,active,VALID
renee9553@upi,cust101599,pnb,current,2023-03-26,active,VALID
theresa6925@upi,cust107107,axis,credit_card_linked,2022-09-13,active,VALID
philip1057@upi,cust104193,hdfc,current,2025-06-26,active,VALID
angela1178@upi,cust104164,sbi,credit_card_linked,2023-09-29,active,VALID
crystal4842@upi,cust104143,kotak,current,2025-04-22,active,VALID
kimberly3635@upi,cust104366,sbi,credit_card_linked,2024-12-25,active,VALID
evan8020@upi,cust100018,kotak,current,2023-06-06,active,VALID
pamela7784@upi,cust101123,icici,credit_card_linked,2024-03-19,active,VALID
tina5311@upi,cust100104,sbi,credit_card_linked,2022-10-24,active,VALID
wendy3147@upi,cust108149,axis,savings,2023-09-04,active,VALID
hannah8001@upi,cust109720,kotak,savings,2024-01-19,active,VALID
sue5484@upi,cust101932,hdfc,current,2023-12-29,active,VALID
dakota4317@upi,cust104072,axis,current,2022-08-09,active,VALID
christina5407@upi,cust101192,axis,savings,2023-12-20,active,VALID
katie8053@upi,cust102523,pnb,savings,2025-07-24,active,VALID
robin3671@upi,cust108157,kotak,savings,2023-09-23,active,VALID
brianna1236@upi,cust102692,sbi,credit_card_linked,2022-11-24,active,VALID
amber8711@upi,cust100711,pnb,savings,2025-03-20,active,VALID
linda7771@upi,cust101952,sbi,current,2024-02-13,suspended,VALID
joshua4947@upi,cust107044,sbi,credit_card_linked,2023-11-26,active,VALID
ian8386@upi,cust100881,axis,current,2024-07-27,active,VALID
sean3754@upi,cust105038,hdfc,savings,2025-06-28,active,VALID
jesse5587@upi,cust104777,sbi,credit_card_linked,2023-03-22,active,VALID
billy1781@upi,cust107202,kotak,credit_card_linked,2024-12-10,active,VALID
michael1874@upi,cust100366,pnb,credit_card_linked,2023-03-16,active,VALID
christian3974@upi,cust109238,kotak,credit_card_linked,2023-02-22,active,VALID
jason4737@upi,cust109441,pnb,current,2024-10-28,active,VALID
nicholas8065@upi,cust102176,axis,current,2024-06-27,active,VALID
alison4940@upi,cust102613,kotak,savings,2025-02-25,active,VALID
christina2495@upi,cust107719,axis,credit_card_linked,2022-09-12,active,VALID
david2252@upi,cust103875,axis,credit_card_linked,2024-06-21,active,VALID
jesse7494@upi,cust109545,kotak,credit_card_linked,2025-07-03,active,VALID
barbara9942@upi,cust107821,axis,savings,2025-06-25,suspended,VALID
carl8069@upi,cust104918,axis,credit_card_linked,2025-03-12,active,VALID
shane8293@upi,cust106132,icici,current,2025-08-04,active,VALID
madison4309@upi,cust101089,hdfc,credit_card_linked,2025-06-24,active,VALID
michael4200@upi,cust109527,icici,credit_card_linked,2023-07-20,active,VALID
jennifer6004@upi,cust103561,pnb,savings,2024-12-15,active,VALID
andrew1615@upi,cust100155,axis,current,2022-08-06,active,VALID
victoria6808@upi,cust100033,hdfc,credit_card_linked,2025-07-15,active,VALID
jacob6342@upi,cust109336,sbi,current,2024-02-07,active,VALID
brent7663@upi,cust109454,kotak,savings,2023-02-27,active,VALID
melissa7745@upi,cust108486,sbi,credit_card_linked,2024-05-12,active,VALID
kyle4800@upi,cust107953,icici,current,2022-12-09,active,VALID
tony1528@upi,cust103696,icici,current,2025-04-10,active,VALID
samuel4466@upi,cust108630,icici,savings,2024-05-30,active,VALID
roger8123@upi,cust103800,kotak,savings,2025-03-14,blocked,VALID
jose7585@upi,cust104549,icici,savings,2024-08-27,active,VALID
lori6071@upi,cust104253,pnb,credit_card_linked,2022-02-14,blocked,VALID
kevin8156@upi,cust108961,kotak,current,2025-02-16,active,VALID
lindsey3338@upi,cust108313,icici,savings,2025-01-07,active,VALID
whitney1738@upi,cust108383,kotak,savings,2025-01-11,active,VALID
julie9992@upi,cust101963,pnb,savings,2025-01-16,active,VALID
melissa2352@upi,cust100549,kotak,current,2024-10-12,active,VALID
tracy3334@upi,cust107427,sbi,credit_card_linked,2022-12-25,active,VALID
charles2401@upi,cust103869,kotak,current,2024-01-18,active,VALID
steven3197@upi,cust107969,sbi,savings,2024-09-25,active,VALID
peter9970@upi,cust100220,pnb,credit_card_linked,2021-06-11,active,VALID
matthew7757@upi,cust103684,hdfc,savings,2024-12-12,active,VALID
alex5923@upi,cust104402,hdfc,credit_card_linked,2024-06-06,active,VALID
mary6937@upi,cust102533,axis,current,2025-06-21,active,VALID
johnny8496@upi,cust106373,kotak,current,2025-06-28,active,VALID
david3872@upi,cust105107,kotak,credit_card_linked,2021-05-11,active,VALID
karen6219@upi,cust105981,pnb,savings,2024-08-29,active,VALID
kelli7908@upi,cust103373,kotak,savings,2022-06-17,blocked,VALID
michele5240@upi,cust107374,icici,savings,2024-02-04,active,VALID
kim1763@upi,cust105773,hdfc,credit_card_linked,2024-12-19,active,VALID
sean3505@upi,cust101519,icici,credit_card_linked,2021-09-12,active,VALID
michael2496@upi,cust108071,sbi,current,2024-09-23,active,VALID
amanda6131@upi,cust108612,axis,savings,2025-06-02,active,VALID
mary5588@upi,cust102294,sbi,savings,2024-02-06,active,VALID
stephen1582@upi,cust100099,sbi,savings,2023-11-21,active,VALID
victoria9259@upi,cust100417,axis,credit_card_linked,2023-01-11,active,VALID
craig8961@upi,cust106446,icici,current,2022-12-05,active,VALID
mike9514@upi,cust106723,pnb,current,2024-11-18,active,VALID
cristian1858@upi,cust109343,hdfc,current,2025-04-29,active,VALID
latoya1280@upi,cust109897,kotak,credit_card_linked,2022-08-04,suspended,VALID
manuel6548@upi,cust106905,hdfc,savings,2025-02-09,active,VALID
nicolas3215@upi,cust103617,sbi,savings,2025-05-11,active,VALID
joseph4757@upi,cust101936,sbi,current,2023-04-15,active,VALID
cristian1171@upi,cust109343,icici,savings,2025-02-06,active,VALID
michael7148@upi,cust107149,axis,credit_card_linked,2024-08-03,active,VALID
francisco4017@upi,cust109579,pnb,current,2023-09-21,active,VALID
christopher1165@upi,cust100992,sbi,savings,2025-07-16,active,VALID
michelle2440@upi,cust103165,hdfc,current,2025-06-15,active,VALID
joshua8805@upi,cust108949,kotak,savings,2023-04-17,active,VALID
suzanne8223@upi,cust100895,pnb,current,2025-07-03,active,VALID
misty4624@upi,cust108534,icici,savings,2024-02-25,active,VALID
thomas3919@upi,cust100631,hdfc,current,2025-06-22,active,VALID
debbie1024@upi,cust102655,icici,credit_card_linked,2025-03-26,active,VALID
allison8533@upi,cust103477,icici,savings,2022-06-23,active,VALID
joseph7753@upi,cust106070,hdfc,savings,2025-05-02,active,VALID
edward3342@upi,cust104409,axis,current,2025-07-03,active,VALID
jonathon2856@upi,cust103411,axis,current,2024-08-12,active,VALID
neil2387@upi,cust104655,axis,current,2022-12-23,active,VALID
tyler4996@upi,cust101620,hdfc,credit_card_linked,2021-08-30,active,VALID
megan5129@upi,cust102749,pnb,current,2024-02-20,active,VALID
bonnie1237@upi,cust103499,hdfc,credit_card_linked,2025-06-01,blocked,VALID
kelsey1739@upi,cust104790,icici,credit_card_linked,2025-01-17,active,VALID
nicole3164@upi,cust101448,hdfc,credit_card_linked,2022-01-29,active,VALID
rachael4901@upi,cust100697,pnb,credit_card_linked,2024-11-18,active,VALID
joshua5665@upi,cust102979,sbi,credit_card_linked,2022-01-09,active,VALID
valerie4744@upi,cust100545,hdfc,credit_card_linked,2025-06-26,active,VALID
kathryn4105@upi,cust101372,hdfc,credit_card_linked,2023-12-15,active,VALID
lisa7874@upi,cust102907,hdfc,current,2023-12-05,suspended,VALID
brandon4155@upi,cust100948,axis,credit_card_linked,2024-02-10,active,VALID
jennifer9229@upi,cust103247,pnb,current,2025-06-17,active,VALID
angela9562@upi,cust104620,icici,savings,2023-05-21,active,VALID
terry3497@upi,cust104413,pnb,savings,2023-06-18,active,VALID
joel7654@upi,cust102001,icici,credit_card_linked,2022-08-31,active,VALID
david4026@upi,cust103539,icici,savings,2025-01-08,active,VALID
charles6654@upi,cust102779,hdfc,credit_card_linked,2023-12-21,active,VALID
kevin4066@upi,cust108127,axis,current,2025-08-02,active,VALID
julian6299@upi,cust100006,pnb,savings,2024-09-13,active,VALID
tommy5467@upi,cust106600,hdfc,savings,2025-06-12,active,VALID
samantha1069@upi,cust108679,kotak,credit_card_linked,2023-10-12,active,VALID
johnny5890@upi,cust101040,axis,credit_card_linked,2024-08-30,active,VALID
paige3368@upi,cust102156,kotak,credit_card_linked,2022-04-28,active,VALID
erica3763@upi,cust106432,sbi,savings,2025-07-27,active,VALID
yesenia8838@upi,cust105335,kotak,current,2025-02-24,active,VALID
ashley6553@upi,cust109984,kotak,current,2024-03-19,active,VALID
kevin4807@upi,cust106838,icici,credit_card_linked,2025-05-28,active,VALID
victoria4645@upi,cust104568,axis,savings,2024-09-23,active,VALID
toni1884@upi,cust100582,hdfc,savings,2024-07-27,active,VALID
mary5506@upi,cust108521,pnb,current,2024-07-25,active,VALID
adam4799@upi,cust106281,pnb,savings,2021-11-01,active,VALID
james8832@upi,cust106765,sbi,savings,2025-07-14,active,VALID
david1503@upi,cust102558,kotak,current,2024-12-31,active,VALID
todd7093@upi,cust102721,axis,credit_card_linked,2023-06-26,active,VALID
warren4833@upi,cust103835,kotak,current,2023-10-26,active,VALID
ashley3716@upi,cust104159,pnb,savings,2024-09-12,active,VALID
eddie7578@upi,cust104722,pnb,savings,2023-01-19,active,VALID
antonio4049@upi,cust106505,pnb,credit_card_linked,2024-06-18,active,VALID
emily5724@upi,cust103318,sbi,credit_card_linked,2021-08-01,active,VALID
madison1016@upi,cust107720,pnb,current,2024-10-19,active,VALID
maria9188@upi,cust102881,hdfc,savings,2025-07-08,active,VALID
kristopher8039@upi,cust107519,sbi,credit_card_linked,2025-02-15,blocked,VALID
tamara1586@upi,cust104161,kotak,current,2024-07-13,active,VALID
eric8699@upi,cust103291,axis,savings,2025-02-19,active,VALID
michael9181@upi,cust106821,pnb,current,2025-07-22,active,VALID
raymond4098@upi,cust102878,hdfc,credit_card_linked,2024-09-30,active,VALID
sandra5261@upi,cust105542,axis,savings,2025-06-01,active,VALID
amy9368@upi,cust103525,kotak,savings,2025-03-12,active,VALID
alicia8184@upi,cust101514,axis,credit_card_linked,2022-10-18,blocked,VALID
jason7937@upi,cust101025,kotak,savings,2021-10-21,active,VALID
christopher6977@upi,cust100972,icici,savings,2024-09-29,active,VALID
sara6158@upi,cust101102,axis,credit_card_linked,2023-09-30,suspended,VALID
william4798@upi,cust101119,sbi,savings,2023-11-22,active,VALID
paige5182@upi,cust108087,icici,credit_card_linked,2023-02-05,active,VALID
amanda2631@upi,cust100880,icici,current,2024-12-21,active,VALID
anthony8438@upi,cust108380,pnb,savings,2024-06-01,active,VALID
diana5098@upi,cust103744,icici,credit_card_linked,2024-06-13,active,VALID